0.0001,0,0,-7.9994,6.8878
0.0008,0.0573,5,-7.9956,6.8888
0.002,0.1284,7.737,-7.9867,6.8913
0.0039,0.2038,7.809,-7.9715,6.8953
0.0067,0.2815,7.9469,-7.9487,6.9009
0.0104,0.3613,7.8497,-7.9178,6.9085
0.0147,0.4412,8.1437,-7.8792,6.9174
0.0199,0.5208,7.8941,-7.8332,6.9282
0.026,0.6013,8.0146,-7.779,6.9407
0.0327,0.6808,8.0836,-7.718,6.9546
0.0403,0.7602,7.9261,-7.6496,6.9704
0.0487,0.8404,8.0053,-7.5732,6.988
0.0579,0.9204,8.0035,-7.4895,7.0073
0.0679,1.0004,8.0022,-7.3986,7.0283
0.0787,1.0804,8.0012,-7.3004,7.0511
0.0903,1.1603,8.0005,-7.1952,7.0757
0.1027,1.2403,7.9999,-7.0828,7.1022
0.1159,1.3202,7.9994,-6.9635,7.1305
0.1299,1.4002,7.999,-6.8373,7.1607
0.1447,1.4802,7.9986,-6.7043,7.1928
0.1603,1.5602,7.9983,-6.5645,7.2269
0.1767,1.6403,7.998,-6.4182,7.2631
0.194,1.7204,7.9978,-6.2653,7.3012
0.2119,1.8003,8.0265,-6.1065,7.3412
0.2307,1.8802,7.9674,-5.9415,7.3836
0.2503,1.9602,8.0238,-5.7702,7.4279
0.2707,2.0401,7.9949,-5.5935,7.4744
0.2919,2.12,7.995,-5.4107,7.5232
0.3139,2.2001,7.9949,-5.2221,7.5744
0.3368,2.2802,7.9949,-5.0278,7.628
0.3603,2.3602,8.0172,-4.8284,7.6837
0.3847,2.4402,7.9934,-4.6241,7.742
0.41,2.5202,7.9935,-4.4145,7.8028
0.4359,2.6002,8.0139,-4.2003,7.866
0.4627,2.6801,7.9924,-3.9815,7.9319
0.4904,2.7602,7.9925,-3.7578,8.0006
0.5187,2.8403,8.0113,-3.5299,8.0719
0.548,2.9203,7.9916,-3.2979,8.1461
0.5779,3.0003,8.0096,-3.062,8.223
0.6088,3.0803,7.9909,-2.8222,8.303
0.6404,3.1603,8.0081,-2.5788,8.3859
0.6727,3.2401,8.007,-2.3324,8.4717
0.7059,3.32,7.9897,-2.0826,8.5609
0.74,3.4001,7.9899,-1.8291,8.6536
0.7748,3.4803,8.0056,-1.5725,8.7495
0.8104,3.5603,8.0048,-1.3135,8.8488
0.8468,3.6403,8.004,-1.0522,8.9514
0.8839,3.7202,8.0033,-0.7888,9.0575
0.9219,3.8001,7.9882,-0.5229,9.1677
0.9608,3.8802,8.0025,-0.2547,9.2816
1.0004,3.9602,8.0019,0.0152,9.3993
1.0408,4.0402,8.0013,0.2867,9.521
1.082,4.1202,8.0008,0.5596,9.6468
1.1239,4.2002,8.0003,0.8338,9.7769
1.1667,4.2801,7.9999,1.1091,9.9113
1.2103,4.3601,7.9994,1.3855,10.0501
1.2547,4.4401,7.999,1.6627,10.1936
1.2999,4.5201,7.9987,1.9407,10.3419
1.346,4.6001,7.9983,2.2192,10.4951
1.3928,4.6802,7.998,2.4983,10.6534
1.4404,4.7602,8.0096,2.7772,10.8165
1.4887,4.8402,7.9971,3.056,10.985
1.538,4.9202,7.9968,3.3348,11.1592
1.5879,4.9901,6.9913,3.6133,11.3385
1.6378,5,0.9937,3.8888,11.5208
1.6878,5,0,4.1599,11.7063
1.7379,5,0,4.4266,11.8947
1.7878,5,0,4.6886,12.086
1.8378,5,0,4.9459,12.2802
1.8879,5,0,5.1991,12.4781
1.9378,5,0,5.4479,12.6784
1.9879,5,0,5.6922,12.8823
2.0379,5,0,5.9326,13.0893
2.0879,5,0,6.1687,13.2995
2.1378,5,0,6.4007,13.5128
2.1879,5,0,6.6289,13.7301
2.2379,5,0,6.8533,13.9507
2.2879,5,0,7.0738,14.1746
2.3378,5,0,7.2904,14.4018
2.3878,5,0,7.5035,14.6333
2.4378,5,0,7.713,14.8684
2.4878,5,0,7.9189,15.1068
2.5378,5,0,8.1214,15.3499
2.5878,5,0,8.3205,15.5965
2.6379,5,0,8.5164,15.8477
2.6878,5,0,8.7088,16.1023
2.7378,5,0,8.8978,16.3615
2.7879,5,0,9.0839,16.6253
2.8379,5,0,9.2669,16.8935
2.8879,5,0,9.4466,17.1658
2.9379,5,0,9.6234,17.4435
2.9879,5,0,9.7972,17.7259
3.0379,5,0,9.9681,18.0131
3.0879,5,0,10.1362,18.3054
3.1378,5,0,10.3011,18.6022
3.1878,5,0,10.4634,18.9052
3.2379,5,0,10.6231,19.2141
3.2879,5,0,10.7801,19.5285
3.3378,5,0,10.9343,19.8479
3.3878,5,0,11.0858,20.1739
3.4379,5,0,11.2349,20.5067
3.4878,5,0,11.3815,20.8457
3.5379,5,0,11.5256,21.1909
3.5878,5,0,11.6672,21.5428
3.6378,5,0,11.8063,21.9031
3.6879,5,0,11.9433,22.2702
3.7379,5,0,12.0778,22.6446
3.7878,5,0,12.2097,23.0264
3.8379,5,0,12.3395,23.4169
3.8879,5,0,12.4672,23.8169
3.9378,5,0,12.5924,24.2229
3.9879,5,0,12.7156,24.641
4.0379,5,0,12.8367,25.0682
4.0878,5,0,12.9554,25.503
4.1379,5,0,13.0721,25.9514
4.1879,5,0,13.1869,26.4086
4.2378,5,0,13.2993,26.8762
4.2879,5,0,13.4098,27.3566
4.3378,5,-0.0001,13.5183,27.849
4.3878,5,-0.0001,13.6249,28.3536
4.4379,5,-0.0001,13.7295,28.872
4.4878,5,-0.0001,13.8321,29.4044
4.5379,5,-0.0001,13.9328,29.9513
4.5879,5,-0.0001,14.0317,30.5144
4.6379,5,-0.0001,14.1287,31.0915
4.6878,5,-0.0001,14.2237,31.6855
4.7379,5,-0.0001,14.3169,32.2991
4.7879,5,-0.0001,14.4083,32.9294
4.8378,5,-0.0001,14.4979,33.5786
4.8878,5,-0.0001,14.5857,34.2514
4.9379,5,-0.0001,14.6717,34.9448
4.9879,5,-0.0001,14.7561,35.6617
5.0378,5,-0.0001,14.8386,36.4007
5.0879,5,-0.0001,14.9194,37.1676
5.1378,5,-0.0001,14.9985,37.9612
5.1879,5,-0.0001,15.076,38.7855
5.2379,5,-0.0001,15.1518,39.6393
5.2879,5,-0.0001,15.2258,40.5236
5.3378,5,-0.0001,15.2982,41.4434
5.3878,5,-0.0001,15.3689,42.4044
5.4378,5,-0.0001,15.438,43.4015
5.4878,5,-0.0001,15.5055,44.4448
5.5378,5,-0.0001,15.5714,45.5282
5.5878,5,-0.0001,15.6356,46.6687
5.6378,5,-0.0001,15.6983,47.8604
5.6878,5,-0.0001,15.7594,49.1061
5.7378,5,-0.0001,15.8189,50.4158
5.7878,5,-0.0001,15.8768,51.7945
5.8379,5,-0.0001,15.9332,53.2476
5.8879,5,-0.0001,15.9881,54.7731
5.9379,5,-0.0001,16.0413,56.3938
5.9878,5,-0.0001,16.0929,58.0996
6.0379,5,-0.0001,16.1431,59.9179
6.0878,5,-0.0001,16.1917,61.8371
6.1379,5,-0.0001,16.2387,63.904
6.1879,5,-0.0001,16.2843,66.094
6.2379,5,-0.0001,16.3283,68.4491
6.2879,5,-0.0001,16.3707,70.9714
6.3379,5,-0.0001,16.4116,73.6787
6.3878,5,-0.0001,16.451,76.5908
6.4379,5,-0.0001,16.4889,79.7837
6.4879,5,-0.0001,16.5253,83.2445
6.5378,5,-0.0001,16.56,87.0069
6.5879,5,-0.0001,16.5933,91.1891
6.6379,5,-0.0001,16.6251,95.7351
6.6879,5,-0.0001,16.6553,100.845
6.7379,5,-0.0001,16.684,106.4499
6.7879,5,-0.0001,16.7112,112.8364
6.8379,5,-0.0001,16.7368,120.0143
6.8879,5,-0.0001,16.7608,128.1302
6.9379,5,-0.0001,16.7833,137.7939
6.9879,5,-0.0001,16.8043,148.6658
7.0379,5,-0.0001,16.8237,161.5336
7.0879,5,-0.0001,16.8415,177.3449
7.1379,5,-0.0001,16.8577,196.5529
7.1879,5,-0.0001,16.8724,220.3321
7.2379,5,-0.0001,16.8854,251.3204
7.2878,5,-0.0001,16.8969,292.3056
7.3379,5,-0.0001,16.9067,348.7605
7.3878,5,-0.0001,16.915,435.2316
7.4379,5,-0.0001,16.9215,577.4197
7.4878,5,-0.0001,16.9265,885.3596
7.5379,5,-0.0001,16.9298,1690.7955
7.5879,5,-0.0001,16.9314,Infinity
7.6378,5,-0.0001,16.9313,1683.1872
7.6878,5,-0.0001,16.9295,840.0938
7.7379,5,-0.0001,16.926,548.9709
7.7878,5,-0.0001,16.9207,410.0344
7.8379,5,-0.0001,16.9137,327.6444
7.8879,5,-0.0001,16.9049,271.6655
7.9379,5,-0.0001,16.8944,231.4753
7.9878,5,-0.0001,16.882,202.3283
8.0378,5,-0.0001,16.8678,179.3276
8.0879,5,-0.0001,16.8517,160.2826
8.1378,5,-0.0001,16.8337,145.1799
8.1879,5,-0.0001,16.8138,132.2696
8.2379,5,-0.0001,16.792,121.52
8.2879,5,-0.0001,16.7682,112.1481
8.3379,5,-0.0001,16.7424,104.0138
8.3879,5,-0.0001,16.7147,97.0108
8.4378,5,-0.0001,16.6848,90.7194
8.4879,5,-0.0001,16.6529,85.0994
8.5379,5,-0.0001,16.6188,80.0923
8.5878,5,-0.0001,16.5827,75.6043
8.6378,5,-0.0001,16.5443,71.4875
8.6879,5,-0.0001,16.5037,67.7511
8.7378,5,-0.0001,16.4608,64.3474
8.7879,5,-0.0001,16.4156,61.2043
8.8379,5,-0.0001,16.368,58.3132
8.8878,5,-0.0001,16.3181,55.6351
8.9378,5,-0.0001,16.2657,53.141
8.9878,5,-0.0001,16.2108,50.834
9.0379,5,-0.0001,16.1533,48.6631
9.0879,5,-0.0001,16.0932,46.6295
9.1379,5,-0.0001,16.0305,44.7353
9.1878,5,-0.0001,15.9651,42.9508
9.2379,5,-0.0001,15.8968,41.2641
9.2878,5,-0.0001,15.8258,39.6799
9.3378,5,-0.0001,15.7518,38.1775
9.3878,5,-0.0001,15.6748,36.7502
9.4378,5,-0.0001,15.5948,35.4044
9.4879,4.9999,-0.0001,15.5116,34.1165
9.5378,4.9999,-0.0001,15.4252,32.9023
9.5878,4.9999,-0.0001,15.3356,31.7387
9.6379,4.9999,-0.0001,15.2424,30.6272
9.6879,4.9999,-0.0001,15.1457,29.5665
9.7379,4.9999,-0.0001,15.0456,28.5529
9.7878,4.9999,-0.0001,14.9419,27.5832
9.8378,4.9999,-0.0001,14.8344,26.654
9.8878,4.9999,-0.0001,14.7228,25.763
9.9378,4.9999,-0.0001,14.6073,24.9059
9.9878,4.9999,-0.0001,14.4877,24.0819
10.0379,4.9999,-0.0001,14.3636,23.2896
10.0879,4.9999,-0.0001,14.2353,22.5278
10.1378,4.9999,-0.0001,14.1026,21.7952
10.1878,4.9999,-0.0001,13.9652,21.0874
10.2378,4.9999,-0.0001,13.8229,20.4046
10.2879,4.9999,-0.0001,13.6755,19.7447
10.3378,4.9999,-0.0001,13.5228,19.1091
10.3878,4.9999,-0.0001,13.3651,18.4933
10.4378,4.9999,-0.0001,13.2017,17.8993
10.4878,4.9999,-0.0001,13.0327,17.3242
10.5379,4.9999,-0.0001,12.8575,16.7662
10.5878,4.9999,-0.0001,12.6762,16.228
10.6378,4.9999,-0.0001,12.4886,15.705
10.6878,4.9999,-0.0001,12.2943,15.1985
10.7378,4.9999,-0.0001,12.0931,14.7081
10.7878,4.9999,-0.0001,11.8848,14.2316
10.8378,4.9999,-0.0001,11.6689,13.7702
10.8878,4.9999,-0.0001,11.4453,13.3217
10.9378,4.9999,-0.0001,11.2136,12.887
10.9879,4.9999,-0.0001,10.9733,12.4636
11.0378,4.9999,-0.0001,10.7243,12.0543
11.0878,4.9999,-0.0001,10.4662,11.6555
11.1378,4.9999,-0.0001,10.1982,11.268
11.1878,4.9999,-0.0001,9.9204,10.8925
11.2378,4.9999,-0.0001,9.6321,10.5267
11.2878,4.9999,-0.0001,9.3326,10.1716
11.3379,4.9999,-0.0001,9.0214,9.8257
11.3878,4.9999,-0.0001,8.6983,9.4908
11.4378,4.9999,-0.0001,8.3628,9.1648
11.4878,4.9999,-0.0001,8.0136,8.8476
11.5378,4.9999,-0.0001,7.6502,8.5393
11.5878,4.9999,-0.0001,7.2722,8.2403
11.6377,4.9999,-0.0001,6.879,7.9496
11.6878,4.9999,-0.0001,6.469,7.6668
11.7377,4.9999,-0.0001,6.0419,7.3927
11.7877,4.9999,-0.0001,5.5969,7.1262
11.8378,4.9999,-0.0001,5.1321,6.8673
11.8878,4.9999,-0.0001,4.6469,6.6163
11.9378,4.9999,-0.0001,4.1405,6.3727
11.9878,4.9999,-0.0001,3.6111,6.1365
12.0378,4.9999,-0.0001,3.0577,5.9076
12.0878,4.9999,-0.0001,2.4788,5.6859
12.1378,4.9999,-0.0001,1.8727,5.4711
12.1878,4.9999,-0.0001,1.2377,5.2635
12.2378,4.9999,-0.0001,0.5724,5.0626
12.2878,4.9999,-0.0001,-0.1255,4.8686
12.3378,4.9999,-0.0001,-0.8587,4.6811
12.3877,4.9999,-0.0001,-1.6283,4.5007
12.4378,4.9999,-0.0001,-2.4371,4.3264
12.4878,4.9999,-0.0001,-3.2882,4.1591
12.5378,4.9999,0,-4.1832,3.9982
12.5878,4.9999,0,-5.1261,3.8437
12.6377,4.9999,0,-6.119,3.6961
12.6878,4.9999,0,-7.1654,3.5546
12.7377,4.9999,0.0001,-8.2694,3.4198
12.7877,4.9999,0.0001,-9.433,3.2914
12.8378,4.9999,0.0001,-10.6618,3.1694
12.8875,4.9728,-2.7121,-11.9545,3.0546
12.9365,4.894,-7.8714,-13.3029,2.9479
12.9845,4.8141,-8.0059,-14.7002,2.8492
13.0319,4.7351,-7.8862,-16.1467,2.7578
13.0785,4.6605,-7.4676,-17.6426,2.6737
13.1244,4.5908,-6.9702,-19.1866,2.5966
13.1697,4.526,-6.4782,-20.7807,2.5259
13.2143,4.466,-6.0013,-22.4243,2.4616
13.2584,4.4108,-5.5227,-24.115,2.4034
13.3021,4.3603,-5.0386,-25.8542,2.3509
13.3452,4.3146,-4.5786,-27.6385,2.3042
13.3879,4.2736,-4.0974,-29.4656,2.2628
13.4305,4.2544,-1.9198,-31.1884,5.2807
13.4736,4.3138,5.9355,-31.942,5.2174
13.5176,4.3939,8.0053,-32.528,5.1544
13.5623,4.4739,7.9963,-33.1336,5.0916
13.6078,4.5539,8.0083,-33.7591,5.0294
13.6542,4.6338,7.9898,-34.4056,4.9675
13.7014,4.7139,8.0017,-35.0742,4.9062
13.7493,4.7939,8.0031,-35.7644,4.8456
13.798,4.8739,8.0045,-36.4765,4.7858
13.8476,4.9539,7.9881,-37.2123,4.7268
13.8975,4.9997,4.5896,-37.9689,4.6693
13.9475,4.9999,0.0223,-38.7404,4.6136
13.9975,4.9999,0.0001,-39.5243,4.5598
14.0475,4.9999,0.0002,-40.3198,4.508
14.0975,4.9999,0.0002,-41.1267,4.4582
14.1475,4.9999,0.0002,-41.945,4.4103
14.1976,4.9999,0.0002,-42.7754,4.3643
14.2476,4.9999,0.0002,-43.617,4.3203
14.2975,4.9999,0.0002,-44.4686,4.2784
14.3475,4.9999,0.0002,-45.3311,4.2384
14.3976,4.9999,0.0002,-46.205,4.2003
14.4475,4.9999,0.0002,-47.0885,4.1643
14.4976,4.9999,0.0002,-47.9821,4.1303
14.5475,4.9999,0.0002,-48.8857,4.0983
14.5976,4.9999,0.0002,-49.798,4.0683
14.6475,4.9999,0.0002,-50.7187,4.0403
14.6975,4.9999,0.0002,-51.6475,4.0144
14.7475,4.9999,0.0002,-52.585,3.9904
14.7975,4.9999,0.0002,-53.5299,3.9684
14.8475,4.9999,0.0002,-54.4817,3.9485
14.8976,4.9999,0.0002,-55.4403,3.9305
14.9475,5,0.0002,-56.4041,3.9146
14.9975,5,0.0002,-57.3727,3.9006
15.0476,5,0.0002,-58.3467,3.8887
15.0976,5,0.0002,-59.3247,3.8787
15.1475,5,0.0002,-60.3053,3.8707
15.1976,5,0.0002,-61.2889,3.8646
15.2475,5,0.0002,-62.2742,3.8605
15.2975,5,0.0002,-63.2607,3.8583
15.3475,5,0.0002,-64.2488,3.8581
15.3976,5,0.0002,-65.2373,3.8597
15.4475,5,0.0002,-66.2246,3.8633
15.4975,5,0.0002,-67.2104,3.8687
15.5476,5,0.0002,-68.1951,3.8759
15.5975,5,0.0002,-69.1766,3.8849
15.6475,5,0.0002,-70.1552,3.8958
15.6975,5,0.0002,-71.1307,3.9084
15.7475,5,0.0002,-72.1017,3.9228
15.7975,5,0.0002,-73.0678,3.9389
15.8475,5,0.0002,-74.0288,3.9567
15.8975,5,0.0002,-74.9844,3.9761
15.9475,5,0.0001,-75.9333,3.9971
15.9975,5,0.0001,-76.8762,4.0197
16.0475,5,0.0001,-77.8119,4.0438
16.0975,5,0.0001,-78.7403,4.0695
16.1475,5,0.0001,-79.6611,4.0966
16.1975,5,0.0001,-80.5742,4.1251
16.2475,5,0.0001,-81.4794,4.1551
16.2976,5,0.0001,-82.3757,4.1863
16.3475,5,0.0001,-83.2631,4.2188
16.3975,5,0.0001,-84.1415,4.2525
16.4475,5,0.0001,-85.0109,4.2875
16.4975,5,0.0001,-85.8711,4.3235
16.5475,5,0.0001,-86.7222,4.3606
16.5975,5,0.0001,-87.5642,4.3987
16.6475,5,0.0001,-88.397,4.4378
16.6975,5,0.0001,-89.2207,4.4779
16.7475,5,0,-90.0346,4.5187
16.7975,5,0,-90.8388,4.5603
16.8475,5,0,-91.6341,4.6026
16.8975,5,0,-92.4205,4.6456
16.9475,5,0,-93.1975,4.6891
16.9975,5,0,-93.9652,4.7332
17.0475,5,0,-94.7243,4.7777
17.0975,5,0,-95.4743,4.8225
17.1475,5,0,-96.2154,4.8677
17.1975,5,0,-96.9484,4.9131
17.2475,5,0,-97.6728,4.9586
17.2976,5,0,-98.3893,5.0043
17.3475,5,0,-99.0975,5.0498
17.3975,5,0,-99.7975,5.0954
17.4475,5,0,-100.4903,5.1407
17.4975,5,0,-101.1752,5.1858
17.5475,5,0,-101.8526,5.2306
17.5975,5,0,-102.5231,5.275
17.6475,5,0,-103.1871,5.3188
17.6975,5,0,-103.844,5.3621
17.7475,5,0,-104.4946,5.4048
17.7976,5,0,-105.1392,5.4467
17.8475,5,-0.0001,-105.7773,5.4877
17.8975,5,-0.0001,-106.4097,5.5278
17.9475,5,-0.0001,-107.0367,5.5669
17.9975,5,-0.0001,-107.6583,5.605
18.0475,5,-0.0001,-108.2748,5.6418
18.0975,5,-0.0001,-108.8865,5.6774
18.1476,5,-0.0001,-109.4939,5.7116
18.1975,5,-0.0001,-110.0963,5.7444
18.2475,5,-0.0001,-110.6944,5.7756
18.2975,5,-0.0001,-111.2895,5.8053
18.3475,5,-0.0001,-111.8806,5.8332
18.3975,5,-0.0001,-112.468,5.8594
18.4476,5,-0.0001,-113.053,5.8837
18.4975,5,-0.0001,-113.6346,5.9061
18.5476,5,-0.0001,-114.2136,5.9264
18.5975,5,-0.0001,-114.7903,5.9446
18.6475,5,-0.0001,-115.3648,5.9607
18.6975,5,-0.0001,-115.9378,5.9745
18.7475,5,-0.0001,-116.5086,5.9859
18.7975,5,-0.0001,-117.0783,5.995
18.8475,5,-0.0001,-117.6472,6.0016
18.8975,5,-0.0001,-118.215,6.0057
18.9475,5,-0.0001,-118.7829,6.0072
18.9975,5,-0.0001,-119.3506,6.0061
19.0475,5,-0.0001,-119.9179,6.0022
19.0975,5,-0.0001,-120.4861,5.9956
19.1475,5,-0.0001,-121.0547,5.9862
19.1975,5,-0.0001,-121.6242,5.974
19.2475,5,-0.0001,-122.1957,5.9588
19.2976,5,-0.0001,-122.7691,5.9408
19.3475,5,-0.0001,-123.344,5.9198
19.3975,5,-0.0001,-123.9212,5.8958
19.4475,5,-0.0001,-124.5016,5.8688
19.4975,5,-0.0001,-125.0849,5.8389
19.5475,5,-0.0001,-125.6715,5.806
19.5975,5,-0.0001,-126.2626,5.7699
19.6475,5,-0.0001,-126.8582,5.731
19.6975,5,-0.0001,-127.4584,5.689
19.7475,5,-0.0001,-128.0643,5.644
19.7975,5,-0.0001,-128.6757,5.5961
19.8475,5,-0.0001,-129.2934,5.5452
19.8975,5,-0.0001,-129.918,5.4915
19.9475,5,-0.0001,-130.5498,5.4349
19.9975,5,-0.0001,-131.1899,5.3756
20.0475,5,-0.0001,-131.8387,5.3134
20.0975,5,-0.0001,-132.4967,5.2487
20.1475,5,-0.0001,-133.1645,5.1813
20.1975,5,-0.0001,-133.8427,5.1115
20.2475,5,-0.0001,-134.5323,5.0392
20.2975,5,-0.0001,-135.2347,4.9645
20.3475,5,-0.0001,-135.95,4.8877
20.3975,4.9999,-0.0001,-136.6788,4.8088
20.4475,4.9999,-0.0001,-137.4226,4.728
20.4975,4.9999,-0.0001,-138.1827,4.6452
20.5475,4.9999,-0.0001,-138.9601,4.5607
20.5975,4.9999,-0.0001,-139.7557,4.4746
20.6475,4.9999,-0.0001,-140.5705,4.3872
20.6975,4.9999,-0.0001,-141.4057,4.2985
20.7475,4.9999,-0.0001,-142.2636,4.2086
20.7975,4.9999,-0.0001,-143.1455,4.1179
20.8475,4.9999,-0.0001,-144.0521,4.0265
20.8975,4.9999,-0.0001,-144.9855,3.9345
20.9475,4.9999,-0.0001,-145.9486,3.8421
20.9975,4.9999,-0.0001,-146.9424,3.7496
21.0475,4.9999,-0.0001,-147.9686,3.6572
21.0975,4.9999,-0.0001,-149.0307,3.5649
21.1475,4.9999,-0.0001,-150.1299,3.4733
21.1975,4.9999,-0.0001,-151.2692,3.3823
21.2475,4.9999,-0.0001,-152.4516,3.2922
21.2975,4.9999,-0.0001,-153.6789,3.2034
21.3475,4.9996,-0.0376,-154.9545,3.116
21.397,4.9583,-4.1291,-156.2765,3.0309
21.4459,4.8903,-6.7916,-157.638,2.9487
21.4942,4.8239,-6.6349,-159.0368,2.8697
21.5418,4.7593,-6.4664,-160.4732,2.7939
21.5888,4.6966,-6.269,-161.9492,2.7213
21.6351,4.6359,-6.0738,-163.4658,2.6523
21.6809,4.5774,-5.8476,-165.024,2.5866
21.7261,4.5212,-5.6236,-166.6245,2.5245
21.7708,4.4675,-5.371,-168.2679,2.4659
21.815,4.4163,-5.1136,-169.9569,2.4108
21.8586,4.3678,-4.8509,-171.6893,2.3594
21.9018,4.3222,-4.5636,-173.4652,2.3116
21.9447,4.2794,-4.2723,-175.2864,2.2675
21.9871,4.2397,-3.9738,-177.1511,2.227
22.0291,4.2074,-3.2299,-179.0564,4.348
22.0714,4.2274,1.9983,179.6344,4.357
22.1145,4.3074,7.9956,178.9147,4.3675
22.1583,4.3875,8.0049,178.1837,4.3795
22.2031,4.4675,7.9955,177.4419,4.393
22.2485,4.5476,8.0044,176.6897,4.4081
22.2948,4.6275,8.004,175.9282,4.4249
22.3419,4.7075,7.995,175.1571,4.4435
22.3897,4.7875,8.0033,174.3768,4.4638
22.4384,4.8675,7.9947,173.5877,4.486
22.4879,4.9475,8.0026,172.7903,4.5101
22.5379,4.999,5.1531,171.9882,4.536
22.5879,5,0.0971,171.1876,4.5635
22.6378,5,0.0001,170.3934,4.5924
22.6878,5,0.0001,169.6057,4.6228
22.7378,5,0.0001,168.8239,4.6547
22.7878,5,0.0001,168.049,4.6881
22.8378,5,0.0001,167.2809,4.7228
22.8878,5,0.0001,166.5199,4.759
22.9378,5,0.0001,165.7659,4.7965
22.9879,5,0.0001,165.019,4.8354
23.0378,5,0.0001,164.2801,4.8755
23.0878,5,0.0001,163.5492,4.9168
23.1378,5,0.0001,162.8255,4.9595
23.1879,5,0.0001,162.109,5.0033
23.2379,5,0.0001,161.4006,5.0483
23.2879,5,0.0001,160.7001,5.0944
23.3379,5,0.0001,160.0076,5.1416
23.3879,5,0,159.323,5.1898
23.4379,5,0,158.6456,5.2391
23.4879,5,0,157.9761,5.2894
23.5379,5,0,157.315,5.3405
23.5878,5,0,156.6616,5.3926
23.6379,5,0,156.0153,5.4456
23.6879,5,0,155.3765,5.4993
23.7379,5,0,154.7459,5.5538
23.7879,5,0,154.1227,5.609
23.8378,5,0,153.5069,5.6649
23.8878,5,0,152.8983,5.7215
23.9378,5,0,152.2969,5.7786
23.9879,5,0,151.7025,5.8363
24.0378,5,0,151.1151,5.8945
24.0879,5,0,150.5345,5.9532
24.1379,5,0,149.9608,6.0123
24.1878,5,0,149.3942,6.0716
24.2378,5,0,148.8342,6.1312
24.2879,5,0,148.28,6.1913
24.3378,5,0,147.7327,6.2513
24.3879,5,0,147.1916,6.3116
24.4379,5,0,146.656,6.372
24.4878,5,0,146.1269,6.4323
24.5379,5,0,145.6037,6.4926
24.5878,5,0,145.0863,6.5529
24.6378,5,0,144.5744,6.613
24.6879,5,0,144.0676,6.673
24.7378,5,0,143.5661,6.7327
24.7879,5,0,143.07,6.7921
24.8378,5,0,142.579,6.8511
24.8878,5,0,142.093,6.9097
24.9379,5,0,141.6115,6.9678
24.9878,5,0,141.1348,7.0253
25.0379,5,0,140.6623,7.0824
25.0878,5,0,140.1945,7.1385
25.1379,5,0,139.7311,7.1942
25.1878,5,-0.0001,139.2716,7.2489
25.2378,5,-0.0001,138.8164,7.3027
25.2878,5,-0.0001,138.3649,7.3557
25.3378,5,-0.0001,137.917,7.4077
25.3879,5,-0.0001,137.4725,7.4587
25.4378,5,-0.0001,137.0319,7.5085
25.4879,5,-0.0001,136.5946,7.5572
25.5378,5,-0.0001,136.1604,7.6046
25.5879,5,-0.0001,135.7293,7.6508
25.6378,5,-0.0001,135.3011,7.6955
25.6879,5,-0.0001,134.8759,7.7388
25.7378,5,-0.0001,134.4533,7.7806
25.7879,5,-0.0001,134.0335,7.8209
25.8379,5,-0.0001,133.6158,7.8596
25.8878,5,-0.0001,133.201,7.8965
25.9379,5,-0.0001,132.7881,7.9318
25.9879,5,-0.0001,132.377,7.9651
26.0379,5,-0.0001,131.9681,7.9967
26.0878,5,-0.0001,131.5613,8.0262
26.1379,5,-0.0001,131.156,8.0538
26.1878,5,-0.0001,130.7521,8.0794
26.2378,5,-0.0001,130.3501,8.1028
26.2879,5,-0.0001,129.9488,8.124
26.3378,5,-0.0001,129.5491,8.143
26.3879,5,-0.0001,129.1505,8.1598
26.4379,5,-0.0001,128.7524,8.1742
26.4878,5,-0.0001,128.3555,8.1862
26.5378,5,-0.0001,127.9594,8.1957
26.5878,5,-0.0001,127.5635,8.2027
26.6379,5,-0.0001,127.1678,8.2072
26.6879,5,-0.0001,126.7725,8.2091
26.7379,5,-0.0001,126.3775,8.2083
26.7879,5,-0.0001,125.9823,8.2048
26.8379,5,-0.0001,125.5868,8.1986
26.8878,5,-0.0001,125.1913,8.1897
26.9379,5,-0.0001,124.7952,8.1779
26.9879,5,-0.0001,124.3981,8.1632
27.0378,5,-0.0001,124.0006,8.1457
27.0878,5,-0.0001,123.6023,8.1252
27.1378,5,-0.0001,123.2025,8.1019
27.1878,5,-0.0001,122.8015,8.0756
27.2379,5,-0.0001,122.3989,8.0462
27.2879,5,-0.0001,121.9945,8.0138
27.3379,5,-0.0001,121.5885,7.9784
27.3879,5,-0.0001,121.1803,7.94
27.4379,5,-0.0001,120.7699,7.8985
27.4879,5,-0.0001,120.3571,7.8539
27.5378,5,-0.0001,119.9417,7.8064
27.5878,5,-0.0001,119.5236,7.7557
27.6379,5,-0.0001,119.1021,7.7019
27.6879,5,-0.0001,118.677,7.6451
27.7378,5,-0.0001,118.2487,7.5854
27.7879,5,-0.0001,117.8165,7.5225
27.8379,5,-0.0001,117.3797,7.4567
27.8878,5,-0.0001,116.939,7.388
27.9378,5,-0.0001,116.4937,7.3162
27.9878,5,-0.0001,116.0432,7.2416
28.0378,5,-0.0001,115.5872,7.164
28.0878,5,-0.0001,115.1254,7.0837
28.1379,5,-0.0001,114.6576,7.0006
28.1878,5,-0.0001,114.1834,6.9148
28.2378,5,-0.0001,113.7026,6.8264
28.2878,4.9999,-0.0001,113.2143,6.7353
28.3378,4.9999,-0.0001,112.7183,6.6417
28.3878,4.9999,-0.0001,112.2141,6.5457
28.4378,4.9999,-0.0001,111.7014,6.4473
28.4879,4.9999,-0.0001,111.1793,6.3466
28.5378,4.9999,-0.0001,110.6477,6.244
28.5878,4.9999,-0.0001,110.1058,6.139
28.6378,4.9999,-0.0001,109.5525,6.0321
28.6878,4.9999,-0.0001,108.9879,5.9234
28.7379,4.9999,-0.0001,108.4107,5.8128
28.7879,4.9999,-0.0001,107.8205,5.7007
28.8378,4.9999,-0.0001,107.2165,5.5871
28.8878,4.9999,-0.0001,106.5975,5.4721
28.9378,4.9999,-0.0001,105.9628,5.3559
28.9878,4.9999,-0.0001,105.3115,5.2386
29.0378,4.9999,-0.0001,104.6422,5.1204
29.0879,4.9999,-0.0001,103.9534,5.0012
29.1378,4.9999,-0.0001,103.2446,4.8817
29.1878,4.9999,-0.0001,102.5147,4.7616
29.2378,4.9999,-0.0001,101.7614,4.6412
29.2878,4.9999,-0.0001,100.9833,4.5207
29.3378,4.9999,-0.0001,100.179,4.4003
29.3878,4.9999,-0.0001,99.3465,4.2801
29.4379,4.9999,-0.0001,98.4833,4.1603
29.4878,4.9999,-0.0001,97.5884,4.0414
29.5378,4.9999,-0.0001,96.6591,3.9232
29.5878,4.9999,-0.0001,95.6927,3.8063
29.6378,4.9999,-0.0001,94.6869,3.6906
29.6879,4.9999,-0.0001,93.6377,3.5762
29.7378,4.9999,-0.0001,92.5432,3.4639
29.7878,4.9999,-0.0001,91.3998,3.3533
29.8378,4.9999,-0.0001,90.2027,3.245
29.8878,4.9999,-0.0001,88.9493,3.1392
29.9375,4.9679,-3.1993,87.6398,3.0367
29.9864,4.8884,-7.9525,86.2814,2.9387
30.0345,4.8095,-7.8894,84.8787,2.8453
30.0818,4.7331,-7.6447,83.4301,2.7564
30.1284,4.6594,-7.3778,81.9342,2.6721
30.1743,4.5884,-7.0923,80.3884,2.5923
30.2195,4.5204,-6.8037,78.7915,2.5172
30.264,4.4555,-6.4932,77.1421,2.4466
30.308,4.3937,-6.1755,75.4383,2.3805
30.3513,4.3352,-5.8509,73.6803,2.319
30.3941,4.2801,-5.5033,71.8666,2.2619
30.4364,4.2285,-5.1575,69.9956,2.2092
30.4782,4.1806,-4.8017,68.0703,2.161
30.5196,4.1363,-4.4271,66.0902,2.1171
30.5605,4.0957,-4.0538,64.055,2.0775
30.6011,4.059,-3.6694,61.968,2.0423
30.6414,4.0263,-3.2779,59.8317,2.0112
30.6814,3.9975,-2.8799,57.6492,1.9845
30.7211,3.9727,-2.4758,55.4242,1.9619
30.7606,3.952,-2.068,53.1628,1.9435
30.8,3.9348,-1.7226,50.8701,1.9293
30.8388,3.8789,-5.5915,48.565,1.9193
30.8767,3.7989,-8.0008,46.2778,1.9135
30.9139,3.7189,-7.9957,44.0238,1.9116
30.9503,3.6389,-8.0034,41.8135,1.9133
30.9859,3.5589,-7.9931,39.6546,1.9186
31.0207,3.4779,-8.1024,37.5549,1.4785
31.0554,3.4754,-0.259,34.6763,1.5427
31.091,3.5533,7.7824,31.2291,1.6181
31.1273,3.6333,8.0092,28.107,1.7047
31.1645,3.7133,7.9947,25.2866,1.8033
31.2024,3.7933,8.0057,22.7399,1.9138
31.2411,3.8733,7.9948,20.4396,2.0368
31.2807,3.9533,8.0028,18.3583,2.1726
31.321,4.0333,7.9995,16.4725,2.3216
31.3621,4.1133,8.0028,14.7595,2.484
31.404,4.1933,8,13.1993,2.6602
31.4468,4.2733,7.9971,11.7735,2.851
31.4903,4.3533,8.0005,10.4667,3.0565
31.5347,4.4333,7.9974,9.2659,3.2774
31.5798,4.5133,8.0006,8.1595,3.5141
31.6257,4.5933,8.0038,7.1382,3.7668
31.6724,4.6733,8.0001,6.1931,4.0363
31.72,4.7533,7.9961,5.3155,4.3235
31.7683,4.8333,7.9987,4.4987,4.6289
31.8175,4.9133,8.0011,3.7374,4.9531
31.8673,4.9864,7.3211,3.0275,5.2958
31.9173,5.0002,1.3743,2.3679,5.6542
31.9673,5.0002,-0.0005,1.7573,6.0275
32.0173,5.0002,-0.0005,1.1918,6.4153
32.0673,5.0002,-0.0005,0.6663,6.8188
32.1173,5.0002,-0.0005,0.1768,7.2369
32.1673,5.0002,-0.0004,-0.2796,7.6704
32.2173,5.0002,-0.0004,-0.7065,8.1198
32.2673,5.0002,-0.0004,-1.1066,8.5851
32.3173,5.0001,-0.0004,-1.4824,9.0673
32.3673,5.0001,-0.0004,-1.8358,9.5663
32.4174,5.0001,-0.0004,-2.169,10.0833
32.4674,5.0001,-0.0003,-2.4833,10.6175
32.5173,5.0001,-0.0003,-2.7799,11.17
32.5673,5.0001,-0.0003,-3.0603,11.7412
32.6174,5.0001,-0.0003,-3.3262,12.3338
32.6674,5.0001,-0.0003,-3.5784,12.9456
32.7174,5.0001,-0.0003,-3.8175,13.5786
32.7674,5.0001,-0.0003,-4.0444,14.2331
32.8174,5.0001,-0.0003,-4.2603,14.9113
32.8673,5.0001,-0.0003,-4.4656,15.6122
32.9174,5.0001,-0.0003,-4.6611,16.3396
32.9674,5.0001,-0.0002,-4.8475,17.0915
33.0174,5.0001,-0.0002,-5.0251,17.8721
33.0674,5.0001,-0.0002,-5.1946,18.6806
33.1174,5.0001,-0.0002,-5.3562,19.5183
33.1673,5.0001,-0.0002,-5.5105,20.3885
33.2174,5.0001,-0.0002,-5.658,21.2919
33.2674,5.0001,-0.0002,-5.799,22.2328
33.3173,5.0001,-0.0002,-5.9336,23.2065
33.3674,5.0001,-0.0002,-6.0623,24.2228
33.4174,5.0001,-0.0002,-6.1855,25.2799
33.4673,5.0001,-0.0002,-6.3033,26.3806
33.5174,5.0001,-0.0002,-6.416,27.533
33.5674,5.0001,-0.0002,-6.5239,28.7342
33.6174,5.0001,-0.0002,-6.6271,29.9897
33.6674,5.0001,-0.0002,-6.7258,31.3004
33.7173,5.0001,-0.0002,-6.8201,32.6773
33.7674,5.0001,-0.0002,-6.9105,34.121
33.8174,5.0001,-0.0002,-6.9969,35.6388
33.8674,5.0001,-0.0002,-7.0796,37.2314
33.9173,5.0001,-0.0002,-7.1585,38.9116
33.9674,5.0001,-0.0002,-7.234,40.6782
34.0174,5.0001,-0.0002,-7.3061,42.5603
34.0674,5.0001,-0.0002,-7.375,44.5389
34.1173,5.0001,-0.0001,-7.4407,46.6432
34.1674,5.0001,-0.0001,-7.5034,48.8812
34.2174,5.0001,-0.0001,-7.5632,51.2682
34.2674,5.0001,-0.0001,-7.6202,53.8256
34.3173,5.0001,-0.0001,-7.6744,56.5368
34.3674,5.0001,-0.0001,-7.7259,59.4665
34.4174,5.0001,-0.0001,-7.7749,62.6173
34.4673,5.0001,-0.0001,-7.8214,66.0254
34.5174,5.0001,-0.0001,-7.8654,69.7414
34.5674,5.0001,-0.0001,-7.9071,73.742
34.6173,5.0001,-0.0001,-7.9464,78.1719
34.6674,5,-0.0001,-7.9835,83.0275
34.7174,5,-0.0001,-8.0185,88.3024
34.7674,5,-0.0001,-8.0513,94.2439
34.8174,5,-0.0001,-8.082,100.8518
34.8674,5,-0.0001,-8.1106,108.3867
34.9174,5,-0.0001,-8.1373,116.8469
34.9675,5,-0.0001,-8.1621,126.6217
35.0173,5,-0.0001,-8.1849,137.6878
35.0674,5,-0.0001,-8.2058,150.6291
35.1174,5,-0.0001,-8.2249,166.2228
35.1673,5,-0.0001,-8.2423,185.011
35.2175,5,-0.0001,-8.2578,207.9758
35.2674,5,-0.0001,-8.2717,237.3114
35.3174,5,-0.0001,-8.2838,276.1842
35.3675,5,-0.0001,-8.2943,325.7883
35.4175,5,-0.0001,-8.303,398.7317
35.4674,5,-0.0001,-8.3102,519.6397
35.5174,5,-0.0001,-8.3158,724.3509
35.5674,5,-0.0001,-8.3197,1148.0937
35.6174,5,-0.0001,-8.3221,2818.7719
35.6674,5,-0.0001,-8.323,2826.4216
35.7174,5,-0.0001,-8.3223,1267.8352
35.7674,5,-0.0001,-8.3201,788.609
35.8174,5,-0.0001,-8.3165,559.2458
35.8675,5,-0.0001,-8.3113,431.1028
35.9174,5,-0.0001,-8.3047,355.6364
35.9673,5,-0.0001,-8.2966,301.3414
36.0175,5,-0.0001,-8.287,260.9036
36.0673,5,-0.0001,-8.276,231.2712
36.1174,5,-0.0001,-8.2636,207.3266
36.1674,5,-0.0001,-8.2497,188.4672
36.2173,5,-0.0001,-8.2345,172.5236
36.2674,5,-0.0001,-8.2178,159.3999
36.3174,5,-0.0001,-8.1997,147.9792
36.3673,5,-0.0001,-8.1802,138.1361
36.4174,5,-0.0001,-8.1593,129.4332
36.4674,5,-0.0001,-8.137,121.9075
36.5174,5,-0.0001,-8.1133,115.1411
36.5674,5,-0.0001,-8.0882,109.1099
36.6174,5,-0.0001,-8.0617,103.6965
36.6675,5,-0.0001,-8.0338,98.7532
36.7174,5,-0.0001,-8.0045,94.2739
36.7674,5,-0.0001,-7.9738,90.1521
36.8174,5,-0.0001,-7.9417,86.423
36.8674,5,-0.0001,-7.9082,82.9629
36.9175,5,-0.0001,-7.8732,79.7177
36.9674,5,-0.0001,-7.8369,76.7498
37.0174,5,-0.0001,-7.7991,73.976
37.0675,5,-0.0001,-7.7598,71.3586
37.1174,5,-0.0001,-7.7192,68.9249
37.1674,5,-0.0001,-7.677,66.6382
37.2174,5,-0.0001,-7.6334,64.4712
37.2675,5,-0.0001,-7.5882,62.444
37.3173,5,-0.0001,-7.5417,60.5175
37.3673,5,-0.0001,-7.4937,58.686
37.4173,5,-0.0001,-7.444,56.954
37.4674,5,-0.0001,-7.3928,55.3041
37.5174,5,-0.0001,-7.3401,53.7403
37.5675,5,-0.0001,-7.2858,52.2317
37.6173,5,-0.0001,-7.2299,50.8002
37.6673,5,-0.0001,-7.1725,49.4259
37.7175,5,-0.0001,-7.1133,48.119
37.7674,5,-0.0001,-7.0526,46.8515
37.8174,5,-0.0001,-6.9902,45.645
37.8674,5,-0.0001,-6.926,44.4751
37.9174,5,-0.0001,-6.8602,43.351
37.9674,5,-0.0001,-6.7926,42.2704
38.0174,5,-0.0001,-6.7233,41.2272
38.0674,5,-0.0001,-6.6522,40.2204
38.1174,5,-0.0001,-6.5792,39.2448
38.1674,5,-0.0001,-6.5044,38.3003
38.2174,5,-0.0001,-6.4276,37.3857
38.2674,5,-0.0001,-6.349,36.5033
38.3173,5,-0.0001,-6.2684,35.6464
38.3673,5,-0.0001,-6.1859,34.8098
38.4174,5,-0.0001,-6.1013,34.0006
38.4674,5,-0.0001,-6.0145,33.2158
38.5174,5,-0.0001,-5.9257,32.4487
38.5673,5,-0.0001,-5.8347,31.7074
38.6174,5,-0.0001,-5.7416,30.9801
38.6674,5,-0.0001,-5.6461,30.2741
38.7174,5,-0.0001,-5.5484,29.5847
38.7674,5,-0.0001,-5.4483,28.9144
38.8174,5,-0.0001,-5.3458,28.2578
38.8674,5,-0.0001,-5.2408,27.6191
38.9173,5,-0.0001,-5.1335,26.9945
38.9673,5,-0.0001,-5.0235,26.384
39.0174,5,-0.0001,-4.9107,25.7869
39.0674,5,-0.0001,-4.7953,25.2023
39.1174,5,-0.0001,-4.6771,24.6328
39.1674,5,-0.0001,-4.5561,24.0741
39.2174,5,-0.0001,-4.4321,23.5272
39.2673,5,-0.0001,-4.3053,22.993
39.3174,5,-0.0001,-4.1752,22.467
39.3674,5,-0.0001,-4.042,21.9537
39.4175,5,-0.0001,-3.9055,21.4496
39.4674,5,-0.0001,-3.7656,20.9567
39.5174,5,-0.0001,-3.6224,20.4721
39.5673,5,-0.0001,-3.4757,19.9987
39.6173,5,-0.0001,-3.3254,19.5334
39.6674,4.9999,-0.0001,-3.171,19.0752
39.7174,4.9999,-0.0001,-3.0128,18.6274
39.7674,4.9999,-0.0001,-2.8507,18.1874
39.8174,4.9999,-0.0001,-2.6844,17.7554
39.8674,4.9999,-0.0001,-2.5138,17.3305
39.9174,4.9999,-0.0001,-2.3387,16.9141
39.9674,4.9999,-0.0001,-2.1592,16.5056
40.0174,4.9999,-0.0001,-1.975,16.1036
40.0674,4.9999,-0.0001,-1.7857,15.7084
40.1174,4.9999,-0.0001,-1.5914,15.3211
40.1673,4.9999,-0.0001,-1.3921,14.9411
40.2174,4.9999,-0.0001,-1.1873,14.5664
40.2674,4.9999,-0.0001,-0.9766,14.199
40.3174,4.9999,-0.0001,-0.7603,13.8379
40.3674,4.9999,-0.0001,-0.5378,13.4828
40.4174,4.9999,-0.0001,-0.3089,13.1339
40.4673,4.9999,-0.0001,-0.0738,12.792
40.5174,4.9999,-0.0001,0.1682,12.4552
40.5674,4.9999,-0.0001,0.4175,12.1243
40.6174,4.9999,-0.0001,0.6742,11.7994
40.6674,4.9999,-0.0001,0.9384,11.4802
40.7173,4.9999,-0.0001,1.2105,11.1669
40.7673,4.9999,-0.0001,1.4911,10.8589
40.8174,4.9999,-0.0001,1.7808,10.5558
40.8673,4.9999,-0.0001,2.0793,10.2593
40.9174,4.9999,-0.0001,2.3874,9.9671
40.9673,4.9999,-0.0001,2.7053,9.6814
41.0173,4.9999,-0.0001,3.0335,9.4002
41.0674,4.9999,-0.0001,3.3733,9.124
41.1173,4.9999,-0.0001,3.7242,8.8537
41.1674,4.9999,-0.0002,4.0871,8.5879
41.2173,4.9999,-0.0002,4.4627,8.3279
41.2674,4.9999,-0.0002,4.8513,8.0726
41.3174,4.9999,-0.0002,5.2542,7.8225
41.3673,4.9999,-0.0002,5.6714,7.5777
41.4173,4.9999,-0.0002,6.104,7.3376
41.4674,4.9999,-0.0002,6.5534,7.1024
41.5173,4.9999,-0.0002,7.0197,6.8727
41.5673,4.9999,-0.0002,7.5039,6.6478
41.6174,4.9999,-0.0002,8.0077,6.4275
41.6673,4.9999,-0.0002,8.5318,6.2128
41.7173,4.9999,-0.0002,9.077,6.0027
41.7673,4.9999,-0.0002,9.6451,5.7979
41.8174,4.9999,-0.0001,10.2372,5.5979
41.8673,4.9999,-0.0001,10.8546,5.4032
41.9174,4.9999,-0.0001,11.4993,5.2132
41.9673,4.9999,-0.0001,12.1728,5.0287
42.0173,4.9999,-0.0001,12.8765,4.849
42.0673,4.9999,-0.0001,13.6131,4.6746
42.1173,4.9999,-0.0001,14.3841,4.5052
42.1674,4.9999,-0.0001,15.1925,4.3409
42.2173,4.9999,-0.0001,16.0395,4.1822
42.2673,4.9999,-0.0001,16.928,4.0285
42.3173,4.9999,-0.0001,17.8614,3.8803
42.3673,4.9999,0,18.8423,3.7373
42.4173,4.9999,0,19.8734,3.5999
42.4674,4.9999,0,20.9584,3.4677
42.5173,4.9999,0,22.1005,3.3413
42.5673,4.9999,0.0001,23.3029,3.2204
42.6172,4.9955,-0.4335,24.5687,3.1054
42.6666,4.9336,-6.1977,25.8929,2.9973
42.7151,4.8536,-8.0007,27.2676,2.8966
42.7629,4.774,-7.9492,28.6914,2.8027
42.8099,4.6977,-7.633,30.1636,2.7158
42.8561,4.6259,-7.1773,31.6829,2.6354
42.9017,4.5587,-6.7297,33.2506,2.5613
42.9466,4.4959,-6.2773,34.868,2.4932
42.991,4.4375,-5.8315,36.536,2.4309
43.0349,4.3836,-5.3913,38.2523,2.3743
43.0782,4.3342,-4.9416,40.0157,2.3231
43.1217,4.346,1.1812,41.2036,9.1141
43.1658,4.4192,7.3161,41.5181,8.9746
43.2109,4.4992,7.9891,41.8372,8.8336
43.2566,4.5793,8.0158,42.1676,8.6921
43.3032,4.6592,7.9934,42.5096,8.5493
43.3507,4.7392,7.996,42.8645,8.4055
43.3988,4.8192,8.0096,43.2321,8.2612
43.4478,4.8992,7.9894,43.6134,8.1158
43.4976,4.9769,7.7667,44.0091,7.97
43.5476,4.9999,2.2986,44.4169,7.8253
43.5976,4.9999,0,44.834,7.6825
43.6476,4.9999,0,45.2599,7.5415
43.6975,4.9999,0,45.6948,7.4025
43.7476,4.9999,0,46.1396,7.265
43.7976,4.9999,0,46.5943,7.1295
43.8475,4.9999,0,47.0581,6.9963
43.8976,4.9999,0,47.5323,6.8646
43.9476,4.9999,0,48.0177,6.7348
43.9976,4.9999,0,48.5141,6.6069
44.0475,4.9999,0,49.0209,6.4814
44.0975,4.9999,0,49.5392,6.3577
44.1476,4.9999,0,50.0702,6.2357
44.1976,4.9999,0,50.6132,6.1162
44.2476,4.9999,0,51.1683,5.9985
44.2976,4.9999,0,51.737,5.8827
44.3476,4.9999,0,52.319,5.7692
44.3976,4.9999,0,52.9147,5.6578
44.4476,4.9999,0,53.5242,5.5486
44.4975,4.9999,0.0001,54.1478,5.4415
44.5475,4.9999,0.0001,54.7865,5.3366
44.5976,4.9999,0.0001,55.4413,5.2337
44.6476,4.9999,0.0001,56.1119,5.1332
44.6975,4.9999,0.0001,56.7977,5.035
44.7476,4.9999,0.0001,57.5006,4.9388
44.7975,4.9999,0.0001,58.22,4.8452
44.8476,4.9999,0.0001,58.9571,4.7536
44.8975,4.9999,0.0001,59.7121,4.6646
44.9475,4.9999,0.0001,60.4845,4.5779
44.9975,4.9999,0.0001,61.2762,4.4934
45.0475,4.9999,0.0001,62.0866,4.4115
45.0975,4.9999,0.0001,62.916,4.3319
45.1475,4.9999,0.0001,63.7653,4.2547
45.1976,4.9999,0.0001,64.635,4.18
45.2475,4.9999,0.0001,65.5242,4.1079
45.2975,4.9999,0.0002,66.4332,4.0382
45.3476,4.9999,0.0002,67.3637,3.971
45.3975,4.9999,0.0002,68.3152,3.9064
45.4475,4.9999,0.0002,69.2866,3.8444
45.4975,4.9999,0.0002,70.279,3.785
45.5475,4.9999,0.0002,71.2923,3.7282
45.5975,4.9999,0.0002,72.3265,3.674
45.6475,4.9999,0.0002,73.3814,3.6224
45.6975,4.9999,0.0002,74.4568,3.5735
45.7475,4.9999,0.0002,75.5526,3.5273
45.7975,4.9999,0.0002,76.6675,3.4839
45.8476,4.9999,0.0003,77.802,3.443
45.8975,4.9999,0.0003,78.9548,3.405
45.9475,4.9999,0.0003,80.1253,3.3696
45.9975,4.9999,0.0003,81.3141,3.337
46.0475,4.9999,0.0003,82.5184,3.3071
46.0975,4.9999,0.0003,83.7375,3.28
46.1475,4.9999,0.0003,84.9708,3.2557
46.1976,4.9999,0.0003,86.2182,3.2341
46.2475,4.9999,0.0003,87.477,3.2153
46.2975,4.9999,0.0003,88.7461,3.1992
46.3475,5,0.0003,90.0247,3.1858
46.3975,5,0.0003,91.3106,3.1752
46.4475,5,0.0003,92.6028,3.1674
46.4975,5,0.0003,93.8991,3.1622
46.5475,5,0.0003,95.1986,3.1597
46.5975,5,0.0003,96.5,3.16
46.6475,5,0.0003,97.8013,3.1628
46.6975,5,0.0003,99.1004,3.1683
46.7475,5,0.0003,100.3962,3.1764
46.7975,5,0.0003,101.6878,3.187
46.8475,5,0.0003,102.9732,3.2001
46.8975,5,0.0003,104.2514,3.2158
46.9475,5,0.0002,105.5206,3.2339
46.9975,5,0.0002,106.7792,3.2543
47.0475,5,0.0002,108.0272,3.2771
47.0975,5,0.0002,109.2622,3.3022
47.1475,5,0.0002,110.4837,3.3295
47.1975,5,0.0002,111.6919,3.359
47.2475,5,0.0002,112.8855,3.3906
47.2975,5,0.0002,114.0633,3.4243
47.3475,5,0.0001,115.2251,3.4599
47.3975,5,0.0001,116.3705,3.4974
47.4475,5,0.0001,117.4985,3.5366
47.4975,5,0.0001,118.6092,3.5776
47.5475,5,0.0001,119.7033,3.6203
47.5975,5,0.0001,120.7799,3.6645
47.6475,5,0.0001,121.8385,3.7102
47.6975,5,0.0001,122.879,3.7572
47.7475,5,0.0001,123.9025,3.8055
47.7975,5,0,124.9091,3.855
47.8475,5,0,125.8984,3.9055
47.8975,5,0,126.8705,3.957
47.9475,5,0,127.8259,4.0094
47.9975,5,0,128.7648,4.0624
48.0475,5,0,129.6876,4.116
48.0975,5,0,130.5947,4.1701
48.1475,5,0,131.4864,4.2246
48.1975,5,0,132.3637,4.2794
48.2475,5,0,133.2264,4.3342
48.2975,5,0,134.075,4.389
48.3475,5,0,134.9103,4.4437
48.3975,5,-0.0001,135.7323,4.4981
48.4475,5,-0.0001,136.5414,4.552
48.4975,5,-0.0001,137.3385,4.6053
48.5475,5,-0.0001,138.1241,4.6579
48.5975,5,-0.0001,138.8986,4.7098
48.6475,5,-0.0001,139.6623,4.7605
48.6975,5,-0.0001,140.4158,4.8101
48.7475,5,-0.0001,141.16,4.8585
48.7975,5,-0.0001,141.8946,4.9053
48.8475,5,-0.0001,142.6203,4.9505
48.8975,5,-0.0001,143.3377,4.9939
48.9475,5,-0.0001,144.0475,5.0355
48.9975,5,-0.0001,144.7505,5.075
49.0475,5,-0.0001,145.4465,5.1123
49.0975,5,-0.0001,146.136,5.1472
49.1475,5,-0.0001,146.8199,5.1796
49.1975,5,-0.0001,147.4985,5.2093
49.2475,5,-0.0001,148.1728,5.2362
49.2975,5,-0.0001,148.8427,5.2602
49.3475,5,-0.0001,149.5084,5.281
49.3975,5,-0.0001,150.1711,5.2986
49.4475,5,-0.0001,150.8309,5.3129
49.4975,5,-0.0001,151.4889,5.3237
49.5475,5,-0.0001,152.1454,5.3308
49.5975,5,-0.0001,152.8009,5.3342
49.6475,5,-0.0001,153.4557,5.3338
49.6975,5,-0.0001,154.1104,5.3294
49.7475,5,-0.0002,154.7658,5.321
49.7975,5,-0.0002,155.4224,5.3084
49.8475,5,-0.0002,156.0808,5.2916
49.8975,5,-0.0002,156.7417,5.2705
49.9475,5,-0.0002,157.4063,5.2451
49.9975,5,-0.0002,158.0747,5.2153
50.0475,5,-0.0002,158.7478,5.181
50.0975,5,-0.0002,159.4267,5.1423
50.1475,5,-0.0002,160.1115,5.0991
50.1975,5,-0.0002,160.803,5.0515
50.2475,5,-0.0002,161.5028,4.9994
50.2975,5,-0.0002,162.2121,4.9428
50.3475,5,-0.0002,162.9312,4.882
50.3975,5,-0.0002,163.6615,4.8168
50.4475,5,-0.0002,164.404,4.7474
50.4975,5,-0.0002,165.16,4.6738
50.5475,5,-0.0002,165.9311,4.5962
50.5975,4.9999,-0.0002,166.7186,4.5148
50.6475,4.9999,-0.0002,167.5242,4.4296
50.6975,4.9999,-0.0002,168.3498,4.3409
50.7475,4.9999,-0.0002,169.1969,4.2488
50.7975,4.9999,-0.0002,170.0677,4.1535
50.8475,4.9999,-0.0002,170.9646,4.0554
50.8975,4.9999,-0.0002,171.89,3.9545
50.9475,4.9999,-0.0002,172.8463,3.8514
50.9975,4.9999,-0.0002,173.8364,3.7461
51.0475,4.9999,-0.0002,174.8647,3.6389
51.0975,4.9999,-0.0002,175.9338,3.5304
51.1475,4.9999,-0.0002,177.0476,3.4208
51.1975,5.0015,0.1556,177.6733,6.2913
51.2475,5,-0.1441,178.2045,6.4248
51.2975,5,-0.0001,178.7286,6.5583
51.3475,5,-0.0001,179.2403,6.6912
51.3975,5,-0.0001,179.7402,6.8239
51.4475,5,-0.0001,-179.7712,6.9557
51.4975,5,-0.0001,-179.2936,7.0868
51.5475,5,-0.0001,-178.826,7.217
51.5975,5,-0.0001,-178.3682,7.3462
51.6475,5,-0.0001,-177.9196,7.4742
51.6975,5,-0.0001,-177.48,7.6009
51.7476,5,-0.0001,-177.0486,7.7262
51.7976,5,-0.0001,-176.6252,7.8499
51.8475,5,-0.0001,-176.2096,7.9717
51.8975,5,-0.0001,-175.8014,8.0919
51.9475,5,-0.0001,-175.3998,8.2101
51.9975,5,-0.0001,-175.0047,8.3263
52.0475,5,-0.0001,-174.6157,8.4403
52.0975,5,-0.0001,-174.2327,8.5518
52.1475,5,-0.0001,-173.8554,8.661
52.1975,5,-0.0001,-173.4835,8.7676
52.2475,5,-0.0001,-173.1168,8.8713
52.2975,5,-0.0001,-172.7548,8.9724
52.3475,5,-0.0001,-172.3971,9.0707
52.3975,5,-0.0001,-172.0438,9.1658
52.4475,5,-0.0001,-171.6949,9.2577
52.4976,5,-0.0001,-171.3497,9.3465
52.5475,5,-0.0001,-171.008,9.4318
52.5975,5,-0.0001,-170.6699,9.5136
52.6475,5,-0.0001,-170.335,9.592
52.6975,5,-0.0001,-170.0032,9.6669
52.7475,5,-0.0001,-169.6743,9.7377
52.7975,5,-0.0001,-169.3481,9.8047
52.8475,5,-0.0001,-169.0243,9.868
52.8975,5,-0.0001,-168.7026,9.9273
52.9475,5,-0.0001,-168.3833,9.9821
52.9975,5,-0.0001,-168.0659,10.033
53.0475,5,-0.0001,-167.75,10.0797
53.0975,5,-0.0001,-167.4358,10.1223
53.1475,5,-0.0001,-167.1232,10.1601
53.1975,5,-0.0001,-166.812,10.1937
53.2475,5,-0.0001,-166.5018,10.2228
53.2975,5,-0.0001,-166.1925,10.2473
53.3476,5,-0.0001,-165.8841,10.2673
53.3975,5,-0.0001,-165.5763,10.2826
53.4475,5,-0.0001,-165.2691,10.2931
53.4975,5,-0.0001,-164.962,10.2991
53.5475,5,-0.0001,-164.6554,10.3
53.5975,5,-0.0001,-164.3489,10.2965
53.6475,5,-0.0001,-164.0422,10.2881
53.6975,5,-0.0001,-163.735,10.2747
53.7475,5,-0.0001,-163.4274,10.2567
53.7975,5,-0.0001,-163.1193,10.2341
53.8476,5,-0.0001,-162.8103,10.2063
53.8975,5,-0.0001,-162.5005,10.1735
53.9475,5,-0.0001,-162.1898,10.1365
53.9976,5,-0.0001,-161.8775,10.0944
54.0475,5,-0.0001,-161.5638,10.0475
54.0975,5,-0.0001,-161.2489,9.9958
54.1475,5,-0.0001,-160.9319,9.9397
54.1975,5,-0.0001,-160.6129,9.8785
54.2475,5,-0.0001,-160.2916,9.8129
54.2975,5,-0.0001,-159.9679,9.7426
54.3475,5,-0.0001,-159.642,9.668
54.3975,5,-0.0001,-159.313,9.5887
54.4475,5,-0.0001,-158.9809,9.5052
54.4975,5,-0.0001,-158.6457,9.4171
54.5475,5,-0.0001,-158.307,9.3251
54.5975,5,-0.0001,-157.9645,9.2287
54.6475,5,-0.0001,-157.6182,9.1283
54.6975,5,-0.0001,-157.2677,9.0238
54.7475,5,-0.0001,-156.9126,8.9156
54.7975,5,-0.0001,-156.5524,8.8034
54.8475,5,-0.0001,-156.1871,8.6877
54.8975,5,-0.0001,-155.8164,8.5682
54.9475,5,-0.0001,-155.4401,8.4457
54.9975,5,-0.0001,-155.0576,8.3196
55.0475,5,-0.0001,-154.6683,8.1901
55.0975,5,-0.0001,-154.2722,8.0578
55.1475,5,-0.0001,-153.8686,7.9226
55.1975,5,-0.0001,-153.4571,7.7846
55.2475,5,-0.0001,-153.0375,7.6439
55.2975,5,-0.0001,-152.6089,7.5008
55.3475,5,-0.0001,-152.171,7.3554
55.3975,5,-0.0001,-151.7232,7.2078
55.4475,5,-0.0001,-151.2647,7.0582
55.4975,5,-0.0001,-150.795,6.9069
55.5475,4.9999,-0.0001,-150.3132,6.7537
55.5975,4.9999,-0.0001,-149.8185,6.5994
55.6475,4.9999,-0.0001,-149.3108,6.4438
55.6975,4.9999,-0.0001,-148.7886,6.287
55.7475,4.9999,-0.0001,-148.2508,6.1293
55.7975,4.9999,-0.0002,-147.6967,5.9711
55.8475,4.9999,-0.0002,-147.1253,5.8123
55.8975,4.9999,-0.0002,-146.5347,5.6531
55.9475,4.9999,-0.0002,-145.9241,5.494
55.9975,4.9999,-0.0002,-145.2925,5.335
56.0475,4.9999,-0.0002,-144.6378,5.1764
56.0975,4.9999,-0.0002,-143.9585,5.0184
56.1475,4.9999,-0.0002,-143.2531,4.8613
56.1975,4.9999,-0.0002,-142.5192,4.7051
56.2475,4.9999,-0.0002,-141.7543,4.5502
56.2975,4.9999,-0.0002,-140.9565,4.3968
56.3475,4.9999,-0.0002,-140.123,4.2451
56.3975,4.9999,-0.0002,-139.251,4.0954
56.4475,4.9999,-0.0002,-138.3373,3.9479
56.4975,4.9999,-0.0002,-137.379,3.8031
56.5475,4.9999,-0.0001,-136.3716,3.6608
56.5975,4.9999,-0.0001,-135.3112,3.5216
56.6475,4.9999,-0.0001,-134.193,3.3856
56.6975,4.9999,-0.0001,-133.0123,3.2532
56.7472,4.9756,-2.4277,-131.7671,3.1252
56.7962,4.8976,-7.8039,-130.4617,3.0031
56.8444,4.8176,-7.997,-129.0999,2.8869
56.8918,4.7376,-8.005,-127.6804,2.7771
56.9384,4.6576,-7.9951,-126.2004,2.6732
56.9841,4.5776,-8.0026,-124.6572,2.5755
57.0291,4.4976,-8.0007,-123.05,2.4839
57.0733,4.4186,-7.8963,-121.3756,2.3983
57.1167,4.3432,-7.5358,-119.6318,2.3188
57.1594,4.272,-7.117,-117.8177,2.2451
57.2015,4.2052,-6.6841,-115.9308,2.1771
57.2429,4.1428,-6.2453,-113.969,2.1147
57.2837,4.0848,-5.7973,-111.9315,2.0578
57.3241,4.0314,-5.3374,-109.8173,2.0063
57.3639,3.9827,-4.8753,-107.6269,1.9601
57.4033,3.9387,-4.3998,-105.362,1.9191
57.4423,3.8995,-3.9221,-103.0251,1.8833
57.4809,3.8651,-3.4354,-100.6212,1.8524
57.5193,3.8357,-2.941,-98.1538,1.8266
57.5574,3.8112,-2.4477,-95.6318,1.8057
57.5953,3.7918,-1.9414,-93.0623,1.7896
57.6331,3.7774,-1.4381,-90.4537,1.7784
57.6708,3.7681,-0.9284,-87.8197,1.7721
57.7084,3.764,-0.4167,-85.1702,1.7706
57.7461,3.7649,0.0967,-82.5157,1.7739
57.7838,3.771,0.6115,-79.8698,1.7821
57.8216,3.7823,1.1258,-77.2443,1.7951
57.8596,3.7987,1.6418,-74.6507,1.8132
57.8978,3.8203,2.1532,-72.0983,1.8362
57.9364,3.8572,3.6938,-69.736,2.0152
57.9757,3.933,7.5796,-67.6709,2.1995
58.0158,4.013,8.0024,-65.8331,2.4004
58.0567,4.093,8,-64.2206,2.6177
58.0985,4.173,7.9952,-62.7914,2.8518
58.141,4.253,8.0001,-61.5142,3.1021
58.1843,4.333,8.0038,-60.3656,3.3684
58.2285,4.413,7.9939,-59.325,3.6511
58.2734,4.493,8.0012,-58.3762,3.9498
58.3191,4.573,8.0015,-57.5073,4.2643
58.3656,4.653,8.001,-56.7076,4.5943
58.413,4.733,7.9933,-55.9675,4.9405
58.4611,4.813,8.0044,-55.2801,5.3018
58.51,4.8929,8.0021,-54.64,5.678
58.5598,4.9719,7.8898,-54.0409,6.07
58.6098,5.0002,2.8265,-53.4812,6.4724
58.6597,5.0002,-0.0006,-52.9615,6.8819
58.7098,5.0002,-0.0006,-52.4778,7.2994
58.7598,5.0002,-0.0006,-52.0256,7.7236
58.8098,5.0002,-0.0005,-51.6018,8.1536
58.8598,5.0002,-0.0005,-51.2034,8.5898
58.9098,5.0002,-0.0005,-50.8279,9.0304
58.9598,5.0002,-0.0005,-50.4729,9.4761
59.0098,5.0002,-0.0004,-50.1364,9.9261
59.0598,5.0001,-0.0004,-49.8169,10.3796
59.1099,5.0001,-0.0004,-49.5125,10.8373
59.1598,5.0001,-0.0004,-49.2223,11.297
59.2098,5.0001,-0.0004,-48.9451,11.7595
59.2599,5.0001,-0.0003,-48.6798,12.2245
59.3099,5.0001,-0.0003,-48.4253,12.691
59.3598,5.0001,-0.0003,-48.1812,13.1581
59.4098,5.0001,-0.0003,-47.9465,13.6268
59.4598,5.0001,-0.0003,-47.7204,14.0963
59.5098,5.0001,-0.0003,-47.5022,14.5668
59.5599,5.0001,-0.0003,-47.2915,15.0369
59.6098,5.0001,-0.0003,-47.088,15.5062
59.6598,5.0001,-0.0003,-46.8911,15.9752
59.7098,5.0001,-0.0002,-46.7004,16.4429
59.7599,5.0001,-0.0002,-46.5153,16.9108
59.8098,5.0001,-0.0002,-46.3356,17.3754
59.8598,5.0001,-0.0002,-46.1612,17.8389
59.9099,5.0001,-0.0002,-45.9914,18.301
59.9598,5.0001,-0.0002,-45.8261,18.7601
60.0098,5.0001,-0.0002,-45.6652,19.2161
60.0598,5.0001,-0.0002,-45.5083,19.6703
60.1098,5.0001,-0.0002,-45.3552,20.1203
60.1598,5.0001,-0.0002,-45.2057,20.5677
60.2099,5.0001,-0.0002,-45.0595,21.0119
60.2598,5.0001,-0.0002,-44.9167,21.4512
60.3099,5.0001,-0.0002,-44.7769,21.8879
60.3598,5.0001,-0.0002,-44.64,22.3194
60.4099,5.0001,-0.0002,-44.5059,22.7469
60.4599,5.0001,-0.0002,-44.3743,23.1695
60.5099,5.0001,-0.0002,-44.2453,23.5876
60.5598,5.0001,-0.0002,-44.1187,23.9999
60.6099,5.0001,-0.0002,-43.9944,24.4074
60.6598,5.0001,-0.0002,-43.8722,24.8083
60.7099,5.0001,-0.0002,-43.7521,25.2065
60.7598,5.0001,-0.0001,-43.634,25.5962
60.8098,5.0001,-0.0001,-43.5178,25.9804
60.8598,5.0001,-0.0001,-43.4032,26.3604
60.9098,5.0001,-0.0001,-43.2905,26.7315
60.9599,5.0001,-0.0001,-43.1793,27.099
61.0099,5.0001,-0.0001,-43.0697,27.459
61.0598,5.0001,-0.0001,-42.9616,27.8108
61.1098,5.0001,-0.0001,-42.8549,28.1573
61.1599,5.0001,-0.0001,-42.7495,28.498
61.2099,5.0001,-0.0001,-42.6454,28.8302
61.2598,5.0001,-0.0001,-42.5427,29.1552
61.3098,5.0001,-0.0001,-42.4412,29.4727
61.3598,5.0001,-0.0001,-42.3407,29.7842
61.4099,5.0001,-0.0001,-42.2413,30.0891
61.4598,5,-0.0001,-42.1429,30.383
61.5099,5,-0.0001,-42.0455,30.6717
61.5599,5,-0.0001,-41.949,30.9542
61.6099,5,-0.0001,-41.8535,31.2266
61.6599,5,-0.0001,-41.7588,31.4904
61.7098,5,-0.0001,-41.6651,31.7469
61.7599,5,-0.0001,-41.5721,31.9967
61.8099,5,-0.0001,-41.4797,32.2369
61.8599,5,-0.0001,-41.3881,32.4693
61.9099,5,-0.0001,-41.2972,32.6959
61.9599,5,-0.0001,-41.2069,32.912
62.0099,5,-0.0001,-41.1173,33.1196
62.0598,5,-0.0001,-41.0283,33.3206
62.1099,5,-0.0001,-40.9397,33.5131
62.1599,5,-0.0001,-40.8516,33.6964
62.21,5,-0.0001,-40.7641,33.8726
62.2599,5,-0.0001,-40.677,34.0394
62.3098,5,-0.0001,-40.5905,34.1964
62.3599,5,-0.0001,-40.5044,34.3486
62.4098,5,-0.0001,-40.4186,34.4884
62.4599,5,-0.0001,-40.3332,34.6208
62.5099,5,-0.0001,-40.248,34.7478
62.5598,5,-0.0001,-40.1633,34.862
62.6098,5,-0.0001,-40.0788,34.9709
62.66,5,-0.0001,-39.9945,35.0696
62.7098,5,-0.0001,-39.9105,35.1624
62.7599,5,-0.0001,-39.8267,35.245
62.8098,5,-0.0001,-39.7432,35.3217
62.8599,5,-0.0001,-39.6599,35.3857
62.9099,5,-0.0001,-39.5766,35.4439
62.9598,5,-0.0001,-39.4936,35.4964
63.01,5,-0.0001,-39.4106,35.5361
63.0598,5,-0.0001,-39.3277,35.5698
63.1099,5,-0.0001,-39.245,35.5957
63.1599,5,-0.0001,-39.1622,35.6135
63.2099,5,-0.0001,-39.0795,35.6207
63.2598,5,-0.0001,-38.9969,35.6249
63.31,5,-0.0001,-38.9143,35.6164
63.36,5,-0.0001,-38.8315,35.6024
63.4098,5,-0.0001,-38.7489,35.5805
63.4599,5,-0.0001,-38.6662,35.5511
63.5098,5,-0.0001,-38.5834,35.5115
63.56,5,-0.0001,-38.5005,35.4669
63.6099,5,-0.0001,-38.4173,35.4124
63.66,5,-0.0001,-38.3342,35.3506
63.7098,5,-0.0001,-38.251,35.284
63.7599,5,-0.0001,-38.1676,35.2103
63.8099,5,-0.0001,-38.0839,35.125
63.8598,5,-0.0001,-38.0001,35.0351
63.9099,5,-0.0001,-37.916,34.9386
63.9598,5,-0.0001,-37.8317,34.8356
64.0099,5,-0.0001,-37.7471,34.7238
64.0598,5,-0.0001,-37.6623,34.6037
64.1099,5,-0.0001,-37.5772,34.4819
64.1598,5,-0.0001,-37.4917,34.3498
64.2099,5,-0.0001,-37.4059,34.2098
64.2599,5,-0.0001,-37.3197,34.0643
64.3099,5,-0.0001,-37.2331,33.9155
64.3599,5,-0.0001,-37.1462,33.7553
64.4099,5,-0.0001,-37.0588,33.5922
64.4599,5,-0.0001,-36.9711,33.4222
64.51,5,-0.0001,-36.8828,33.2456
64.5599,5,-0.0001,-36.7941,33.0628
64.6099,5,-0.0001,-36.7049,32.8757
64.6599,5,-0.0001,-36.6152,32.6828
64.7098,5,-0.0001,-36.5249,32.4823
64.7599,5,-0.0001,-36.434,32.2783
64.8099,5,-0.0001,-36.3425,32.0672
64.8599,5,-0.0001,-36.2504,31.8496
64.9099,5,-0.0001,-36.1576,31.6291
64.96,5,-0.0001,-36.0641,31.4025
65.0099,5,-0.0001,-35.97,31.1719
65.0598,5,-0.0001,-35.8754,30.9358
65.1098,5,-0.0001,-35.7799,30.6928
65.1599,5,-0.0001,-35.6835,30.4481
65.2099,5,-0.0001,-35.5862,30.1973
65.2598,5,-0.0001,-35.4883,29.9423
65.3099,5,-0.0001,-35.3895,29.6818
65.36,5,-0.0001,-35.2896,29.4175
65.4098,5,-0.0001,-35.189,29.1503
65.4599,5,-0.0001,-35.0875,28.8783
65.5099,5,-0.0001,-34.9848,28.601
65.5599,5,-0.0001,-34.8811,28.3213
65.6099,5,-0.0001,-34.7764,28.0397
65.6599,5,-0.0001,-34.6707,27.7499
65.7099,5,-0.0001,-34.5637,27.4598
65.7599,5,-0.0001,-34.4556,27.1653
65.8099,5,-0.0001,-34.3463,26.8687
65.8599,5,-0.0001,-34.2357,26.5681
65.9098,5,-0.0001,-34.1239,26.2632
65.9599,5,-0.0001,-34.0107,25.9561
66.0099,5,-0.0001,-33.896,25.6476
66.0599,5,-0.0001,-33.78,25.3358
66.1099,5,-0.0001,-33.6625,25.0201
66.1599,5,-0.0001,-33.5434,24.7022
66.2099,5,-0.0001,-33.4227,24.3832
66.2598,5,-0.0001,-33.3005,24.0613
66.3098,5,-0.0001,-33.1766,23.7371
66.3599,5,-0.0001,-33.0508,23.4106
66.4099,5,-0.0001,-32.9231,23.0832
66.4599,5,-0.0001,-32.7936,22.7529
66.5099,5,-0.0001,-32.6622,22.4218
66.5598,5,-0.0001,-32.5288,22.0882
66.6099,5,-0.0001,-32.3932,21.7537
66.6599,4.9999,-0.0001,-32.2553,21.4178
66.7099,4.9999,-0.0001,-32.1152,21.081
66.7599,4.9999,-0.0001,-31.9729,20.7432
66.8099,4.9999,-0.0001,-31.8281,20.4036
66.8599,4.9999,-0.0001,-31.6807,20.0629
66.9098,4.9999,-0.0001,-31.5309,19.723
66.9598,4.9999,-0.0001,-31.3783,19.3814
67.0099,4.9999,-0.0001,-31.2227,19.0391
67.0598,4.9999,-0.0001,-31.0642,18.6968
67.1099,4.9999,-0.0001,-30.9027,18.3541
67.1598,4.9999,-0.0001,-30.7381,18.0116
67.2099,4.9999,-0.0001,-30.57,17.6677
67.2598,4.9999,-0.0001,-30.3985,17.3256
67.3098,4.9999,-0.0001,-30.2237,16.9827
67.3599,4.9999,-0.0001,-30.0448,16.6403
67.4099,4.9999,-0.0001,-29.8619,16.2978
67.4598,4.9999,-0.0001,-29.6752,15.9572
67.5099,4.9999,-0.0001,-29.4843,15.6157
67.5599,4.9999,-0.0001,-29.2887,15.2757
67.6099,4.9999,-0.0002,-29.0886,14.9367
67.6598,4.9999,-0.0002,-28.8838,14.5985
67.7098,4.9999,-0.0002,-28.6737,14.2611
67.7598,4.9999,-0.0002,-28.4583,13.9253
67.8099,4.9999,-0.0002,-28.2373,13.5906
67.8598,4.9999,-0.0002,-28.0105,13.2577
67.9098,4.9999,-0.0002,-27.7777,12.9263
67.9599,4.9999,-0.0002,-27.5382,12.596
68.0099,4.9999,-0.0002,-27.2918,12.2678
68.0598,4.9999,-0.0002,-27.0385,11.9423
68.1099,4.9999,-0.0002,-26.7778,11.6181
68.1599,4.9999,-0.0002,-26.5089,11.2962
68.2098,4.9999,-0.0002,-26.2317,10.9769
68.2599,4.9999,-0.0002,-25.9457,10.6596
68.3099,4.9999,-0.0002,-25.6503,10.3453
68.3599,4.9999,-0.0002,-25.3451,10.0334
68.4098,4.9999,-0.0002,-25.0296,9.725
68.4598,4.9999,-0.0002,-24.7029,9.4188
68.5098,4.9999,-0.0002,-24.3641,9.1159
68.5598,4.9999,-0.0002,-24.0129,8.8163
68.6098,4.9999,-0.0002,-23.6482,8.5198
68.6598,4.9999,-0.0002,-23.2693,8.2273
68.7099,4.9999,-0.0002,-22.8749,7.9376
68.7598,4.9999,-0.0003,-22.4642,7.6525
68.8099,4.9999,-0.0003,-22.0362,7.3708
68.8598,4.9999,-0.0003,-21.5893,7.0936
68.9098,4.9999,-0.0003,-21.1224,6.8204
68.9598,4.9999,-0.0003,-20.6337,6.5517
69.0098,4.9999,-0.0003,-20.1212,6.2873
69.0598,4.9999,-0.0003,-19.5833,6.0278
69.1098,4.9999,-0.0003,-19.0183,5.7733
69.1598,4.9999,-0.0003,-18.4231,5.5235
69.2098,4.9999,-0.0003,-17.7955,5.2792
69.2598,4.9999,-0.0003,-17.1323,5.04
69.3098,4.9998,-0.0003,-16.4301,4.8067
69.3598,4.9998,-0.0003,-15.6852,4.5787
69.4098,4.9998,-0.0003,-14.8933,4.357
69.4598,4.9998,-0.0003,-14.0504,4.1416
69.5098,4.9998,-0.0003,-13.1496,3.9321
69.5598,4.9998,-0.0003,-12.1857,3.7298
69.6095,4.9734,-2.6453,-11.1546,3.535
69.6585,4.8947,-7.8607,-10.0567,3.3502
69.7066,4.8147,-8.0002,-8.8931,3.1753
69.754,4.7347,-8.001,-7.6586,3.0102
69.8005,4.6548,-8.0018,-6.3478,2.8548
69.8462,4.5748,-7.9959,-4.9534,2.7089
69.8912,4.4948,-8.0027,-3.4689,2.5725
69.9353,4.4148,-7.9964,-1.8874,2.4453
69.9787,4.3348,-7.9961,-0.2001,2.3272
70.0213,4.2568,-7.7978,1.5849,5.1991
70.064,4.2743,1.7491,2.6307,5.1525
70.1075,4.3542,8.0057,3.2198,5.1063
70.1519,4.4342,7.9931,3.8266,5.0606
70.197,4.5142,8.0012,4.4518,5.0154
70.243,4.5942,8.0022,5.0949,4.9709
70.2897,4.6742,7.9969,5.7567,4.9271
70.3372,4.7542,8.0041,6.4373,4.8841
70.3856,4.8342,7.9989,7.1367,4.842
70.4348,4.9142,7.9941,7.8561,4.8008
70.4846,4.9869,7.2718,8.5945,4.7609
70.5346,5,1.3059,9.3467,4.7225
70.5846,5,0.0001,10.1075,4.6859
70.6346,5,0.0001,10.8759,4.651
70.6846,5,0.0001,11.6517,4.6179
70.7346,5,0.0001,12.4347,4.5866
70.7846,5,0.0001,13.2241,4.557
70.8346,5,0.0001,14.0204,4.5292
70.8846,5,0.0001,14.8227,4.5033
70.9346,5,0.0001,15.6303,4.4791
70.9846,5,0.0001,16.4441,4.4566
71.0346,5,0.0001,17.2633,4.436
71.0846,5,0.0001,18.087,4.4171
71.1346,5,0.0001,18.915,4.4
71.1846,5,0.0001,19.7476,4.3846
71.2346,5,0.0001,20.584,4.3711
71.2846,5,0.0001,21.4232,4.3593
71.3346,5,0.0001,22.2657,4.3493
71.3846,5,0.0001,23.1104,4.3411
71.4346,5,0.0001,23.9572,4.3345
71.4846,5,0.0001,24.8057,4.3298
71.5346,5,0.0001,25.6551,4.3268
71.5846,5,0.0001,26.5055,4.3256
71.6346,5,0.0001,27.3563,4.326
71.6846,5,0.0001,28.207,4.3282
71.7346,5,0.0001,29.0573,4.3321
71.7846,5,0.0001,29.9065,4.3377
71.8346,5,0.0001,30.7541,4.345
71.8846,5,0.0001,31.6001,4.3539
71.9346,5,0.0001,32.4434,4.3645
71.9846,5,0.0001,33.2844,4.3768
72.0346,5,0.0001,34.1229,4.3906
72.0846,5,0.0001,34.9575,4.4061
72.1346,5,0.0001,35.788,4.4232
72.1846,5,0.0001,36.6146,4.4419
72.2346,5,0.0001,37.4373,4.4621
72.2846,5,0.0001,38.2546,4.4838
72.3346,5,0.0001,39.067,4.5071
72.3846,5,0.0001,39.8743,4.5319
72.4346,5,0.0001,40.6758,4.5581
72.4846,5,0.0001,41.4719,4.5858
72.5346,5,0.0001,42.2619,4.6149
72.5846,5,0.0001,43.0451,4.6454
72.6346,5,0.0001,43.8221,4.6773
72.6846,5,0.0001,44.5927,4.7106
72.7346,5,0.0001,45.3562,4.7451
72.7846,5,0.0001,46.1127,4.7809
72.8346,5,0.0001,46.8621,4.8181
72.8846,5,0.0001,47.6044,4.8564
72.9346,5,0.0001,48.3394,4.896
72.9846,5,0,49.0668,4.9367
73.0346,5,0,49.7865,4.9786
73.0846,5,0,50.499,5.0215
73.1346,5,0,51.2042,5.0656
73.1846,5,0,51.9017,5.1108
73.2346,5,0,52.5917,5.1568
73.2846,5,0,53.274,5.2039
73.3346,5,0,53.9488,5.252
73.3846,5,0,54.616,5.3008
73.4346,5,0,55.2758,5.3506
73.4846,5,0,55.9283,5.4012
73.5346,5,0,56.5729,5.4525
73.5846,5,0,57.2103,5.5047
73.6346,5,0,57.8406,5.5576
73.6846,5,0,58.4633,5.611
73.7346,5,0,59.079,5.6651
73.7846,5,0,59.6878,5.7199
73.8346,5,0,60.2894,5.7751
73.8846,5,0,60.8839,5.8308
73.9346,5,0,61.4717,5.887
73.9846,5,0,62.053,5.9436
74.0346,5,0,62.6279,6.0006
74.0846,5,0,63.196,6.0579
74.1346,5,0,63.7579,6.1155
74.1846,5,0,64.3137,6.1734
74.2346,5,0,64.8628,6.2313
74.2846,5,0,65.4059,6.2895
74.3346,5,0,65.9432,6.3478
74.3846,5,0,66.4749,6.4062
74.4346,5,0,67.0009,6.4645
74.4846,5,0,67.5211,6.5228
74.5346,5,0,68.036,6.581
74.5846,5,0,68.5456,6.639
74.6346,5,0,69.05,6.697
74.6846,5,0,69.5491,6.7545
74.7346,5,0,70.0432,6.8121
74.7846,5,0,70.5328,6.8691
74.8346,5,0,71.0174,6.9258
74.8846,5,0,71.4973,6.9821
74.9346,5,0,71.973,7.038
74.9846,5,0,72.4444,7.0933
75.0346,5,0,72.9114,7.1481
75.0846,5,0,73.3742,7.2022
75.1346,5,0,73.8328,7.2557
75.1846,5,0,74.2878,7.3084
75.2346,5,0,74.7389,7.3604
75.2846,5,0,75.1862,7.4117
75.3346,5,0,75.6303,7.4624
75.3846,5,0,76.0708,7.512
75.4346,5,0,76.5078,7.5604
75.4846,5,0,76.942,7.608
75.5346,5,0,77.3728,7.6546
75.5846,5,0,77.8004,7.7001
75.6346,5,0,78.2254,7.7446
75.6846,5,0,78.6477,7.7879
75.7346,5,0,79.0672,7.8298
75.7846,5,0,79.4842,7.8707
75.8346,5,0,79.8986,7.9102
75.8846,5,0,80.3106,7.9484
75.9346,5,0,80.7203,7.9853
75.9846,5,0,81.128,8.0206
76.0346,5,0,81.5338,8.0548
76.0846,5,0,81.9376,8.0871
76.1346,5,0,82.3393,8.1182
76.1846,5,0,82.7394,8.1475
76.2346,5,0,83.1379,8.1753
76.2846,5,0,83.5349,8.2014
76.3346,5,0,83.9305,8.226
76.3846,5,0,84.3248,8.2489
76.4346,5,0,84.7176,8.2698
76.4846,5,0,85.1093,8.2891
76.5346,5,0,85.5001,8.3069
76.5846,5,0,85.8902,8.3224
76.6346,5,0,86.2793,8.3363
76.6846,5,0,86.6674,8.3483
76.7346,4.9987,-0.1252,87.2092,3.1907
76.7846,5,0.122,88.4197,3.1707
76.8346,5,0.0002,89.7147,3.1527
76.8846,5,0.0002,91.02,3.1366
76.9346,4.9998,-0.0207,92.335,3.1224
76.9845,4.9928,-0.6954,93.6575,3.11
77.0343,4.9837,-0.9097,94.9854,3.0996
77.0841,4.9761,-0.7611,96.318,3.0911
77.1338,4.97,-0.6149,97.6538,3.0844
77.1834,4.9653,-0.4704,98.9922,3.0794
77.2331,4.962,-0.3286,100.3332,3.0762
77.2827,4.9601,-0.1896,101.6754,3.0747
77.3323,4.9595,-0.0531,103.0181,3.0749
77.3819,4.9603,0.0803,104.3607,3.0767
77.4315,4.9624,0.2106,105.7026,3.0801
77.4812,4.9658,0.3378,107.0431,3.085
77.5308,4.9704,0.4615,108.3809,3.0915
77.5806,4.9762,0.5814,109.7163,3.0995
77.6305,4.9832,0.6977,111.0494,3.1089
77.6804,4.9913,0.8111,112.3782,3.1197
77.7304,4.999,0.7693,113.7023,3.1318
77.7803,5,0.0964,115.02,3.1453
77.8303,5,0.0001,116.3294,3.1599
77.8804,5,0.0001,117.631,3.1757
77.9304,5,0.0001,118.9231,3.1927
77.9804,5,0.0001,120.2055,3.2106
78.0304,5,0.0001,121.4774,3.2296
78.0804,5,0.0001,122.7386,3.2494
78.1304,5,0.0001,123.9892,3.2701
78.1804,5,0.0001,125.2283,3.2917
78.2304,5,0.0001,126.456,3.3139
78.2803,5,0.0001,127.6717,3.3368
78.3304,5,0.0001,128.876,3.3604
78.3804,5,0.0001,130.069,3.3845
78.4303,5,0.0001,131.2497,3.4091
78.4804,5,0.0001,132.4187,3.4341
78.5304,5,0.0001,133.5762,3.4595
78.5803,5,0.0001,134.7212,3.4852
78.6303,5,0.0001,135.8544,3.5112
78.6804,5,0.0001,136.9768,3.5374
78.7304,5,0,138.0879,3.5638
78.7804,5,0,139.1874,3.5902
78.8304,5,0,140.2761,3.6168
78.8803,5,0,141.3536,3.6433
78.9304,5,0,142.4203,3.6699
78.9804,5,0,143.477,3.6963
79.0304,5,0,144.5233,3.7227
79.0804,5,0,145.5596,3.7489
79.1303,5,0,146.5861,3.775
79.1803,5,0,147.6031,3.8008
79.2303,5,0,148.6109,3.8265
79.2804,5,0,149.6102,3.8519
79.3304,5,0,150.6008,3.877
79.3803,5,0,151.5819,3.9017
79.4303,5,0,152.5547,3.9262
79.4804,5,0,153.5202,3.9504
79.5304,5,0,154.4779,3.9742
79.5804,5,0,155.4281,3.9976
79.6304,5,0,156.3706,4.0207
79.6804,5,0,157.306,4.0434
79.7304,5,0,158.2347,4.0657
79.7804,5,0,159.1567,4.0877
79.8304,5,0,160.0724,4.1093
79.8804,5,0,160.9813,4.1305
79.9304,5,0,161.8843,4.1514
79.9804,5,0,162.7814,4.1719
80.0304,5,0,163.6729,4.1921
80.0804,5,0,164.5588,4.2119
80.1304,5,0,165.4395,4.2314
80.1804,5,0,166.315,4.2505
80.2304,5,0,167.185,4.2694
80.2804,5,0,168.05,4.288
80.3304,5,0,168.9109,4.3063
80.3804,5,0,169.7665,4.3243
80.4303,5,0,170.6171,4.3422
80.4804,5,0,171.4639,4.3598
80.5304,5,0,172.3063,4.3772
80.5804,5,0,173.1439,4.3945
80.6304,5,0,173.978,4.4116
80.6804,5,0,174.808,4.4286
80.7304,5,0,175.6335,4.4455
80.7803,5,0,176.4546,4.4623
80.8304,5,0,177.2718,4.4791
80.8804,5,0,178.0857,4.4958
80.9304,5,0,178.8959,4.5125
80.9804,5,0,179.7019,4.5292
81.0304,5,0,-179.4958,4.546
81.0804,5,0,-178.6971,4.5629
81.1304,5,0,-177.9025,4.5798
81.1804,5,0,-177.1115,4.5969
81.2304,5,0,-176.3241,4.6141
81.2803,5,0,-175.5407,4.6314
81.3304,5,0,-174.7609,4.649
81.3804,5,0,-173.9846,4.6667
81.4304,5,0,-173.2118,4.6847
81.4804,5,0,-172.4426,4.703
81.5304,5,0,-171.6779,4.7215
81.5804,5,0,-170.9168,4.7403
81.6304,5,0,-170.1593,4.7595
81.6804,5,0,-169.4058,4.779
81.7304,5,0,-168.656,4.7989
81.7804,5,0,-167.9097,4.8191
81.8304,5,0,-167.1677,4.8398
81.8804,5,0,-166.4297,4.8609
81.9304,5,0,-165.6955,4.8824
81.9804,5,0,-164.9656,4.9044
82.0304,5,0,-164.2399,4.9269
82.0804,5,0,-163.518,4.9499
82.1304,5,0,-162.8004,4.9734
82.1804,5,0,-162.0867,4.9974
82.2304,5,0,-161.3774,5.022
82.2804,5,0,-160.6725,5.0472
82.3304,5,0,-159.9716,5.0729
82.3804,5,0,-159.2752,5.0992
82.4304,5,0,-158.5834,5.1261
82.4804,5,0,-157.8961,5.1536
82.5304,5,0,-157.2135,5.1817
82.5804,5,0,-156.535,5.2106
82.6302,4.986,-1.4099,-155.8623,5.2399
82.6801,4.9815,-0.4407,-156.1063,3.2852
82.7301,5.0002,1.865,-157.3356,3.5302
82.78,5.0002,-0.0006,-158.4508,3.7858
82.8301,5.0002,-0.0006,-159.4653,4.0525
82.8801,5.0002,-0.0006,-160.3928,4.3291
82.9301,5.0002,-0.0006,-161.2433,4.6156
82.9801,5.0002,-0.0005,-162.0269,4.9115
83.0301,5.0002,-0.0005,-162.7521,5.2173
83.08,5.0002,-0.0005,-163.4251,5.5316
83.1301,5.0002,-0.0005,-164.0518,5.8554
83.1801,5.0002,-0.0005,-164.6373,6.1875
83.2301,5.0002,-0.0004,-165.1857,6.5287
83.2801,5.0002,-0.0004,-165.7004,6.8775
83.3301,5.0001,-0.0004,-166.1844,7.2342
83.3801,5.0001,-0.0004,-166.6411,7.5997
83.4301,5.0001,-0.0004,-167.0726,7.9719
83.4801,5.0001,-0.0004,-167.4812,8.3528
83.5301,5.0001,-0.0003,-167.8689,8.7403
83.5801,5.0001,-0.0003,-168.2371,9.1354
83.6302,5.0001,-0.0003,-168.5877,9.538
83.6801,5.0001,-0.0003,-168.9217,9.9466
83.7301,5.0001,-0.0003,-169.2403,10.3628
83.7801,5.0001,-0.0003,-169.5451,10.7861
83.8301,5.0001,-0.0003,-169.8367,11.2152
83.8802,5.0001,-0.0003,-170.1161,11.6517
83.9301,5.0001,-0.0003,-170.384,12.0935
83.9802,5.0001,-0.0003,-170.6413,12.5431
84.0302,5.0001,-0.0002,-170.8888,12.9981
84.0802,5.0001,-0.0002,-171.1269,13.4595
84.1301,5.0001,-0.0002,-171.3559,13.926
84.1801,5.0001,-0.0002,-171.5767,14.3991
84.2302,5.0001,-0.0002,-171.79,14.8786
84.2801,5.0001,-0.0002,-171.9958,15.3624
84.3301,5.0001,-0.0002,-172.1947,15.8534
84.3801,5.0001,-0.0002,-172.3872,16.3492
84.4301,5.0001,-0.0002,-172.5733,16.8509
84.4801,5.0001,-0.0002,-172.7536,17.3578
84.5301,5.0001,-0.0002,-172.9283,17.8699
84.5801,5.0001,-0.0002,-173.0977,18.3869
84.6302,5.0001,-0.0002,-173.2621,18.9104
84.6802,5.0001,-0.0002,-173.4219,19.438
84.7302,5.0001,-0.0002,-173.5769,19.9706
84.7802,5.0001,-0.0002,-173.7275,20.5085
84.8301,5.0001,-0.0002,-173.874,21.0501
84.8802,5.0001,-0.0002,-174.0167,21.5982
84.9302,5.0001,-0.0002,-174.1556,22.1506
84.9801,5.0001,-0.0002,-174.2906,22.7071
85.0301,5.0001,-0.0002,-174.4222,23.2692
85.0801,5.0001,-0.0002,-174.5507,23.8353
85.1302,5.0001,-0.0001,-174.676,24.4065
85.1801,5.0001,-0.0001,-174.7982,24.9814
85.2301,5.0001,-0.0001,-174.9174,25.5602
85.2802,5.0001,-0.0001,-175.0339,26.1464
85.3302,5.0001,-0.0001,-175.1478,26.7325
85.3802,5.0001,-0.0001,-175.259,27.3249
85.4301,5.0001,-0.0001,-175.3675,27.9227
85.4801,5.0001,-0.0001,-175.4737,28.5218
85.5302,5.0001,-0.0001,-175.5777,29.1284
85.5802,5.0001,-0.0001,-175.6795,29.7372
85.6302,5.0001,-0.0001,-175.779,30.3495
85.6802,5,-0.0001,-175.8765,30.9659
85.7302,5,-0.0001,-175.9719,31.5883
85.7802,5,-0.0001,-176.0655,32.2107
85.8301,5,-0.0001,-176.1571,32.8366
85.8802,5,-0.0001,-176.247,33.4714
85.9302,5,-0.0001,-176.3352,34.1049
85.9802,5,-0.0001,-176.4215,34.7452
86.0301,5,-0.0001,-176.5063,35.3853
86.0801,5,-0.0001,-176.5895,36.034
86.1301,5,-0.0001,-176.6712,36.6836
86.1801,5,-0.0001,-176.7514,37.333
86.2302,5,-0.0001,-176.8302,37.9929
86.2802,5,-0.0001,-176.9076,38.646
86.3301,5,-0.0001,-176.9835,39.3119
86.3802,5,-0.0001,-177.0582,39.9781
86.4302,5,-0.0001,-177.1317,40.6425
86.4802,5,-0.0001,-177.2039,41.3187
86.5301,5,-0.0001,-177.2749,41.9965
86.5802,5,-0.0001,-177.3447,42.6697
86.6302,5,-0.0001,-177.4134,43.3531
86.6802,5,-0.0001,-177.481,44.0349
86.7302,5,-0.0001,-177.5475,44.7263
86.7802,5,-0.0001,-177.613,45.4142
86.8301,5,-0.0001,-177.6774,46.1037
86.8801,5,-0.0001,-177.7408,46.8009
86.9302,5,-0.0001,-177.8033,47.4984
86.9802,5,-0.0001,-177.8649,48.2024
87.0302,5,-0.0001,-177.9255,48.8968
87.0801,5,-0.0001,-177.9853,49.604
87.1302,5,-0.0001,-178.0442,50.3162
87.1802,5,-0.0001,-178.1022,51.0236
87.2302,5,-0.0001,-178.1594,51.734
87.2802,5,-0.0001,-178.2159,52.4562
87.3302,5,-0.0001,-178.2716,53.1706
87.3802,5,-0.0001,-178.3264,53.896
87.4301,5,-0.0001,-178.3805,54.611
87.4802,5,-0.0001,-178.4339,55.3248
87.5302,5,-0.0001,-178.4866,56.0593
87.5802,5,-0.0001,-178.5386,56.7918
87.6302,5,-0.0001,-178.5899,57.5086
87.6802,5,-0.0001,-178.6406,58.246
87.7302,5,-0.0001,-178.6906,58.9781
87.7802,5,-0.0001,-178.7399,59.7318
87.8302,5,-0.0001,-178.7887,60.4647
87.8801,5,-0.0001,-178.8368,61.1886
87.9302,5,-0.0001,-178.8844,61.9485
87.9802,5,-0.0001,-178.9314,62.6828
88.0302,5,-0.0001,-178.9778,63.4211
88.0801,5,-0.0001,-179.0236,64.1631
88.1302,5,-0.0001,-179.0689,64.9264
88.1802,5,-0.0001,-179.1138,65.675
88.2301,5,-0.0001,-179.158,66.4453
88.2802,5,-0.0001,-179.2017,67.1782
88.3302,5,-0.0001,-179.245,67.9314
88.3802,5,-0.0001,-179.2878,68.7063
88.4302,5,-0.0001,-179.3301,69.4598
88.4802,5,-0.0001,-179.3719,70.2117
88.5302,5,-0.0001,-179.4133,70.9848
88.5801,5,-0.0001,-179.4542,71.7315
88.6301,5,-0.0001,-179.4946,72.4733
88.6802,5,-0.0001,-179.5347,73.262
88.7302,5,-0.0001,-179.5744,74.0197
88.7802,5,-0.0001,-179.6136,74.7707
88.8302,5,-0.0001,-179.6524,75.5429
88.8802,5,-0.0001,-179.6908,76.3376
88.9302,5,-0.0001,-179.7288,77.0936
88.9802,5,-0.0001,-179.7664,77.8709
89.0302,5,-0.0001,-179.8037,78.6376
89.0802,5,-0.0001,-179.8406,79.4263
89.1302,5,-0.0001,-179.8771,80.1668
89.1802,5,-0.0001,-179.9133,80.965
89.2302,5,-0.0001,-179.9491,81.7494
89.2802,5,-0.0001,-179.9845,82.5172
89.3301,5,-0.0001,179.9804,83.2665
89.3802,5,-0.0001,179.9456,84.0791
89.4302,5,-0.0001,179.9111,84.8292
89.4801,5,-0.0001,179.8769,85.6474
89.5302,5,-0.0001,179.8431,86.396
89.5802,5,-0.0001,179.8096,87.1668
89.6302,5,-0.0001,179.7764,87.9608
89.6802,5,-0.0001,179.7434,88.7797
89.7302,5,-0.0001,179.7108,89.5164
89.7801,5,-0.0001,179.6785,90.2753
89.8302,5,-0.0001,179.6464,91.1144
89.8802,5,-0.0001,179.6146,91.8616
89.9301,5,-0.0001,179.5831,92.6949
89.9802,5,-0.0001,179.5519,93.4911
90.0302,5,-0.0001,179.5209,94.3137
90.0802,5,-0.0001,179.4902,95.026
90.1302,5,-0.0001,179.4598,95.903
90.1801,5,-0.0001,179.4296,96.5896
90.2302,5,-0.0001,179.3996,97.4487
90.2802,5,-0.0001,179.3699,98.2605
90.3302,4.9999,-0.0001,179.3405,99.1016
90.3802,4.9999,-0.0001,179.3113,99.8012
90.4302,4.9999,-0.0001,179.2823,100.6118
90.4801,4.9999,-0.0001,179.2536,101.3607
90.5302,4.9999,-0.0001,179.2251,102.2282
90.5801,4.9999,-0.0001,179.1968,103.0341
90.6302,4.9999,-0.0001,179.1687,103.9713
90.6802,4.9999,-0.0001,179.1409,104.6293
90.7302,4.9999,-0.0001,179.1133,105.6405
90.7801,4.9999,-0.0002,179.0859,106.3542
90.8302,4.9999,-0.0002,179.0587,107.3312
90.8801,4.9999,-0.0002,179.0318,107.9814
90.9301,4.9999,-0.0002,179.005,108.9101
90.9802,4.9999,-0.0002,178.9785,109.7477
91.0302,4.9999,-0.0002,178.9521,110.482
91.0802,4.9999,-0.0002,178.926,111.5392
91.1301,4.9999,-0.0002,178.9001,112.3485
91.1802,4.9999,-0.0002,178.8744,113.3527
91.2301,4.9999,-0.0002,178.8489,114.2458
91.2801,4.9999,-0.0002,178.8236,115.0092
91.3302,4.9999,-0.0002,178.7985,116.0795
91.3801,4.9999,-0.0002,178.7736,116.9303
91.4302,4.9999,-0.0002,178.7489,117.922
91.4801,4.9999,-0.0002,178.7244,118.9762
91.5301,4.9999,-0.0002,178.7001,119.8778
91.5801,4.9999,-0.0002,178.676,121.0605
91.6301,4.9999,-0.0002,178.6522,121.9633
91.6801,4.9999,-0.0002,178.6285,123.1757
91.7301,4.9999,-0.0002,178.605,124.2115
91.7802,4.9999,-0.0002,178.5818,125.3159
91.8301,4.9999,-0.0003,178.5588,126.6583
91.8801,4.9999,-0.0003,178.536,127.9555
91.9301,4.9999,-0.0003,178.5134,129.3615
91.9801,4.9999,-0.0003,178.4911,130.7172
92.0302,4.9999,-0.0003,178.469,132.1928
92.0801,4.9999,-0.0003,178.4472,133.8198
92.1301,4.9999,-0.0003,178.4256,135.3975
92.1801,4.9999,-0.0003,178.4043,137.143
92.2301,4.9999,-0.0003,178.3833,139.3515
92.2801,4.9999,-0.0004,178.3626,141.2821
92.3301,4.9999,-0.0004,178.3422,143.7682
92.3801,4.9999,-0.0004,178.3222,146.6261
92.4301,4.9999,-0.0004,178.3025,149.5544
92.4801,4.9999,-0.0004,178.2832,152.549
92.5301,4.9998,-0.0005,178.2644,157.0223
92.5801,4.9998,-0.0005,178.246,160.7873
92.6301,4.9998,-0.0005,178.2281,165.9432
92.6801,4.9998,-0.0006,178.2108,172.3566
92.73,4.9916,-0.8267,178.1941,179.6322
92.7793,4.9234,-6.8129,178.1783,189.206
92.8277,4.8434,-7.9974,178.1634,200.8863
92.8753,4.7635,-8.007,178.1497,217.5156
92.9221,4.6835,-7.9958,178.137,234.746
92.9682,4.6035,-7.9989,178.1257,261.201
93.0134,4.5235,-7.9956,178.1156,300.9263
93.0579,4.4434,-8.0064,178.1071,370.2472
93.1014,4.3635,-8.0039,178.1001,469.2031
93.1444,4.2835,-7.9888,178.095,732.0471
93.1864,4.2034,-8.008,178.0919,Infinity
93.2276,4.1234,-8.0012,178.0911,1149.3422
93.268,4.0435,-7.996,178.0929,487.677
93.3076,3.9635,-8.0049,178.0978,266.2808
93.3465,3.8835,-7.9967,178.1063,174.4473
93.3845,3.8034,-7.9972,178.1191,121.1344
93.4218,3.7234,-8.0065,178.1372,86.8889
93.4582,3.6435,-8.0017,178.1619,63.7168
93.4938,3.5635,-7.997,178.1949,47.0999
93.5287,3.4835,-8.0003,178.239,34.5813
93.5627,3.4034,-8.0035,178.2982,25.0912
93.5959,3.3234,-7.9986,178.3789,17.771
93.6283,3.2434,-8.0071,178.4923,12.1214
93.66,3.1633,-7.9989,178.6602,7.7808
93.6908,3.0833,-8.0102,178.9319,4.5394
93.7209,3.0032,-8.0106,179.4577,2.2712
93.7508,2.9949,-0.8308,-176.3148,1.3812
93.7816,3.0745,7.9567,-171.751,1.8057
93.8131,3.1544,7.992,-169.5558,2.3331
93.8454,3.2343,7.9933,-168.1959,2.954
93.8786,3.3143,7.9967,-167.2437,3.6617
93.9125,3.3942,7.9977,-166.5269,4.4521
93.9473,3.4742,7.9947,-165.9604,5.3226
93.9828,3.5541,7.9995,-165.497,6.2697
94.0191,3.6341,7.9969,-165.1079,7.2917
94.0563,3.7141,7.9978,-164.7746,8.3866
94.0942,3.7941,7.9989,-164.4843,9.5522
94.1329,3.8741,8.0024,-164.2283,10.7852
94.1725,3.9541,7.9954,-163.9998,12.0865
94.2128,4.0341,7.9998,-163.7938,13.4524
94.254,4.1141,7.995,-163.6067,14.8825
94.296,4.1942,8.0032,-163.4355,16.3715
94.3387,4.2741,8.0031,-163.278,17.9179
94.3822,4.3541,7.9941,-163.1322,19.5243
94.4266,4.4341,7.9994,-162.9965,21.1838
94.4717,4.5141,8.0043,-162.8697,22.892
94.5176,4.594,8.0007,-162.7507,24.6494
94.5644,4.6741,7.9888,-162.6386,26.4563
94.612,4.7541,8.0078,-162.5326,28.3016
94.6602,4.834,8.003,-162.4322,30.1879
94.7094,4.914,7.9898,-162.3366,32.1145
94.7593,4.9869,7.2845,-162.2455,34.0726
94.8092,5.0002,1.3304,-162.159,36.0273
94.8593,5.0002,-0.0007,-162.0774,37.9796
94.9093,5.0002,-0.0006,-161.9999,39.9356
94.9593,5.0002,-0.0006,-161.9264,41.8693
95.0093,5.0002,-0.0006,-161.8563,43.7961
95.0593,5.0002,-0.0005,-161.7894,45.7002
95.1093,5.0002,-0.0005,-161.7253,47.597
95.1593,5.0001,-0.0005,-161.6639,49.4671
95.2093,5.0001,-0.0005,-161.6048,51.3112
95.2593,5.0001,-0.0004,-161.5479,53.136
95.3093,5.0001,-0.0004,-161.493,54.9295
95.3593,5.0001,-0.0004,-161.4399,56.7135
95.4094,5.0001,-0.0004,-161.3885,58.4551
95.4593,5.0001,-0.0004,-161.3386,60.1539
95.5094,5.0001,-0.0004,-161.2902,61.8161
95.5593,5.0001,-0.0003,-161.2432,63.4549
95.6093,5.0001,-0.0003,-161.1974,65.0972
95.6593,5.0001,-0.0003,-161.1527,66.6494
95.7093,5.0001,-0.0003,-161.1091,68.1925
95.7594,5.0001,-0.0003,-161.0664,69.6592
95.8093,5.0001,-0.0003,-161.0248,71.1377
95.8593,5.0001,-0.0003,-160.984,72.5634
95.9094,5.0001,-0.0003,-160.9439,73.9634
95.9594,5.0001,-0.0003,-160.9046,75.2971
96.0093,5.0001,-0.0003,-160.8661,76.5578
96.0593,5.0001,-0.0003,-160.8283,77.8206
96.1094,5.0001,-0.0002,-160.791,79.0447
96.1593,5.0001,-0.0002,-160.7543,80.1831
96.2093,5.0001,-0.0002,-160.7181,81.3176
96.2593,5.0001,-0.0002,-160.6825,82.4044
96.3093,5.0001,-0.0002,-160.6473,83.3954
96.3593,5.0001,-0.0002,-160.6125,84.4229
96.4093,5.0001,-0.0002,-160.5782,85.3962
96.4594,5.0001,-0.0002,-160.5443,86.2667
96.5093,5.0001,-0.0002,-160.5107,87.1229
96.5593,5.0001,-0.0002,-160.4774,87.9194
96.6094,5.0001,-0.0002,-160.4445,88.7037
96.6593,5.0001,-0.0002,-160.4118,89.4724
96.7094,5.0001,-0.0002,-160.3795,90.1288
96.7594,5.0001,-0.0002,-160.3473,90.8205
96.8093,5.0001,-0.0002,-160.3154,91.3418
96.8593,5.0001,-0.0002,-160.2838,91.8992
96.9093,5.0001,-0.0002,-160.2523,92.3889
96.9593,5.0001,-0.0002,-160.221,92.9154
97.0094,5,-0.0002,-160.1898,93.3207
97.0594,5,-0.0002,-160.1587,93.7099
97.1093,5,-0.0002,-160.1278,94.0286
97.1594,5,-0.0002,-160.0971,94.3324
97.2093,5,-0.0002,-160.0664,94.6189
97.2594,5,-0.0002,-160.0358,94.8374
97.3094,5,-0.0002,-160.0052,94.9872
97.3594,5,-0.0002,-159.9748,95.1215
97.4094,5,-0.0002,-159.9444,95.2405
97.4593,5,-0.0002,-159.914,95.292
97.5094,5,-0.0002,-159.8836,95.3821
97.5594,5,-0.0002,-159.8533,95.3019
97.6093,5,-0.0002,-159.8229,95.2602
97.6594,5,-0.0002,-159.7926,95.155
97.7093,5,-0.0002,-159.7622,95.088
97.7594,5,-0.0002,-159.7317,94.9084
97.8094,5,-0.0002,-159.7012,94.7177
97.8594,5,-0.0002,-159.6706,94.5168
97.9094,5,-0.0002,-159.64,94.2566
97.9594,5,-0.0002,-159.6093,93.9397
98.0093,5,-0.0002,-159.5785,93.6618
98.0594,5,-0.0002,-159.5476,93.3289
98.1093,5,-0.0002,-159.5166,92.8961
98.1594,5,-0.0001,-159.4855,92.504
98.2093,5,-0.0001,-159.4542,92.0611
98.2594,5,-0.0001,-159.4227,91.6137
98.3094,5,-0.0001,-159.3911,91.1185
98.3593,5,-0.0001,-159.3593,90.6199
98.4093,5,-0.0001,-159.3274,90.0356
98.4594,5,-0.0001,-159.2952,89.4913
98.5093,5,-0.0001,-159.2629,88.9054
98.5594,5,-0.0001,-159.2303,88.2801
98.6094,5,-0.0001,-159.1974,87.6177
98.6593,5,-0.0001,-159.1644,86.9206
98.7094,5,-0.0001,-159.1311,86.2633
98.7594,5,-0.0001,-159.0975,85.5017
98.8094,5,-0.0001,-159.0636,84.7811
98.8594,5,-0.0001,-159.0294,84.0312
98.9093,5,-0.0001,-158.9949,83.2216
98.9594,5,-0.0001,-158.9601,82.4521
99.0094,5,-0.0001,-158.9249,81.627
99.0594,5,-0.0001,-158.8894,80.8111
99.1094,5,-0.0001,-158.8535,79.9161
99.1594,5,-0.0002,-158.8173,79.0621
99.2094,5,-0.0002,-158.7806,78.1911
99.2594,5,-0.0002,-158.7435,77.2777
99.3094,5,-0.0002,-158.7059,76.3784
99.3594,5,-0.0002,-158.668,75.4421
99.4093,5,-0.0002,-158.6295,74.4723
99.4594,5,-0.0002,-158.5905,73.5196
99.5094,5,-0.0002,-158.551,72.5382
99.5594,5,-0.0002,-158.511,71.5747
99.6093,5,-0.0002,-158.4705,70.5655
99.6593,5,-0.0002,-158.4293,69.5561
99.7093,5,-0.0002,-158.3876,68.5278
99.7594,5,-0.0002,-158.3452,67.5024
99.8093,5,-0.0002,-158.3021,66.4632
99.8594,5,-0.0002,-158.2584,65.4288
99.9093,5,-0.0002,-158.2139,64.3678
99.9593,5,-0.0002,-158.1688,63.3
100.0094,5,-0.0002,-158.1228,62.2418
100.0594,5,-0.0002,-158.076,61.1512
100.1093,5,-0.0002,-158.0285,60.075
100.1594,4.9999,-0.0002,-157.98,58.9853
100.2093,4.9999,-0.0002,-157.9306,57.8873
100.2593,4.9999,-0.0002,-157.8803,56.7822
100.3093,4.9999,-0.0002,-157.829,55.6969
100.3594,4.9999,-0.0002,-157.7766,54.5745
100.4094,4.9999,-0.0002,-157.7232,53.4652
100.4593,4.9999,-0.0002,-157.6686,52.3495
100.5094,4.9999,-0.0002,-157.6129,51.2488
100.5593,4.9999,-0.0002,-157.5559,50.1193
100.6093,4.9999,-0.0002,-157.4977,49.001
100.6593,4.9999,-0.0002,-157.438,47.8869
100.7094,4.9999,-0.0002,-157.3769,46.7641
100.7594,4.9999,-0.0002,-157.3144,45.6521
100.8093,4.9999,-0.0002,-157.2503,44.5314
100.8593,4.9999,-0.0002,-157.1846,43.413
100.9094,4.9999,-0.0002,-157.1171,42.2991
100.9593,4.9999,-0.0002,-157.0478,41.1887
101.0093,4.9999,-0.0002,-156.9766,40.0781
101.0593,4.9999,-0.0002,-156.9033,38.9721
101.1094,4.9999,-0.0003,-156.8279,37.8641
101.1594,4.9999,-0.0003,-156.7502,36.7682
101.2094,4.9999,-0.0003,-156.6702,35.674
101.2593,4.9999,-0.0003,-156.5877,34.5869
101.3094,4.9999,-0.0003,-156.5025,33.5018
101.3593,4.9999,-0.0003,-156.4145,32.4222
101.4094,4.9999,-0.0003,-156.3234,31.3537
101.4594,4.9999,-0.0003,-156.2291,30.2897
101.5093,4.9999,-0.0003,-156.1314,29.2328
101.5593,4.9999,-0.0003,-156.0302,28.1848
101.6093,4.9999,-0.0003,-155.9249,27.1439
101.6594,4.9999,-0.0003,-155.8154,26.1134
101.7093,4.9999,-0.0004,-155.7015,25.0922
101.7593,4.9999,-0.0004,-155.5828,24.081
101.8093,4.9999,-0.0004,-155.459,23.0795
101.8593,4.9999,-0.0004,-155.3294,22.0903
101.9093,4.9999,-0.0004,-155.1938,21.1116
101.9593,4.9999,-0.0004,-155.0516,20.1443
102.0093,4.9998,-0.0005,-154.9022,19.1909
102.0593,4.9998,-0.0005,-154.7451,18.2511
102.1093,4.9998,-0.0005,-154.5794,17.3239
102.1593,4.9998,-0.0005,-154.4042,16.4108
102.2093,4.9998,-0.0006,-154.2186,15.5134
102.2592,4.9964,-0.342,-154.0219,14.6332
102.3086,4.9365,-5.9939,-153.8138,13.7785
102.3572,4.8565,-7.9982,-153.5949,12.9534
102.4049,4.7764,-7.9998,-153.3647,12.158
102.4519,4.6964,-8.0016,-153.1222,11.3928
102.498,4.6164,-8.0035,-152.8665,10.6577
102.5434,4.5365,-7.9973,-152.5962,9.951
102.588,4.4565,-7.9995,-152.3096,9.2735
102.6318,4.3764,-7.9939,-152.0049,8.6236
102.6747,4.2964,-8.0129,-151.6806,8.0043
102.7169,4.2165,-7.9915,-151.3345,7.412
102.7582,4.1364,-8.0031,-150.9635,6.848
102.7988,4.0565,-7.9988,-150.5648,6.3116
102.8386,3.9764,-7.9952,-150.1343,5.8018
102.8775,3.8964,-8.0079,-149.6681,5.32
102.9157,3.8164,-7.9977,-149.1613,4.8647
102.9531,3.7364,-7.9964,-148.6066,4.4354
102.9897,3.6564,-8.0037,-147.9966,4.0327
103.0254,3.5764,-8.0045,-147.3222,3.6561
103.0604,3.4964,-7.9923,-146.5701,3.3043
103.0945,3.4164,-8.0042,-145.7242,2.978
103.1279,3.3364,-7.997,-144.7641,2.6765
103.1604,3.2564,-8.007,-143.6624,2.4003
103.1922,3.1764,-7.9942,-142.3805,2.1481
103.2232,3.0964,-8.001,-140.8637,1.9205
103.2534,3.0164,-8.0026,-139.0345,1.7173
103.2827,2.9364,-8.003,-136.7744,1.5388
103.3113,2.8564,-7.9967,-133.8914,1.3847
103.339,2.7764,-8.003,-130.0632,1.2559
103.366,2.6964,-8.0003,-124.7117,1.153
103.3922,2.6164,-7.9977,-116.7311,1.0773
103.4175,2.5365,-7.9962,-104.0956,1.0309
103.4421,2.4567,-7.9736,-84.5856,1.0154
103.4659,2.377,-7.9706,-61.2956,1.0302
103.4888,2.2972,-7.9848,-42.7102,1.0704
103.511,2.2172,-7.9945,-30.9096,1.1303
103.5324,2.1372,-8.0033,-23.4905,1.205
103.5529,2.0572,-8.0054,-18.5343,1.2907
103.5727,1.9771,-7.9995,-15.0114,1.3849
103.5917,1.897,-8.0041,-12.3814,1.485
103.6099,1.817,-8.0139,-10.3462,1.5891
103.6272,1.737,-7.9936,-8.7233,1.6961
103.6438,1.6569,-8.0009,-7.3974,1.8044
103.6596,1.5768,-8.0068,-6.2969,1.9129
103.6746,1.4967,-8.0005,-5.3706,2.0205
103.6887,1.4167,-8.0125,-4.5826,2.1262
103.7021,1.3368,-8.0019,-3.9064,2.2294
103.7146,1.2568,-7.9984,-3.321,2.3296
103.7264,1.1767,-7.987,-2.8108,2.4262
103.7374,1.0965,-8.0121,-2.3653,2.5183
103.7476,1.0165,-8.0173,-1.9769,2.6052
103.7569,0.9366,-7.9907,-1.6371,2.687
103.7655,0.8564,-7.9792,-1.3388,2.7635
103.7733,0.7762,-8.0299,-1.0787,2.8334
103.7803,0.6961,-7.9825,-0.8532,2.8973
103.7864,0.6162,-8.0427,-0.6593,2.9538
103.7918,0.5364,-7.9751,-0.4942,3.0039
103.7963,0.4562,-7.9804,-0.3547,3.0471
103.8001,0.3756,-7.9866,-0.2396,3.083
103.803,0.2958,-8.1059,-0.1492,3.1107
103.8053,0.2151,-7.803,-0.0807,3.132
103.8066,0.1341,-8.1912,-0.0339,3.1447
103.8072,0.0473,-7.3463,-0.0091,3.1494