0.0001,0,0,-4.6456,5.3962
0.0011,0.0955,9.3713,-4.6385,5.3943
0.0035,0.2477,15.4928,-4.6165,5.3889
0.0077,0.4107,16.2041,-4.574,5.3797
0.0134,0.5746,16.5081,-4.5103,5.3671
0.0208,0.7382,16.3278,-4.4251,5.3507
0.0298,0.9028,16.3706,-4.3177,5.3308
0.0405,1.0669,16.4766,-4.1885,5.3075
0.0527,1.2304,16.3792,-4.0376,5.2808
0.0667,1.3942,16.3936,-3.8638,5.2507
0.0824,1.5586,16.3437,-3.6661,5.217
0.0995,1.7228,16.4754,-3.4451,5.1805
0.1184,1.8866,16.3648,-3.2003,5.1407
0.1389,2.0505,16.4266,-2.9307,5.0981
0.161,2.2143,16.3867,-2.6359,5.0525
0.1848,2.3782,16.3977,-2.3147,5.0041
0.2102,2.542,16.4064,-1.9665,4.9531
0.2372,2.706,16.3796,-1.59,4.8995
0.266,2.8703,16.3918,-1.1839,4.8435
0.2963,3.0343,16.4318,-0.7483,4.7856
0.3283,3.1982,16.3784,-0.2819,4.7256
0.3619,3.3622,16.4173,0.217,4.6638
0.3972,3.5262,16.3727,0.7499,4.6003
0.434,3.6902,16.4337,1.3176,4.5356
0.4726,3.8541,16.369,1.9218,4.4695
0.5128,4.0181,16.4256,2.5642,4.4027
0.5546,4.182,16.3894,3.2458,4.3351
0.5981,4.3461,16.3799,3.9702,4.2669
0.6431,4.5101,16.4289,4.7374,4.1988
0.6899,4.6741,16.3798,5.5494,4.1307
0.7383,4.8382,16.408,6.4091,4.063
0.7883,5.0022,16.3989,7.3173,3.9961
0.84,5.1661,16.4072,8.2761,3.9303
0.8932,5.33,16.3991,9.2874,3.8659
0.9482,5.494,16.3923,10.3538,3.8032
1.0048,5.658,16.4004,11.4773,3.7427
1.0629,5.822,16.4073,12.6583,3.6847
1.1229,5.986,16.387,13.8995,3.6295
1.1844,6.1501,16.4067,15.2018,3.5778
1.2475,6.3141,16.3992,16.5654,3.5298
1.3123,6.4781,16.4038,17.9906,3.486
1.3786,6.642,16.4071,19.4767,3.447
1.4467,6.806,16.3878,21.0244,3.413
1.5165,6.9701,16.4013,22.6328,3.3848
1.5877,7.134,16.4123,24.2973,3.3627
1.6607,7.298,16.3916,26.0159,3.3473
1.7347,7.4015,10.3529,27.7783,3.3392
1.8088,7.3991,-0.2403,29.5595,3.3386
1.8828,7.4027,0.3629,31.3404,3.3457
1.957,7.4148,1.2102,33.1178,3.3605
2.0313,7.4355,2.0668,34.8886,3.3831
2.106,7.4648,2.9269,36.6486,3.4137
2.181,7.5028,3.8004,38.3946,3.4525
2.2564,7.5496,4.6802,40.1227,3.4997
2.3325,7.6053,5.5714,41.8309,3.5556
2.4092,7.6701,6.4831,43.5155,3.6205
2.4867,7.7441,7.4004,45.1738,3.6948
2.5649,7.8276,8.3484,46.8035,3.779
2.6441,7.9206,9.3052,48.4023,3.8737
2.7241,7.9958,7.5149,49.9664,3.979
2.8041,8,0.421,51.4832,4.0943
2.8841,8,0.0003,52.9447,4.2199
2.9641,8,0.0002,54.3501,4.356
3.0441,8,0.0002,55.6992,4.5028
3.1241,8,0.0001,56.9925,4.6608
3.2041,8,0.0001,58.2303,4.8302
3.2841,8,0,59.4143,5.0119
3.3641,8,0,60.545,5.206
3.4441,8,0,61.6239,5.4136
3.5241,8,-0.0001,62.6533,5.6354
3.6041,8,-0.0001,63.6336,5.8722
3.6841,8,-0.0001,64.5661,6.1252
3.7641,8,-0.0002,65.4534,6.396
3.8441,8,-0.0002,66.2966,6.6861
3.9241,8,-0.0002,67.097,6.9973
4.0041,8,-0.0002,67.856,7.332
4.0841,8,-0.0003,68.5755,7.6936
4.1641,8,-0.0003,69.2565,8.0847
4.2441,8,-0.0003,69.8997,8.5098
4.3241,8,-0.0003,70.5067,8.9745
4.4041,8,-0.0003,71.0785,9.4848
4.4841,8,-0.0003,71.6159,10.0498
4.5641,8,-0.0004,72.1202,10.6801
4.6441,8,-0.0004,72.592,11.3895
4.7241,8,-0.0004,73.0315,12.1965
4.8041,8,-0.0004,73.4392,13.1255
4.8841,8,-0.0004,73.8158,14.2123
4.9641,8,-0.0004,74.1616,15.5073
5.0441,8,-0.0004,74.4767,17.083
5.1241,8,-0.0005,74.761,19.0543
5.2041,8,-0.0005,75.0143,21.6041
5.2841,8,-0.0005,75.2363,25.0544
5.3641,7.9999,-0.0005,75.4264,30.0145
5.4441,7.9999,-0.0005,75.5841,37.8227
5.5241,7.9999,-0.0005,75.7083,52.0233
5.6041,7.9999,-0.0006,75.7979,86.3211
5.6841,7.9999,-0.0006,75.8515,287.9714
5.7641,7.9999,-0.0006,75.8672,191.9241
5.8441,7.9999,-0.0006,75.8429,69.7861
5.9241,7.9999,-0.0007,75.7761,41.7953
6.0041,7.9999,-0.0007,75.6635,29.3199
6.0841,7.9999,-0.0007,75.5016,22.2401
6.1641,7.9999,-0.0007,75.2857,17.6521
6.2441,7.9999,-0.0008,75.0106,14.4341
6.3241,7.9999,-0.0008,74.6699,12.0434
6.4041,7.9997,-0.0132,74.2557,10.194
6.4832,7.9115,-8.826,73.7615,8.7328
6.5607,7.7475,-16.3924,73.1839,7.5582
6.6365,7.5834,-16.4066,72.5177,6.5957
6.7107,7.4194,-16.3987,71.7546,5.7933
6.7832,7.2554,-16.4059,70.8845,5.1164
6.8542,7.0914,-16.3912,69.8952,4.5389
6.9234,6.9274,-16.4062,68.7723,4.0434
6.9911,6.7634,-16.3992,67.5,3.616
7.0571,6.5995,-16.3994,66.0582,3.2461
7.1214,6.4355,-16.3993,64.4243,2.9256
7.1841,6.2715,-16.3985,62.5719,2.6482
7.2452,6.1075,-16.4033,60.4716,2.4089
7.3046,5.9435,-16.3917,58.0891,2.2033
7.3624,5.7795,-16.4045,55.3889,2.0282
7.4186,5.6155,-16.3979,52.3362,1.8807
7.4731,5.4515,-16.3977,48.8981,1.7584
7.526,5.2905,-16.1024,45.0526,1.6591
7.5775,5.1513,-13.9198,40.7873,1.5807
7.6279,5.0409,-11.0445,36.1007,1.5214
7.6775,4.9585,-8.2341,31.022,1.48
7.7265,4.904,-5.452,25.6188,1.4556
7.7753,4.877,-2.7014,19.997,1.4477
7.8241,4.8773,0.0285,14.3011,1.4559
7.8732,4.9086,3.1349,8.7703,2.5403
7.9235,5.0336,12.5006,5.7974,2.3889
7.9755,5.1976,16.4018,3.7441,2.2448
8.0291,5.3616,16.3961,1.3872,2.1095
8.0844,5.5257,16.4019,-1.3286,1.9847
8.1404,5.6079,8.232,-4.4401,1.8735
8.1951,5.4711,-13.6845,-7.9062,1.7803
8.2486,5.3431,-12.7961,-11.6741,1.7043
8.301,5.2381,-10.4975,-15.7342,1.6447
8.3525,5.1564,-8.1719,-20.0671,1.6005
8.4035,5.0979,-5.8506,-24.6345,1.5714
8.4541,5.0628,-3.5115,-29.3736,1.5569
8.5046,5.0512,-1.1599,-34.2041,1.5571
8.5553,5.0633,1.2091,-39.0348,1.5719
8.6063,5.0993,3.6004,-43.7708,1.6017
8.6579,5.1594,6.0106,-48.3311,1.6472
8.7103,5.2441,8.4682,-52.6521,1.7093
8.7638,5.3536,10.9605,-56.6899,1.7892
8.8188,5.4889,13.5216,-60.4267,1.8885
8.8752,5.6473,15.8343,-63.8557,2.0094
8.9333,5.8113,16.4026,-66.9779,2.1539
8.9931,5.9752,16.3982,-69.8023,2.3243
9.0545,6.1393,16.3996,-72.3441,2.5234
9.1175,6.3032,16.4058,-74.6224,2.7543
9.1822,6.4672,16.3915,-76.6607,3.0211
9.2485,6.6313,16.404,-78.4816,3.3282
9.3165,6.7953,16.4002,-80.1059,3.6815
9.386,6.9593,16.4038,-81.5538,4.0879
9.4572,7.1232,16.3959,-82.8435,4.5572
9.5301,7.2872,16.4007,-83.9914,5.1009
9.6046,7.4512,16.3997,-85.0113,5.7344
9.6808,7.6152,16.3988,-85.9156,6.4788
9.7586,7.7792,16.3979,-86.7152,7.3625
9.838,7.9413,16.209,-87.419,8.4246
9.918,8.0001,5.8832,-88.0314,9.7045
9.998,8.0001,-0.0006,-88.5563,11.2651
10.078,8.0001,-0.0006,-89.0019,13.2081
10.158,8.0001,-0.0006,-89.3767,15.697
10.238,8.0001,-0.0005,-89.6882,19.0029
10.318,8.0001,-0.0005,-89.9426,23.6209
10.398,8.0001,-0.0005,-90.1452,30.5422
10.478,8.0001,-0.0005,-90.3005,42.1282
10.558,8.0001,-0.0005,-90.4121,65.4799
10.638,8.0001,-0.0004,-90.4834,138.1503
10.7181,8.0001,-0.0004,-90.5171,1307.8602
10.798,8.0001,-0.0004,-90.5155,132.2317
10.8781,8.0001,-0.0004,-90.4807,69.9806
10.958,8.0001,-0.0004,-90.4145,48.5616
11.038,8.0001,-0.0004,-90.3183,37.6337
11.118,8.0001,-0.0004,-90.1934,31.0018
11.198,8.0001,-0.0003,-90.0409,26.5337
11.278,8,-0.0003,-89.8618,23.3016
11.358,8,-0.0003,-89.6567,20.8535
11.438,8,-0.0003,-89.4263,18.9228
11.5181,8,-0.0003,-89.1711,17.3599
11.5981,8,-0.0003,-88.8917,16.064
11.678,8,-0.0003,-88.5883,14.9672
11.758,8,-0.0003,-88.2612,14.0254
11.8381,8,-0.0003,-87.9104,13.205
11.9181,8,-0.0002,-87.536,12.4829
11.998,8,-0.0002,-87.1384,11.841
12.078,8,-0.0002,-86.7174,11.2644
12.158,8,-0.0002,-86.2725,10.7431
12.238,8,-0.0002,-85.8039,10.2692
12.318,8,-0.0002,-85.3117,9.8355
12.3981,8,-0.0002,-84.7952,9.4365
12.478,8,-0.0002,-84.2546,9.0686
12.558,8,-0.0002,-83.6895,8.7271
12.638,8,-0.0001,-83.0995,8.4095
12.7181,8,-0.0001,-82.4842,8.1131
12.798,8,-0.0001,-81.8435,7.8362
12.878,8,-0.0001,-81.1772,7.5767
12.958,8,-0.0001,-80.4846,7.3332
13.038,8,-0.0001,-79.7657,7.1043
13.118,8,-0.0001,-79.0196,6.8888
13.198,8,0,-78.2466,6.6862
13.278,8,0,-77.4464,6.4954
13.3581,8,0,-76.6185,6.3155
13.438,8,0,-75.763,6.1463
13.5181,8,0,-74.8794,5.9868
13.5981,8,0,-73.9675,5.8369
13.678,8,0.0001,-73.0284,5.6962
13.7581,8,0.0001,-72.0609,5.5639
13.838,8,0.0001,-71.0658,5.4403
13.9181,8,0.0001,-70.0431,5.3246
13.998,8,0.0001,-68.9931,5.217
14.078,8,0.0002,-67.9172,5.117
14.1581,8.0041,0.4136,-66.8415,31.815
14.2381,7.9999,-0.4246,-66.5899,32.14
14.3181,7.9999,0,-66.7369,32.5017
14.3981,7.9999,0,-66.8821,32.9006
14.4781,7.9999,0,-67.0257,33.3441
14.5581,7.9999,0,-67.1673,33.8349
14.6381,7.9999,0,-67.3067,34.3822
14.7181,7.9999,0,-67.4438,34.9925
14.798,7.9999,0,-67.5784,35.6714
14.8781,7.9999,0,-67.7104,36.4321
14.9581,7.9999,0,-67.8396,37.2889
15.0381,7.9999,0,-67.9657,38.2555
15.1181,7.9999,0,-68.0887,39.3507
15.1981,7.9999,-0.0001,-68.208,40.5991
15.2781,7.9999,-0.0001,-68.3236,42.0297
15.3581,7.9999,-0.0001,-68.4352,43.684
15.4381,7.9999,-0.0001,-68.5424,45.6219
15.518,7.9999,-0.0001,-68.645,47.8932
15.598,7.9999,-0.0001,-68.7426,50.6133
15.678,7.9999,-0.0001,-68.8349,53.8884
15.758,7.9999,-0.0001,-68.9215,57.9127
15.8381,7.9999,-0.0001,-69.0019,62.9883
15.9181,7.9999,-0.0001,-69.0758,69.5891
15.998,7.9999,-0.0001,-69.1425,78.2795
16.078,7.9999,-0.0001,-69.2017,90.6095
16.158,7.9999,-0.0001,-69.2528,109.244
16.238,7.9999,-0.0001,-69.2951,140.1889
16.3181,7.9999,-0.0001,-69.328,201.8631
16.3981,7.9999,-0.0001,-69.3508,385.526
16.478,7.9999,-0.0001,-69.3627,Infinity
16.5581,7.9999,-0.0001,-69.3629,371.3611
16.638,7.9999,-0.0001,-69.3504,176.5712
16.7181,7.9999,-0.0001,-69.3242,113.3732
16.798,7.9999,-0.0001,-69.2834,81.8127
16.878,7.9999,-0.0001,-69.2266,63.0185
16.9581,7.9999,-0.0001,-69.1526,50.4742
17.038,7.9999,-0.0001,-69.06,41.6122
17.118,7.9999,-0.0001,-68.9471,34.985
17.198,7.9999,-0.0001,-68.8122,29.8665
17.278,7.9999,-0.0001,-68.6535,25.7969
17.358,7.9999,-0.0001,-68.4688,22.4964
17.438,7.9999,-0.0001,-68.2557,19.7657
17.518,7.9999,-0.0001,-68.0118,17.478
17.5981,7.9999,-0.0001,-67.7339,15.5355
17.678,7.9999,-0.0001,-67.4192,13.8725
17.758,7.9999,-0.0001,-67.064,12.4358
17.838,7.9999,-0.0001,-66.6643,11.1846
17.918,7.9999,-0.0001,-66.2156,10.0888
17.998,7.9999,-0.0001,-65.7132,9.1254
18.078,7.9999,-0.0001,-65.1517,8.2732
18.158,7.9999,-0.0001,-64.5242,7.5167
18.238,7.9999,0,-63.8246,6.8448
18.318,7.9999,0,-63.0452,6.2456
18.398,7.9999,0,-62.1776,5.7112
18.478,7.9999,0.0001,-61.2124,5.2338
18.558,7.9999,0.0001,-60.1393,4.8076
18.638,7.9971,-0.2799,-58.9477,4.4276
18.7168,7.8876,-10.9507,-57.6358,4.0938
18.7941,7.7236,-16.3976,-56.2097,3.8027
18.8697,7.5596,-16.3946,-54.6702,3.5495
18.9436,7.3956,-16.4075,-53.0172,3.3301
19.016,7.2316,-16.3891,-51.2508,3.1406
19.0867,7.0676,-16.4041,-49.3738,2.9781
19.1557,6.9041,-16.3509,-47.3933,2.84
19.2232,6.7521,-15.2072,-45.316,2.7236
19.2894,6.6216,-13.0437,-43.147,2.6267
19.3545,6.5119,-10.9718,-40.893,2.5476
19.4188,6.422,-8.9857,-38.5629,2.4847
19.4822,6.3512,-7.0905,-36.1677,2.437
19.5453,6.2986,-5.2495,-33.7187,2.4035
19.6079,6.2639,-3.4695,-31.2295,2.3837
19.6703,6.2467,-1.7242,-28.7175,2.3771
19.7328,6.2466,-0.0072,-26.1971,2.3836
19.7954,6.2635,1.6911,-23.6843,2.4029
19.8584,6.2973,3.3785,-21.1957,2.4353
19.9219,6.348,5.0631,-18.7444,2.4811
19.986,6.4156,6.7605,-16.3446,2.5406
20.0511,6.5002,8.4588,-14.0073,2.6146
20.1171,6.6021,10.1939,-11.7418,2.7036
20.1843,6.7215,11.9426,-9.5562,2.8088
20.2529,6.8588,13.7354,-7.4552,2.9312
20.323,7.0139,15.5078,-5.4419,3.0724
20.3948,7.1777,16.3756,-3.5195,3.2335
20.4682,7.3417,16.3977,-1.6919,3.4159
20.5433,7.5057,16.3993,0.039,3.6211
20.62,7.6698,16.403,1.6719,3.8502
20.6972,7.7233,5.3593,3.1969,4.1011
20.7728,7.5646,-15.8668,4.5918,4.3669
20.8468,7.4006,-16.4038,5.8511,4.6461
20.9192,7.2366,-16.3978,6.9895,4.9381
20.99,7.0725,-16.3972,8.0211,5.2417
21.059,6.9085,-16.4121,8.9571,5.5555
21.1265,6.7445,-16.3916,9.8086,5.8792
21.1923,6.5805,-16.4032,10.5853,6.2115
21.2564,6.4165,-16.4053,11.2946,6.5511
21.319,6.2525,-16.3955,11.944,6.8977
21.38,6.1093,-14.3289,12.829,2.2694
21.4412,6.1118,0.2532,15.2582,2.2875
21.5026,6.1417,2.9813,17.8988,2.3139
21.5644,6.1825,4.0838,20.5027,2.3488
21.6268,6.2343,5.1781,23.0594,2.3924
21.6897,6.2969,6.2684,25.5615,2.4447
21.7534,6.3705,7.3531,28.0018,2.506
21.818,6.4548,8.4289,30.3751,2.5766
21.8835,6.5498,9.5034,32.6767,2.6567
21.9501,6.6554,10.561,34.9037,2.7468
22.0178,6.7716,11.6205,37.0541,2.8471
22.0867,6.8982,12.6637,39.1266,2.9579
22.1571,7.0352,13.6923,41.1222,3.0799
22.2289,7.1824,14.7191,43.0422,3.2133
22.3023,7.3396,15.7282,44.8868,3.3586
22.3773,7.5031,16.3496,46.6577,3.5161
22.454,7.6671,16.3948,48.3569,3.6864
22.5323,7.8311,16.4057,49.9845,3.8693
22.6121,7.977,14.5892,51.5401,4.0648
22.6921,8.0001,2.3055,53.0139,4.2697
22.7721,8.0001,-0.0001,54.3987,4.483
22.8521,8.0001,-0.0001,55.6997,4.7043
22.9321,8.0001,-0.0002,56.9239,4.9333
23.0121,8.0001,-0.0002,58.0776,5.1694
23.0921,8.0001,-0.0002,59.1666,5.4124
23.1721,8.0001,-0.0002,60.1963,5.6617
23.2521,8.0001,-0.0002,61.1712,5.917
23.3321,8.0001,-0.0002,62.0957,6.1777
23.4121,8.0001,-0.0002,62.9742,6.4438
23.4921,8.0001,-0.0002,63.8102,6.7147
23.5721,8.0001,-0.0002,64.6067,6.9897
23.6521,8.0001,-0.0002,65.3668,7.2685
23.7321,8,-0.0002,66.0935,7.5509
23.8121,8,-0.0002,66.7891,7.8362
23.8921,8,-0.0002,67.4557,8.1243
23.9721,8,-0.0002,68.0956,8.4142
24.0521,8,-0.0002,68.7104,8.7058
24.1321,8,-0.0002,69.3021,8.9986
24.2121,8,-0.0002,69.8724,9.2923
24.2921,8,-0.0002,70.4225,9.5855
24.3721,8,-0.0002,70.9539,9.8792
24.4521,8,-0.0002,71.4678,10.1715
24.5321,8,-0.0002,71.9654,10.4628
24.6121,8,-0.0002,72.4476,10.7519
24.6921,8,-0.0002,72.9157,11.0392
24.7721,8,-0.0002,73.3706,11.3231
24.8521,8,-0.0002,73.8131,11.603
24.9321,8,-0.0002,74.2437,11.879
25.0121,8,-0.0002,74.6634,12.1503
25.0921,8,-0.0002,75.073,12.4155
25.1721,8,-0.0002,75.4731,12.6748
25.2521,8,-0.0002,75.8645,12.9281
25.3321,8,-0.0002,76.2474,13.1731
25.4121,8,-0.0002,76.6226,13.4102
25.4921,8,-0.0002,76.9908,13.6384
25.5721,8,-0.0002,77.3523,13.8577
25.6521,8,-0.0002,77.7077,14.0673
25.7321,8,-0.0002,78.0575,14.2639
25.8121,8,-0.0002,78.402,14.4493
25.8921,8,-0.0002,78.7418,14.6232
25.9721,8,-0.0002,79.0772,14.783
26.0521,8,-0.0002,79.4089,14.9282
26.1321,8,-0.0002,79.7371,15.0586
26.2121,8,-0.0002,80.0621,15.1739
26.2921,8,-0.0002,80.3845,15.2715
26.3721,8,-0.0002,80.7048,15.3527
26.4521,8,-0.0002,81.0234,15.4135
26.5321,8,-0.0002,81.3406,15.4569
26.6121,8,-0.0002,81.6567,15.4804
26.6921,8,-0.0002,81.9724,15.4816
26.7721,8,-0.0003,82.2881,15.4626
26.8521,8,-0.0003,82.604,15.4181
26.9321,8,-0.0003,82.9211,15.3532
27.0121,7.9985,-0.1471,83.1592,135.2561
27.0921,8.0003,0.1851,83.2018,170.2547
27.1721,8.0003,-0.0038,83.2291,205.3545
27.2521,8.0003,-0.003,83.2517,241.0963
27.3321,8.0002,-0.0025,83.2708,278.8619
27.4121,8.0002,-0.0022,83.2875,309.0753
27.4921,8.0002,-0.0019,83.3022,351.1646
27.5721,8.0002,-0.0017,83.3155,389.65
27.6521,8.0002,-0.0015,83.3276,433.7072
27.7321,8.0002,-0.0014,83.3387,449.7873
27.8121,8.0001,-0.0012,83.3491,464.8233
27.8921,8.0001,-0.0011,83.3589,478.8435
27.9721,8.0001,-0.0011,83.3681,531.2368
28.0522,8.0001,-0.001,83.3768,544.3655
28.1321,8.0001,-0.0009,83.3852,556.5342
28.2121,8.0001,-0.0009,83.3933,621.8923
28.2921,8.0001,-0.0008,83.4012,633.2503
28.3722,8.0001,-0.0008,83.4088,587.6798
28.4521,8.0001,-0.0008,83.4162,653.1822
28.5322,8.0001,-0.0007,83.4235,604.2191
28.6121,8.0001,-0.0007,83.4307,669.5351
28.6921,8.0001,-0.0007,83.4379,617.5672
28.7722,8,-0.0007,83.4449,682.464
28.8522,8,-0.0007,83.452,627.8427
28.9322,8,-0.0006,83.459,631.8512
29.0121,8,-0.0006,83.466,635.1196
29.0922,8,-0.0006,83.4731,637.6572
29.1722,8,-0.0006,83.4802,639.4642
29.2521,8,-0.0006,83.4874,593.1011
29.3321,8,-0.0006,83.4947,593.4337
29.4121,8,-0.0006,83.5021,593.0971
29.4921,8,-0.0006,83.5097,592.0905
29.5721,8,-0.0006,83.5174,552.3426
29.6522,8,-0.0006,83.5253,550.1405
29.7321,8,-0.0006,83.5334,547.3056
29.8121,8,-0.0006,83.5418,512.7825
29.8921,8,-0.0006,83.5504,508.8938
29.9722,8,-0.0007,83.5593,504.3844
30.0522,7.9999,-0.0007,83.5686,451.6792
30.1321,7.9999,-0.0007,83.5783,468.2032
30.2121,7.9999,-0.0007,83.5884,421.9281
30.2922,7.9999,-0.0007,83.5991,415.7845
30.3721,7.9999,-0.0008,83.6102,393.0452
30.4521,7.9999,-0.0008,83.622,359.4108
30.5321,7.9999,-0.0008,83.6346,352.2886
30.6121,7.9998,-0.01,83.6479,323.7369
30.6912,7.9124,-8.7388,83.6621,298.9846
30.7688,7.7484,-16.396,83.6772,277.1411
30.8446,7.5844,-16.403,83.6931,257.5584
30.9188,7.4204,-16.4029,83.7099,230.7547
30.9914,7.2564,-16.3956,83.7278,215.6168
31.0623,7.0924,-16.4042,83.7469,195.303
31.1316,6.9284,-16.3983,83.7675,177.7561
31.1992,6.7644,-16.401,83.7896,160.3515
31.2652,6.6004,-16.405,83.8136,142.9936
31.3296,6.4364,-16.3954,83.8397,128.2338
31.3923,6.2724,-16.403,83.8684,113.1132
31.4534,6.1084,-16.3981,83.9,99.0078
31.5128,5.9444,-16.3968,83.9353,85.9488
31.5706,5.7804,-16.407,83.9749,73.4863
31.6268,5.6164,-16.3944,84.0201,62.1008
31.6813,5.4523,-16.4043,84.0721,51.5884
31.7342,5.2884,-16.4043,84.133,42.0336
31.7855,5.1243,-16.3946,84.206,33.3572
31.8351,4.9603,-16.4042,84.2957,25.6505
31.883,4.7963,-16.404,84.4099,18.8311
31.9293,4.6323,-16.3993,84.5631,12.9768
31.974,4.4683,-16.4091,84.7851,8.1013
32.0171,4.3042,-16.4027,85.154,4.2713
32.0584,4.14,-16.4258,85.9992,1.6613
32.0985,4.0063,-13.3668,125.29,1.4006
32.1397,4.1172,11.0833,-99.7991,3.7986
32.1825,4.2809,16.377,-98.7756,7.4666
32.227,4.4448,16.3834,-98.3703,12.2113
32.273,4.6088,16.3974,-98.1338,17.9632
32.3208,4.7728,16.3977,-97.9734,24.6826
32.3701,4.9368,16.3958,-97.855,32.3643
32.4211,5.1007,16.4054,-97.7629,41.0255
32.4738,5.2687,16.7998,-97.6982,191.0962
32.5282,5.4283,15.933,-97.678,180.513
32.5841,5.5923,16.4133,-97.6604,170.361
32.6416,5.7563,16.3939,-97.6412,160.1346
32.7008,5.9203,16.403,-97.6202,151.0394
32.7617,6.0843,16.3992,-97.5973,142.0333
32.8241,6.2482,16.4081,-97.5723,133.6329
32.8883,6.4122,16.3827,-97.5449,125.4882
32.954,6.5763,16.4154,-97.515,117.6939
33.0214,6.7402,16.3921,-97.4824,110.2935
33.0904,6.9042,16.4028,-97.4466,103.3131
33.1611,7.0682,16.3932,-97.4074,96.4364
33.2335,7.2322,16.4043,-97.3644,90.0709
33.3074,7.3962,16.3966,-97.3173,83.9479
33.383,7.5602,16.408,-97.2656,78.1353
33.4602,7.7241,16.3935,-97.2089,72.6644
33.5391,7.8882,16.3978,-97.1464,67.5486
33.6191,7.9972,10.8998,-97.078,62.6829
33.6991,7.9999,0.2685,-97.0037,58.1752
33.7791,7.9999,0,-96.9236,54.0169
33.8591,7.9999,0,-96.8371,50.1888
33.9391,7.9999,0.0001,-96.7439,46.6137
34.0191,7.9999,0.0001,-96.6435,43.3206
34.0991,7.9999,0.0001,-96.5353,40.27
34.1791,7.9999,0.0001,-96.4186,37.4363
34.2591,7.9999,0.0001,-96.2929,34.816
34.3391,7.9999,0.0001,-96.1575,32.398
34.4191,7.9999,0.0001,-96.0115,30.1501
34.4991,7.9999,0.0001,-95.8545,28.079
34.5791,7.9999,0.0002,-95.6854,26.1572
34.6591,7.9999,0.0002,-95.5034,24.3933
34.7391,7.9999,0.0002,-95.3077,22.7643
34.8191,7.9999,0.0002,-95.0975,21.2656
34.8991,7.9999,0.0002,-94.8717,19.8876
34.9791,7.9999,0.0003,-94.6294,18.6217
35.0591,7.9999,0.0003,-94.3698,17.4648
35.1391,7.9999,0.0003,-94.0921,16.4094
35.2191,7.9999,0.0003,-93.7954,15.4461
35.2991,7.9999,0.0004,-93.479,14.5745
35.3791,7.9999,0.0004,-93.1423,13.7884
35.4591,7.9999,0.0005,-92.7851,13.0821
35.5391,7.9999,0.0005,-92.407,12.4516
35.6191,7.9999,0.0005,-92.0082,11.896
35.6991,7.9999,0.0006,-91.5893,11.4101
35.779,7.9999,0.0006,-91.1508,10.9914
35.8591,7.9999,0.0006,-90.6941,10.6389
35.9391,7.9999,0.0007,-90.2207,10.3502
36.0191,8,0.0007,-89.7329,10.1256
36.0991,8,0.0007,-89.2332,9.9635
36.1791,8,0.0008,-88.7245,9.8644
36.2591,8,0.0008,-88.2101,9.8292
36.3391,8,0.0008,-87.6937,9.8599
36.4191,8,0.0008,-87.179,9.9582
36.4991,8,0.0008,-86.67,10.128
36.5791,8,0.0008,-86.1705,10.3742
36.6591,8,0.0008,-85.684,10.7022
36.7391,8,0.0008,-85.2139,11.1189
36.8191,8,0.0008,-84.7629,11.6332
36.8991,8,0.0007,-84.3337,12.2561
36.9791,8,0.0007,-83.9282,13.0014
37.0591,8.0001,0.0007,-83.5476,13.8838
37.1391,8.0001,0.0007,-83.193,14.924
37.219,7.9994,-0.0642,-82.8648,16.1427
37.2981,7.9035,-9.5925,-82.5647,17.5543
37.3755,7.7395,-16.3992,-82.2944,19.1683
37.4512,7.5755,-16.4032,-82.0533,21.0085
37.5253,7.4115,-16.3981,-81.8389,23.1003
37.5978,7.2475,-16.3992,-81.649,25.4808
37.6687,7.0835,-16.4014,-81.4814,28.1859
37.7379,6.9195,-16.3982,-81.3338,31.2702
37.8054,6.7555,-16.4015,-81.2044,34.7781
37.8713,6.5915,-16.3986,-81.0912,38.7826
37.9356,6.4275,-16.4025,-80.9924,43.36
37.9982,6.2635,-16.3995,-80.9066,48.6685
38.0593,6.0994,-16.3957,-80.8322,54.7643
38.1186,5.9354,-16.4073,-80.768,61.787
38.1773,5.8718,-6.3573,-79.8084,2.1759
38.2376,6.0301,15.8223,-77.0724,2.3323
38.2996,6.1941,16.4043,-74.5224,2.5053
38.3631,6.358,16.3987,-72.1971,2.695
38.4284,6.522,16.3951,-70.0708,2.9013
38.4952,6.686,16.4052,-68.1219,3.1238
38.5637,6.85,16.3976,-66.3302,3.3622
38.6338,7.014,16.4029,-64.6773,3.6161
38.7056,7.178,16.3959,-63.1468,3.885
38.779,7.342,16.4016,-61.7248,4.1683
38.8541,7.506,16.3946,-60.3987,4.4654
38.9308,7.67,16.4065,-59.1583,4.775
39.0091,7.834,16.3992,-57.9944,5.0963
39.0889,7.9785,14.4541,-56.8993,5.4276
39.169,8.0001,2.158,-55.874,5.7626
39.2489,8.0001,-0.0006,-54.9192,6.0985
39.3289,8.0001,-0.0006,-54.027,6.4344
39.409,8.0001,-0.0006,-53.1893,6.7691
39.4889,8.0001,-0.0005,-52.4,7.1009
39.569,8.0001,-0.0005,-51.6533,7.4292
39.6489,8.0001,-0.0005,-50.9445,7.7521
39.7289,8.0001,-0.0005,-50.2697,8.0693
39.809,8.0001,-0.0005,-49.6248,8.3792
39.8889,8.0001,-0.0005,-49.0069,8.6808
39.969,8.0001,-0.0004,-48.4132,8.9736
40.0489,8.0001,-0.0004,-47.8412,9.2561
40.129,8.0001,-0.0004,-47.2885,9.5277
40.2089,8.0001,-0.0004,-46.7534,9.7874
40.2889,8.0001,-0.0004,-46.2343,10.0344
40.369,8.0001,-0.0004,-45.729,10.2685
40.449,8.0001,-0.0004,-45.2365,10.4884
40.529,8,-0.0004,-44.7555,10.6938
40.609,8,-0.0004,-44.2845,10.8838
40.6889,8,-0.0004,-43.8227,11.0582
40.769,8,-0.0003,-43.3689,11.2167
40.8489,8,-0.0003,-42.922,11.3582
40.929,8,-0.0003,-42.4811,11.4833
41.009,8,-0.0003,-42.0453,11.5911
41.0889,8,-0.0003,-41.6143,11.6812
41.169,8,-0.0003,-41.1868,11.7541
41.249,8,-0.0003,-40.7621,11.809
41.329,8,-0.0003,-40.3397,11.8464
41.409,8,-0.0003,-39.9187,11.8661
41.489,8,-0.0003,-39.4984,11.8678
41.5689,8,-0.0003,-39.0782,11.8522
41.6489,8,-0.0003,-38.6575,11.8188
41.729,8,-0.0003,-38.2353,11.7685
41.809,8,-0.0003,-37.811,11.7011
41.8889,8,-0.0003,-37.3844,11.617
41.969,8,-0.0003,-36.9543,11.5166
42.049,8,-0.0003,-36.5199,11.4004
42.129,8,-0.0003,-36.0809,11.2685
42.2089,8,-0.0003,-35.6364,11.1219
42.289,8,-0.0003,-35.1854,10.9604
42.369,8,-0.0003,-34.727,10.7855
42.449,8,-0.0003,-34.2604,10.5968
42.529,8,-0.0003,-33.7848,10.3958
42.609,8,-0.0003,-33.299,10.1824
42.689,8,-0.0003,-32.802,9.9579
42.769,8,-0.0003,-32.2926,9.7227
42.849,8,-0.0003,-31.7695,9.4779
42.929,7.9999,-0.0004,-31.2314,9.2237
43.0089,7.9999,-0.0004,-30.6768,8.9614
43.089,7.9999,-0.0004,-30.1039,8.6913
43.1689,7.9999,-0.0004,-29.511,8.4148
43.249,7.9999,-0.0004,-28.896,8.1322
43.329,7.9999,-0.0004,-28.2567,7.8447
43.4089,7.9999,-0.0004,-27.591,7.5535
43.489,7.9999,-0.0004,-26.8958,7.2584
43.569,7.9999,-0.0004,-26.1678,6.9615
43.649,7.9999,-0.0004,-25.4039,6.6631
43.729,7.9999,-0.0004,-24.6001,6.3644
43.8089,7.9999,-0.0004,-23.7521,6.0661
43.889,7.9999,-0.0005,-22.8541,5.769
43.9689,7.9999,-0.0005,-21.9007,5.4746
44.049,7.9999,-0.0005,-20.8853,5.1834
44.129,7.9999,-0.0005,-19.7994,4.8966
44.2089,7.9999,-0.0005,-18.6347,4.6151
44.2884,7.9462,-5.3703,-17.3845,4.3417
44.3663,7.7851,-16.1071,-16.052,4.0811
44.4425,7.6212,-16.3987,-14.6384,3.8337
44.517,7.4572,-16.4007,-13.1359,3.5998
44.59,7.2932,-16.3959,-11.5357,3.3798
44.6612,7.1292,-16.4031,-9.8288,3.174
44.7309,6.9652,-16.3966,-8.0059,2.9824
44.7989,6.8012,-16.4018,-6.0568,2.8052
44.8653,6.6372,-16.3993,-3.972,2.6423
44.93,6.4732,-16.3949,-1.7408,2.4937
44.9941,6.4075,-6.5649,0.2108,4.7282
45.0597,6.5598,15.2339,1.2378,4.5514
45.127,6.7237,16.3939,2.2974,4.3774
45.1958,6.8878,16.4023,3.4387,4.207
45.2663,7.0517,16.4024,4.6684,4.0409
45.3385,7.2157,16.3956,5.9951,3.8797
45.4123,7.3797,16.3978,7.4276,3.7241
45.4877,7.5437,16.407,8.9743,3.5751
45.5635,7.579,3.5296,10.6305,3.4355
45.6379,7.4352,-14.3887,12.3667,3.3088
45.7109,7.301,-13.4179,14.1619,3.1942
45.7826,7.178,-12.3115,16.0164,3.0913
45.8533,7.0659,-11.2033,17.929,2.9995
45.923,6.9649,-10.1024,19.8981,2.9183
45.9917,6.8748,-9.003,21.9203,2.8474
46.0597,6.7958,-7.901,23.9925,2.7865
46.1269,6.7278,-6.8027,26.1108,2.7352
46.1937,6.6708,-5.7009,28.2703,2.6933
46.2599,6.6248,-4.6019,30.465,2.6605
46.3258,6.5898,-3.4946,32.6885,2.6369
46.3915,6.5659,-2.3892,34.9333,2.6222
46.457,6.5532,-1.2756,37.1904,2.6165
46.5225,6.5516,-0.1567,39.4532,2.6197
46.5881,6.5613,0.9698,41.7138,2.632
46.6539,6.5824,2.1067,43.9628,2.6535
46.7201,6.6149,3.2525,46.1924,2.6844
46.7867,6.6591,4.4169,48.3945,2.725
46.8538,6.715,5.5895,50.5621,2.7757
46.9216,6.7829,6.7917,52.6889,2.8368
46.9903,6.8629,8.0048,54.7691,2.909
47.0599,6.9555,9.2569,56.7982,2.9929
47.1305,7.0609,10.5357,58.7709,3.0892
47.2022,7.1793,11.8526,60.6843,3.1989
47.2754,7.3115,13.2105,62.5365,3.323
47.3499,7.4578,14.632,64.3254,3.4627
47.4261,7.6175,15.9714,66.0494,3.6195
47.5039,7.7815,16.3986,67.707,3.7948
47.5834,7.9432,16.1727,69.2948,3.99
47.6634,8.0001,5.6808,70.8016,4.2042
47.7434,8.0001,0.0001,72.2143,4.4367
47.8234,8.0001,0,73.5322,4.6885
47.9034,8.0001,0,74.7614,4.961
47.9833,8.0001,0,75.9068,5.2554
48.0634,8.0001,-0.0001,76.9738,5.5737
48.1434,8.0001,-0.0001,77.9676,5.9177
48.2234,8.0001,-0.0001,78.8924,6.2896
48.3033,8.0001,-0.0001,79.7523,6.6921
48.3834,8.0001,-0.0002,80.552,7.1295
48.4634,8.0001,-0.0002,81.2952,7.6046
48.5434,8.0001,-0.0002,81.985,8.1229
48.6234,8,-0.0002,82.625,8.6898
48.7034,8,-0.0002,83.218,9.3131
48.7834,8,-0.0002,83.767,10.0014
48.8634,8,-0.0002,84.2741,10.7648
48.9434,8,-0.0002,84.7416,11.6188
49.0234,8,-0.0002,85.1717,12.5802
49.1034,8,-0.0002,85.5662,13.6712
49.1834,8,-0.0002,85.9269,14.9245
49.2634,8,-0.0002,86.2553,16.3797
49.3434,8,-0.0002,86.5527,18.0919
49.4234,8,-0.0002,86.8203,20.1386
49.5034,8,-0.0002,87.0593,22.6427
49.5834,8,-0.0002,87.2708,25.7789
49.6634,8,-0.0002,87.4555,29.8279
49.7434,8,-0.0002,87.6143,35.2991
49.8234,8,-0.0002,87.7478,43.0647
49.9034,8,-0.0002,87.8567,55.0864
49.9834,8,-0.0002,87.9415,76.2298
50.0634,8,-0.0002,88.0024,123.4313
50.1434,8,-0.0002,88.04,317.2406
50.2234,8,-0.0002,88.0544,530.989
50.3034,8,-0.0002,88.0458,146.9922
50.3834,8,-0.0002,88.0143,85.3162
50.4634,8,-0.0002,87.96,60.313
50.5434,8,-0.0002,87.8828,46.6987
50.6234,8,-0.0002,87.7826,38.098
50.7028,7.9455,-5.4461,87.6597,32.2133
50.7807,7.7844,-16.121,87.5157,27.9597
50.8569,7.6204,-16.3935,87.3523,24.732
50.9315,7.4563,-16.4021,87.1707,22.2043
51.0058,7.439,-1.7288,87.8366,3.8091
51.0819,7.6049,16.5799,89.3513,4.3985
51.1596,7.7688,16.403,90.635,5.0574
51.2389,7.9321,16.3301,91.7347,5.7922
51.3189,8.0002,6.8031,92.6816,6.6
51.3989,8.0002,-0.0014,93.4963,7.4783
51.4789,8.0002,-0.0012,94.2009,8.4329
51.5589,8.0002,-0.0011,94.8152,9.4709
51.6389,8.0001,-0.001,95.3547,10.6017
51.7189,8.0001,-0.001,95.8308,11.835
51.7989,8.0001,-0.0009,96.2529,13.1866
51.8789,8.0001,-0.0008,96.6284,14.6692
51.9589,8.0001,-0.0008,96.963,16.3064
52.0389,8.0001,-0.0007,97.2619,18.126
52.1189,8.0001,-0.0007,97.5292,20.1628
52.1989,8.0001,-0.0007,97.7681,22.4599
52.2789,8.0001,-0.0006,97.9815,25.0745
52.3589,8.0001,-0.0006,98.1717,28.0971
52.4389,8.0001,-0.0006,98.3408,31.6317
52.5189,8.0001,-0.0006,98.4903,35.8383
52.599,8.0001,-0.0006,98.6218,40.9526
52.679,8.0001,-0.0005,98.7365,47.3478
52.7589,8,-0.0005,98.8354,55.5766
52.8389,8,-0.0005,98.9194,66.5789
52.9189,8,-0.0005,98.9893,82.3938
52.9989,8,-0.0005,99.0457,106.963
53.0789,8,-0.0005,99.0891,149.6248
53.1589,8,-0.0005,99.1199,248.973
53.239,8,-0.0005,99.1385,715.9397
53.3189,8,-0.0005,99.145,828.8018
53.3989,8,-0.0005,99.1397,272.4234
53.4789,8,-0.0005,99.1227,160.7076
53.5589,8,-0.0005,99.0939,113.9164
53.6389,8,-0.0005,99.0534,88.3745
53.7189,8,-0.0005,99.001,72.1148
53.799,8,-0.0005,98.9365,60.5859
53.8789,8,-0.0005,98.8596,52.1633
53.9589,8,-0.0005,98.7701,45.621
54.0389,8,-0.0005,98.6674,40.3717
54.1189,8,-0.0005,98.5511,36.0678
54.1989,8,-0.0005,98.4204,32.4337
54.2789,8,-0.0005,98.2747,29.3487
54.3589,8,-0.0005,98.1132,26.6629
54.4389,7.9999,-0.0005,97.9348,24.3017
54.5189,7.9999,-0.0005,97.7382,22.2049
54.5989,7.9999,-0.0005,97.5223,20.3219
54.6789,7.9999,-0.0006,97.2855,18.6206
54.7589,7.9999,-0.0006,97.0259,17.0768
54.8389,7.9999,-0.0006,96.7413,15.6618
54.9189,7.9999,-0.0006,96.4292,14.3586
54.9989,7.9999,-0.0007,96.0868,13.1568
55.0789,7.9999,-0.0007,95.7107,12.0419
55.1589,7.9999,-0.0007,95.2968,11.006
55.2389,7.9999,-0.0008,94.8403,10.0409
55.3188,7.9887,-1.1147,94.3353,9.1402
55.3974,7.8574,-13.1359,93.7801,8.3129
55.4743,7.6935,-16.3959,93.174,7.5535
55.5496,7.5294,-16.3971,92.5122,6.8562
55.6233,7.3654,-16.4056,91.7881,6.2163
55.6952,7.2014,-16.4015,90.994,5.6289
55.7657,7.0374,-16.3919,90.1197,5.0894
55.8344,6.8734,-16.4092,89.154,4.5958
55.9015,6.7094,-16.3953,88.0832,4.1442
55.9669,6.5454,-16.402,86.8899,3.7325
56.0308,6.3814,-16.3976,85.553,3.3583
56.0929,6.2174,-16.4012,84.0467,3.0197
56.1534,6.0534,-16.4064,82.3391,2.7153
56.2124,5.8894,-16.3894,80.3881,2.4429
56.2696,5.7254,-16.4046,78.1416,2.2016
56.3252,5.5614,-16.4029,75.5355,1.99
56.3792,5.3975,-16.396,72.4857,1.807
56.4315,5.2334,-16.3983,68.8881,1.6515
56.4822,5.0694,-16.3991,64.6206,1.5227
56.5313,4.9056,-16.3888,59.5499,1.4196
56.5788,4.754,-15.1548,53.5476,1.341
56.6252,4.6374,-11.6646,46.5238,1.2857
56.6708,4.5591,-7.8351,38.5034,1.2529
56.716,4.5198,-3.923,29.7208,1.2421
56.7612,4.5202,0.035,20.6517,1.2532
56.8068,4.56,3.9878,11.8782,1.2862
56.8534,4.66,9.9906,5.4891,2.4614
56.9016,4.8183,15.8278,3.4789,2.3295
56.9514,4.9822,16.4018,1.4277,2.2045
57.0028,5.1462,16.3944,-0.9051,2.0879
57.0559,5.3102,16.4058,-3.5618,1.9811
57.1107,5.4743,16.3923,-6.5879,1.8856
57.1657,5.4988,2.453,-9.9792,1.8051
57.2196,5.3905,-10.8355,-13.6592,1.7414
57.2726,5.3052,-8.5206,-17.5679,1.6938
57.3251,5.2433,-6.1896,-21.6713,1.6617
57.3771,5.205,-3.8343,-25.9193,1.6449
57.429,5.1906,-1.4449,-30.2495,1.6434
57.481,5.2005,0.9934,-34.5877,1.6575
57.5334,5.2355,3.5028,-38.8558,1.6881
57.5864,5.2966,6.1102,-42.9833,1.7363
57.6402,5.3852,8.8592,-46.911,1.8039
57.6952,5.5032,11.8023,-50.5954,1.8935
57.7517,5.6522,14.9015,-54.0084,2.009
57.8099,5.8158,16.3564,-57.1325,2.1554
57.8697,5.9798,16.4026,-59.9549,2.3387
57.9311,6.1438,16.4035,-62.4705,2.5678
57.9942,6.3078,16.3983,-64.6869,2.8552
58.059,6.4718,16.398,-66.6179,3.2199
58.1253,6.6359,16.4015,-68.2795,3.6908
58.1933,6.7999,16.4019,-69.6889,4.3166
58.2629,6.9638,16.3987,-70.8637,5.1837
58.3342,7.1278,16.403,-71.8197,6.4605
58.4072,7.2918,16.3909,-72.571,8.5337
58.4817,7.4558,16.4088,-73.1292,12.4914
58.5579,7.6198,16.3923,-73.5038,23.1838
58.6357,7.7838,16.4051,-73.7026,161.5053
58.7152,7.9451,16.1228,-73.7307,34.088
58.7952,8.0001,5.4995,-73.5935,16.5031
58.8752,8.0001,-0.0007,-73.2993,11.3142
58.9552,8.0001,-0.0006,-72.8572,8.8134
59.0352,8,-0.0006,-72.2741,7.3305
59.1152,8,-0.0005,-71.5552,6.3431
59.1952,8,-0.0004,-70.7043,5.6346
59.2752,8,-0.0003,-69.7242,5.0995
59.3552,8,-0.0003,-68.6174,4.6807
59.4352,8,-0.0002,-67.3863,4.344
59.5152,8,-0.0001,-66.0325,4.0682
59.5949,7.9697,-3.0374,-64.562,3.8405
59.6731,7.8182,-15.1352,-62.9939,3.6532
59.7496,7.6547,-16.3642,-61.3502,3.4989
59.8246,7.5034,-15.1267,-59.6424,3.3712
59.8984,7.3752,-12.8172,-57.8768,3.2656
59.9711,7.2678,-10.7423,-56.0592,3.1788
60.0429,7.1787,-8.9014,-54.1958,3.1084
60.114,7.1064,-7.2338,-52.2932,3.0525
60.1845,7.0494,-5.6994,-50.3575,3.0098
60.2545,7.0067,-4.271,-48.3957,2.9791
60.3243,6.9775,-2.9219,-46.4143,2.9598
60.3939,6.9611,-1.6398,-44.4205,2.9512
60.4634,6.957,-0.4075,-42.4213,2.9528
60.5331,6.9648,0.7829,-40.4222,2.9644
60.603,6.9843,1.9411,-38.4305,2.9858
60.6731,7.015,3.0719,-36.4527,3.0168
60.7437,7.0568,4.1826,-34.4952,3.0575
60.8147,7.1095,5.2736,-32.5635,3.1079
60.8865,7.173,6.347,-30.6606,3.1682
60.959,7.2472,7.4192,-28.7909,3.2384
61.0323,7.332,8.4802,-26.9602,3.3189
61.1066,7.4272,9.5202,-25.1695,3.41
61.1819,7.533,10.58,-23.4215,3.5119
61.2584,7.6491,11.6151,-21.719,3.6251
61.3361,7.7757,12.6596,-20.0626,3.7501
61.4153,7.9127,13.6966,-18.4531,3.8873
61.4952,7.9994,8.673,-16.8971,4.0361
61.575,7.9786,-2.0771,-15.4096,4.1945
61.6534,7.834,-14.4564,-14.0087,4.3596
61.7301,7.67,-16.4075,-12.7022,4.5302
61.8051,7.506,-16.396,-11.4846,4.7056
61.8785,7.342,-16.4038,-10.349,4.8851
61.9503,7.1781,-16.4001,-9.2893,5.0682
62.0205,7.014,-16.3944,-8.2994,5.2543
62.089,6.8499,-16.3992,-7.3737,5.4427
62.1558,6.6859,-16.4171,-6.5087,5.6326
62.2211,6.5219,-16.381,-5.6988,5.8241
62.2846,6.3579,-16.4246,-4.9402,6.0158
62.3466,6.194,-16.3834,-4.2293,6.2081
62.4069,6.0299,-16.3972,-3.5615,6.4004
62.4656,5.8658,-16.4124,-2.9348,6.5916
62.5226,5.7018,-16.3944,-2.3463,6.782
62.578,5.5378,-16.4083,-1.7932,6.9707
62.6316,5.3739,-16.4048,-1.2734,7.1574
62.6838,5.2098,-16.3797,-0.784,7.3424
62.7343,5.0456,-16.411,-0.3231,7.5245
62.7831,4.8816,-16.404,0.1103,7.7037
62.8302,4.7177,-16.4174,0.5178,7.8792
62.8758,4.5539,-16.3847,0.9013,8.0516
62.9197,4.3898,-16.3946,1.2628,8.2202
62.962,4.2257,-16.4056,1.603,8.3847
63.0026,4.0615,-16.3906,1.9231,8.5449
63.0415,3.8975,-16.4295,2.2237,8.7
63.0789,3.7337,-16.3843,2.5059,8.8505
63.1146,3.5695,-16.3926,2.7712,8.9961
63.1487,3.4053,-16.4021,3.0202,9.1364
63.1811,3.2413,-16.413,3.2532,9.2709
63.2119,3.0772,-16.3875,3.4711,9.4
63.241,2.9134,-16.4362,3.6742,9.5226
63.2685,2.7495,-16.3665,3.8635,9.6398
63.2943,2.5855,-16.4159,4.0397,9.7506
63.3186,2.4213,-16.3792,4.2029,9.8552
63.3411,2.2574,-16.4382,4.3536,9.953
63.3621,2.0932,-16.3404,4.4923,10.0447
63.3814,1.929,-16.4618,4.6193,10.1292
63.3991,1.7649,-16.3486,4.7348,10.2073
63.4151,1.6004,-16.4195,4.8394,10.2783
63.4295,1.4365,-16.4367,4.9327,10.342
63.4422,1.2725,-16.3608,5.0154,10.3988
63.4532,1.1088,-16.4694,5.0876,10.4482
63.4628,0.9442,-16.2409,5.1497,10.491
63.4706,0.7787,-16.4807,5.202,10.5261
63.4767,0.6157,-16.5706,5.2436,10.5534
63.4813,0.4519,-16.1516,5.2753,10.574
63.4842,0.2829,-16.1519,5.2978,10.5874
63.4854,0.0986,-15.3394,5.3101,10.592