0,0,0,2.0882,-46.3302,0,0,0
0.0001,0.0079,0.75,2.0881,-46.3284,0.0105,0.0001,-0.0001
0.0003,0.0158,0.75,2.0879,-46.3244,0.0211,0.0002,-0.0002
0.0005,0.0259,1.0462,2.0875,-46.3178,0.0307,0.0004,-0.0004
0.0009,0.0354,1.013,2.0871,-46.3085,0.0401,0.0006,-0.0006
0.0013,0.0453,0.9517,2.0865,-46.2957,0.0505,0.0009,-0.001
0.0019,0.0553,1.0459,2.0858,-46.2797,0.0601,0.0013,-0.0013
0.0025,0.0652,0.9666,2.085,-46.2607,0.0703,0.0017,-0.0018
0.0033,0.0752,1.0133,2.0841,-46.2381,0.0802,0.0023,-0.0024
0.0041,0.0853,0.9936,2.083,-46.2124,0.0903,0.0029,-0.003
0.0051,0.0952,1.0094,2.0818,-46.1836,0.1002,0.0035,-0.0037
0.0061,0.1052,0.9943,2.0804,-46.1516,0.1102,0.0042,-0.0044
0.0073,0.1151,1.0074,2.079,-46.1166,0.12,0.005,-0.0052
0.0085,0.125,0.995,2.0774,-46.0784,0.13,0.0059,-0.0061
0.0099,0.135,0.9961,2.0757,-46.0367,0.14,0.0068,-0.0071
0.0113,0.1451,0.997,2.0738,-45.9914,0.1501,0.0078,-0.0082
0.0129,0.1551,1.0062,2.0719,-45.943,0.1601,0.0089,-0.0093
0.0145,0.1651,0.997,2.0698,-45.8914,0.1702,0.0101,-0.0105
0.0163,0.1751,1.0053,2.0676,-45.8367,0.1801,0.0113,-0.0117
0.0181,0.1851,0.9972,2.0653,-45.7788,0.1901,0.0126,-0.013
0.0201,0.1951,0.9977,2.0629,-45.7173,0.2001,0.0139,-0.0144
0.0221,0.2051,1.0046,2.0603,-45.6527,0.21,0.0154,-0.0159
0.0243,0.215,0.9978,2.0576,-45.5849,0.22,0.0169,-0.0174
0.0265,0.225,0.9981,2.0548,-45.5135,0.23,0.0185,-0.019
0.0289,0.2351,0.9984,2.0519,-45.4384,0.2401,0.0201,-0.0207
0.0313,0.2451,1.0041,2.0489,-45.3601,0.2501,0.0218,-0.0225
0.0339,0.2551,0.9984,2.0457,-45.2787,0.2601,0.0236,-0.0243
0.0365,0.2651,0.9987,2.0425,-45.1936,0.2701,0.0255,-0.0262
0.0393,0.2751,1.0037,2.0391,-45.1053,0.28,0.0274,-0.0281
0.0421,0.285,0.9987,2.0357,-45.0137,0.29,0.0294,-0.0301
0.0451,0.295,0.9989,2.0321,-44.9185,0.3,0.0315,-0.0322
0.0481,0.305,0.999,2.0284,-44.8196,0.3101,0.0337,-0.0344
0.0513,0.315,1.0034,2.0246,-44.7174,0.32,0.0359,-0.0366
0.0545,0.325,0.9949,2.0206,-44.6115,0.3301,0.0383,-0.0389
0.0579,0.3351,1.0034,2.0166,-44.5018,0.3401,0.0406,-0.0412
0.0613,0.345,0.9993,2.0125,-44.3889,0.3501,0.0431,-0.0436
0.0649,0.3551,0.9994,2.0083,-44.2722,0.3601,0.0456,-0.0461
0.0685,0.365,1.0032,2.004,-44.1523,0.37,0.0483,-0.0486
0.0723,0.375,0.9958,1.9995,-44.0285,0.38,0.051,-0.0512
0.0761,0.385,1.0031,1.995,-43.901,0.39,0.0537,-0.0539
0.0801,0.395,0.9962,1.9904,-43.7696,0.4001,0.0566,-0.0566
0.0841,0.4051,1.0031,1.9857,-43.6345,0.41,0.0595,-0.0594
0.0883,0.415,0.9997,1.9809,-43.4959,0.42,0.0625,-0.0623
0.0925,0.425,0.9998,1.976,-43.3535,0.43,0.0656,-0.0652
0.0969,0.435,0.9999,1.971,-43.2073,0.44,0.0688,-0.0682
0.1013,0.445,0.9999,1.966,-43.0572,0.45,0.072,-0.0712
0.1059,0.455,1,1.9608,-42.9032,0.46,0.0754,-0.0743
0.1105,0.465,1,1.9556,-42.7453,0.47,0.0788,-0.0775
0.1153,0.475,1.0001,1.9503,-42.5835,0.48,0.0823,-0.0807
0.1201,0.485,1.0001,1.9449,-42.4177,0.49,0.0859,-0.084
0.1251,0.495,0.9975,1.9394,-42.2475,0.5,0.0895,-0.0873
0.1301,0.505,1.0029,1.9339,-42.0734,0.51,0.0933,-0.0907
0.1353,0.515,1.0002,1.9283,-41.8957,0.52,0.0971,-0.0941
0.1405,0.525,0.9978,1.9226,-41.7136,0.53,0.101,-0.0976
0.1459,0.535,1.0004,1.9168,-41.527,0.54,0.105,-0.1012
0.1513,0.545,1.0028,1.911,-41.3368,0.55,0.1091,-0.1047
0.1569,0.555,0.998,1.9051,-41.1425,0.56,0.1133,-0.1084
0.1625,0.565,0.9982,1.8992,-40.9433,0.57,0.1176,-0.1121
0.1683,0.575,1.0029,1.8932,-40.74,0.58,0.1219,-0.1159
0.1741,0.585,0.9983,1.8871,-40.5325,0.59,0.1264,-0.1197
0.1801,0.595,1.0006,1.881,-40.3205,0.6,0.1309,-0.1235
0.1861,0.605,1.0006,1.8749,-40.1043,0.61,0.1355,-0.1274
0.1923,0.615,0.9986,1.8687,-39.8835,0.62,0.1403,-0.1314
0.1985,0.625,1.0007,1.8624,-39.658,0.63,0.1451,-0.1353
0.2049,0.635,1.0007,1.8561,-39.4283,0.64,0.15,-0.1394
0.2113,0.645,0.9988,1.8498,-39.1939,0.65,0.155,-0.1435
0.2179,0.655,1.0008,1.8434,-38.9548,0.66,0.1601,-0.1476
0.2245,0.665,0.9989,1.837,-38.711,0.67,0.1653,-0.1517
0.2313,0.675,1.0009,1.8306,-38.4624,0.68,0.1705,-0.1559
0.2381,0.685,0.9991,1.8242,-38.2091,0.69,0.1759,-0.1602
0.2451,0.695,1.001,1.8177,-37.9509,0.7,0.1814,-0.1644
0.2521,0.705,0.9992,1.8112,-37.6879,0.71,0.187,-0.1688
0.2593,0.715,1.001,1.8047,-37.4201,0.72,0.1927,-0.1731
0.2665,0.725,0.9993,1.7981,-37.1475,0.73,0.1984,-0.1775
0.2739,0.735,1.0011,1.7916,-36.87,0.74,0.2043,-0.1819
0.2813,0.745,0.9994,1.7851,-36.5875,0.75,0.2103,-0.1863
0.2889,0.755,0.9995,1.7785,-36.2997,0.76,0.2164,-0.1908
0.2965,0.765,0.9995,1.7719,-36.0065,0.77,0.2226,-0.1953
0.3043,0.775,1.0012,1.7654,-35.7083,0.78,0.2289,-0.1998
0.3121,0.785,0.9996,1.7588,-35.4051,0.79,0.2353,-0.2044
0.3201,0.795,0.9997,1.7523,-35.0965,0.8,0.2418,-0.2089
0.3281,0.805,0.9997,1.7458,-34.7824,0.81,0.2484,-0.2135
0.3363,0.815,1.0013,1.7393,-34.4633,0.82,0.2551,-0.2181
0.3445,0.825,0.9983,1.7328,-34.1386,0.83,0.2619,-0.2228
0.3529,0.835,1.0014,1.7263,-33.8084,0.84,0.2689,-0.2274
0.3613,0.845,0.9984,1.7199,-33.4727,0.85,0.2759,-0.2321
0.3699,0.855,1.0014,1.7135,-33.1313,0.86,0.2831,-0.2367
0.3785,0.865,1,1.7071,-32.7849,0.87,0.2903,-0.2414
0.3873,0.875,1,1.7008,-32.4329,0.88,0.2977,-0.2461
0.3961,0.885,0.9987,1.6945,-32.0748,0.89,0.3052,-0.2508
0.4051,0.895,1.0015,1.6883,-31.711,0.9,0.3128,-0.2555
0.4141,0.905,0.9988,1.6821,-31.3416,0.91,0.3206,-0.2602
0.4233,0.915,1.0015,1.676,-30.9666,0.92,0.3284,-0.2649
0.4325,0.925,0.9989,1.6699,-30.5859,0.93,0.3364,-0.2696
0.4419,0.935,1.0002,1.6639,-30.199,0.94,0.3445,-0.2744
0.4513,0.945,1.0003,1.6579,-29.8065,0.95,0.3527,-0.279
0.4609,0.955,0.9991,1.6521,-29.4078,0.96,0.361,-0.2837
0.4705,0.965,1.0016,1.6463,-29.0035,0.97,0.3694,-0.2884
0.4803,0.975,0.9991,1.6406,-28.5934,0.98,0.378,-0.2931
0.4901,0.985,0.9992,1.635,-28.1767,0.99,0.3867,-0.2977
0.5001,0.995,1.0016,1.6294,-27.7543,1,0.3955,-0.3024
0.5101,1,0.4987,1.624,-27.3272,1.01,0.4044,-0.307
0.5201,1,0,1.6187,-26.8971,1.02,0.4133,-0.3115
0.5301,1,0,1.6136,-26.4653,1.03,0.4222,-0.3159
0.5401,1,0,1.6087,-26.0315,1.04,0.4312,-0.3203
0.5501,1,0,1.6038,-25.5961,1.05,0.4402,-0.3246
0.5601,1,0,1.5991,-25.1592,1.06,0.4493,-0.3289
0.5701,1,0,1.5946,-24.7209,1.07,0.4584,-0.3331
0.5801,1,0,1.5902,-24.2811,1.08,0.4675,-0.3372
0.5901,1,0,1.586,-23.8399,1.09,0.4766,-0.3412
0.6001,1,0,1.5819,-23.3972,1.1,0.4858,-0.3452
0.6101,1,0,1.578,-22.9527,1.11,0.495,-0.3491
0.6201,1,0,1.5742,-22.5069,1.12,0.5043,-0.3529
0.6301,1,0,1.5705,-22.0602,1.13,0.5135,-0.3567
0.6401,1,0,1.567,-21.6123,1.14,0.5228,-0.3604
0.6501,1,0,1.5637,-21.1626,1.15,0.5321,-0.364
0.6601,1,0,1.5604,-20.7122,1.16,0.5415,-0.3675
0.6701,1,0,1.5574,-20.2606,1.17,0.5509,-0.371
0.6801,1,0,1.5544,-19.8074,1.18,0.5603,-0.3744
0.6901,1,0,1.5516,-19.3535,1.19,0.5697,-0.3777
0.7001,1,0,1.549,-18.899,1.2,0.5792,-0.3809
0.7101,1,0,1.5465,-18.443,1.21,0.5887,-0.3841
0.7201,1,0,1.5441,-17.9859,1.22,0.5982,-0.3872
0.7301,1,0,1.5419,-17.5284,1.23,0.6077,-0.3902
0.7401,1,0,1.5398,-17.0699,1.24,0.6173,-0.3931
0.7501,1,0,1.5378,-16.6109,1.25,0.6268,-0.396
0.7601,1,0,1.536,-16.1511,1.26,0.6365,-0.3988
0.7701,1,0,1.5343,-15.6904,1.27,0.6461,-0.4015
0.7801,1,0,1.5328,-15.2294,1.28,0.6557,-0.4041
0.7901,1,0,1.5314,-14.7676,1.29,0.6654,-0.4066
0.8001,1,0,1.5301,-14.305,1.3,0.6751,-0.4091
0.8101,1,0,1.529,-13.8422,1.31,0.6848,-0.4115
0.8201,1,0,1.528,-13.3792,1.32,0.6945,-0.4138
0.8301,1,0,1.5271,-12.9156,1.33,0.7043,-0.4161
0.8401,1,0,1.5264,-12.4513,1.34,0.7141,-0.4182
0.8501,1,0,1.5258,-11.9869,1.35,0.7238,-0.4203
0.8601,1,0,1.5253,-11.5224,1.36,0.7336,-0.4223
0.8701,1,0,1.5249,-11.058,1.37,0.7434,-0.4242
0.8801,1,0,1.5247,-10.5935,1.38,0.7533,-0.426
0.8901,1,0,1.5246,-10.1286,1.39,0.7631,-0.4278
0.9001,1,0,1.5246,-9.6637,1.4,0.773,-0.4295
0.9101,1,0,1.5248,-9.1989,1.41,0.7828,-0.4311
0.9201,1,0,1.525,-8.7342,1.42,0.7927,-0.4326
0.9301,1,0,1.5254,-8.2697,1.43,0.8026,-0.434
0.9401,1,0,1.5259,-7.8049,1.44,0.8125,-0.4354
0.9501,1,0,1.5266,-7.3403,1.45,0.8225,-0.4367
0.9601,1,0,1.5273,-6.8764,1.46,0.8324,-0.4379
0.9701,1,0,1.5282,-6.4128,1.47,0.8423,-0.439
0.9801,1,0,1.5292,-5.9491,1.48,0.8523,-0.44
0.9901,1,0,1.5303,-5.4856,1.49,0.8622,-0.441
1.0001,1,0,1.5315,-5.023,1.5,0.8722,-0.4419
1.0101,1,0,1.5328,-4.5607,1.51,0.8822,-0.4426
1.0201,1,0,1.5342,-4.0989,1.52,0.8921,-0.4434
1.0301,1,0,1.5357,-3.6374,1.53,0.9021,-0.444
1.0401,1,0,1.5374,-3.1769,1.54,0.9121,-0.4445
1.0501,1,0,1.5391,-2.7169,1.55,0.9221,-0.445
1.0601,1,0,1.541,-2.2574,1.56,0.9321,-0.4454
1.0701,1,0,1.5429,-1.7989,1.57,0.9421,-0.4457
1.0801,1,0,1.545,-1.3405,1.58,0.9521,-0.446
1.0901,1,0,1.5471,-0.883,1.59,0.9621,-0.4461
1.1001,1,0,1.5494,-0.4267,1.6,0.9721,-0.4462
1.1101,1,0,1.5517,0.0291,1.61,0.9821,-0.4462
1.1201,1,0,1.5542,0.4837,1.62,0.9921,-0.4461
1.1301,1,0,1.5567,0.9377,1.63,1.0021,-0.4459
1.1401,1,0,1.5593,1.3911,1.64,1.0121,-0.4457
1.1501,1,0,1.562,1.8433,1.65,1.0221,-0.4454
1.1601,1,0,1.5648,2.2944,1.66,1.032,-0.445
1.1701,1,0,1.5677,2.7443,1.67,1.042,-0.4445
1.1801,1,0,1.5706,3.1935,1.68,1.052,-0.4439
1.1901,1,0,1.5737,3.6419,1.69,1.062,-0.4433
1.2001,1,0,1.5768,4.0892,1.7,1.072,-0.4426
1.2101,1,0,1.58,4.5352,1.71,1.0819,-0.4418
1.2201,1,0,1.5833,4.98,1.72,1.0919,-0.4409
1.2301,1,0,1.5866,5.4235,1.73,1.1019,-0.44
1.2401,1,0,1.5901,5.8658,1.74,1.1118,-0.439
1.2501,1,0,1.5936,6.3073,1.75,1.1217,-0.4379
1.2601,1,0,1.5971,6.7476,1.76,1.1317,-0.4367
1.2701,1,0,1.6007,7.1866,1.77,1.1416,-0.4354
1.2801,1,0,1.6044,7.6248,1.78,1.1515,-0.4341
1.2901,1,0,1.6082,8.0612,1.79,1.1614,-0.4327
1.3001,1,0,1.612,8.4964,1.8,1.1713,-0.4312
1.3101,1,0,1.6158,8.9307,1.81,1.1812,-0.4297
1.3201,1,0,1.6198,9.3637,1.82,1.1911,-0.4281
1.3301,1,0,1.6237,9.795,1.83,1.2009,-0.4264
1.3401,1,0,1.6278,10.225,1.84,1.2107,-0.4246
1.3501,1,0,1.6318,10.6542,1.85,1.2206,-0.4227
1.3601,1,0,1.636,11.0821,1.86,1.2304,-0.4208
1.3701,1,0,1.6401,11.5082,1.87,1.2402,-0.4188
1.3801,1,0,1.6444,11.9331,1.88,1.25,-0.4167
1.3901,1,0,1.6486,12.3571,1.89,1.2597,-0.4146
1.4001,1,0,1.6529,12.7793,1.9,1.2695,-0.4124
1.4101,1,0,1.6572,13.2003,1.91,1.2792,-0.4101
1.4201,1,0,1.6616,13.62,1.92,1.2889,-0.4078
1.4301,1,0,1.666,14.0385,1.93,1.2986,-0.4053
1.4401,1,0,1.6704,14.4556,1.94,1.3083,-0.4028
1.4501,1,0,1.6749,14.8711,1.95,1.318,-0.4003
1.4601,1,0,1.6793,15.2853,1.96,1.3276,-0.3976
1.4701,1,0,1.6839,15.6982,1.97,1.3373,-0.3949
1.4801,1,0,1.6884,16.1099,1.98,1.3469,-0.3922
1.4901,1,0,1.6929,16.5204,1.99,1.3565,-0.3893
1.5001,1,0,1.6975,16.9296,2,1.366,-0.3864
1.5101,1,0,1.7021,17.3372,2.01,1.3756,-0.3834
1.5201,1,0,1.7067,17.7435,2.02,1.3851,-0.3804
1.5301,1,0,1.7113,18.1487,2.03,1.3946,-0.3773
1.5401,1,0,1.7159,18.5522,2.04,1.4041,-0.3741
1.5501,1,0,1.7205,18.9545,2.05,1.4135,-0.3708
1.5601,1,0,1.7251,19.3557,2.06,1.423,-0.3675
1.5701,1,0,1.7298,19.7557,2.07,1.4324,-0.3641
1.5801,1,0,1.7344,20.1545,2.08,1.4418,-0.3607
1.5901,1,0,1.739,20.5518,2.09,1.4511,-0.3572
1.6001,1,0,1.7436,20.9475,2.1,1.4605,-0.3536
1.6101,1,0,1.7482,21.342,2.11,1.4698,-0.35
1.6201,1,0,1.7528,21.7355,2.12,1.4791,-0.3463
1.6301,1,0,1.7574,22.1279,2.13,1.4883,-0.3425
1.6401,1,0,1.762,22.5191,2.14,1.4976,-0.3387
1.6501,1,0,1.7666,22.9089,2.15,1.5068,-0.3348
1.6601,1,0,1.7711,23.2972,2.16,1.516,-0.3308
1.6701,1,0,1.7757,23.6845,2.17,1.5251,-0.3268
1.6801,1,0,1.7802,24.0707,2.18,1.5343,-0.3227
1.6901,1,0,1.7847,24.4559,2.19,1.5434,-0.3186
1.7001,1,0,1.7892,24.8397,2.2,1.5524,-0.3144
1.7101,1,0,1.7936,25.2225,2.21,1.5615,-0.3101
1.7201,1,0,1.798,25.6044,2.22,1.5705,-0.3058
1.7301,1,0,1.8024,25.9848,2.23,1.5795,-0.3014
1.74,1,0,1.8068,26.3639,2.24,1.5884,-0.297
1.7501,1,0,1.8111,26.7421,2.25,1.5974,-0.2925
1.7601,1,0,1.8154,27.1193,2.26,1.6063,-0.2879
1.77,1,0,1.8196,27.4953,2.27,1.6151,-0.2833
1.7801,1,0,1.8238,27.8703,2.28,1.624,-0.2786
1.7901,1,0,1.828,28.2445,2.29,1.6328,-0.2739
1.8001,1,0,1.8321,28.6178,2.3,1.6416,-0.2691
1.8101,1,0,1.8362,28.9899,2.31,1.6503,-0.2643
1.8201,1,0,1.8403,29.3608,2.32,1.659,-0.2594
1.8301,1,0,1.8442,29.7308,2.33,1.6677,-0.2544
1.8401,1,0,1.8482,30.1001,2.34,1.6764,-0.2494
1.8501,1,0,1.8521,30.4685,2.35,1.685,-0.2443
1.8601,1,0,1.8559,30.8358,2.36,1.6936,-0.2392
1.8701,1,0,1.8597,31.202,2.37,1.7021,-0.234
1.8801,1,0,1.8635,31.5675,2.38,1.7107,-0.2288
1.8901,1,0,1.8671,31.9322,2.39,1.7191,-0.2235
1.9001,1,0,1.8708,32.2959,2.4,1.7276,-0.2181
1.9101,1,0,1.8743,32.6588,2.41,1.736,-0.2127
1.9201,1,0,1.8778,33.0212,2.42,1.7444,-0.2073
1.9301,1,0,1.8813,33.3824,2.43,1.7527,-0.2018
1.9401,1,0,1.8847,33.7431,2.44,1.7611,-0.1962
1.9501,1,0,1.888,34.1027,2.45,1.7693,-0.1906
1.9601,1,0,1.8912,34.4618,2.46,1.7776,-0.185
1.9701,1,0,1.8944,34.8202,2.47,1.7858,-0.1792
1.9801,1,0,1.8975,35.1777,2.48,1.794,-0.1735
1.99,1,0,1.9006,35.5343,2.49,1.8021,-0.1677
2.0001,1,0,1.9035,35.8904,2.5,1.8102,-0.1618
2.0101,1,0,1.9065,36.2463,2.51,1.8183,-0.1559
2.0201,1,0,1.9093,36.6014,2.52,1.8263,-0.1499
2.0301,1,0,1.9121,36.9556,2.53,1.8343,-0.1439
2.0401,1,0,1.9148,37.3093,2.54,1.8423,-0.1379
2.0501,1,0,1.9174,37.6622,2.55,1.8502,-0.1318
2.0601,1,0,1.9199,38.0147,2.56,1.858,-0.1256
2.0701,1,0,1.9224,38.3667,2.57,1.8659,-0.1194
2.0801,1,0,1.9248,38.718,2.58,1.8737,-0.1131
2.0901,1,0,1.9271,39.0689,2.59,1.8814,-0.1068
2.1001,1,0,1.9293,39.4195,2.6,1.8892,-0.1005
2.1101,1,0,1.9315,39.7693,2.61,1.8969,-0.0941
2.1201,1,0,1.9336,40.1188,2.62,1.9045,-0.0876
2.1301,1,0,1.9356,40.468,2.63,1.9121,-0.0812
2.1401,1,0,1.9375,40.8165,2.64,1.9197,-0.0746
2.1501,1,0,1.9394,41.1647,2.65,1.9272,-0.068
2.1601,1,0,1.9411,41.5127,2.66,1.9347,-0.0614
2.1701,1,0,1.9428,41.86,2.67,1.9421,-0.0547
2.1801,1,0,1.9444,42.2071,2.68,1.9496,-0.048
2.1901,1,0,1.9459,42.5541,2.69,1.9569,-0.0413
2.2001,1,0,1.9474,42.9004,2.7,1.9642,-0.0344
2.2101,1,0,1.9487,43.2465,2.71,1.9715,-0.0276
2.2201,1,0,1.95,43.5925,2.72,1.9788,-0.0207
2.2301,1,0,1.9512,43.938,2.73,1.986,-0.0138
2.2401,1,0,1.9523,44.2833,2.74,1.9931,-0.0068
2.2501,1.0004,0.0368,2.0453,44.6287,2.75,2.0003,0.0003
2.2601,1,-0.0372,2.044,44.9639,2.76,2.0073,0.0073
2.2701,1,0,2.0426,45.2907,2.77,2.0144,0.0144
2.2801,1,0,2.0412,45.6178,2.78,2.0213,0.0216
2.2901,1,0,2.0397,45.9456,2.79,2.0283,0.0288
2.3001,1,0,2.0383,46.2736,2.8,2.0352,0.036
2.3101,1,0,2.0368,46.6016,2.81,2.0421,0.0432
2.3201,1,0,2.0353,46.9298,2.82,2.0489,0.0505
2.3301,1,0,2.0337,47.2588,2.83,2.0557,0.0579
2.3401,1,0,2.0321,47.5877,2.84,2.0624,0.0653
2.3501,1,0,2.0306,47.9169,2.85,2.0692,0.0727
2.3601,1,0,2.0289,48.2469,2.86,2.0758,0.0802
2.3701,1,0,2.0273,48.5767,2.87,2.0824,0.0877
2.3801,1,0,2.0256,48.9069,2.88,2.089,0.0952
2.3901,1,0,2.0239,49.2375,2.89,2.0955,0.1028
2.4001,1,0,2.0222,49.5679,2.9,2.102,0.1104
2.4101,1,0,2.0204,49.8992,2.91,2.1085,0.118
2.4201,1,0,2.0186,50.2308,2.92,2.1149,0.1257
2.4301,1,0,2.0167,50.5624,2.93,2.1212,0.1334
2.4401,1,0,2.0148,50.8948,2.94,2.1275,0.1412
2.4501,1,0,2.0129,51.2276,2.95,2.1338,0.149
2.4601,1,0,2.0109,51.5603,2.96,2.14,0.1568
2.4701,1,0,2.0089,51.8935,2.97,2.1462,0.1647
2.4801,1,0,2.0069,52.2274,2.98,2.1523,0.1726
2.4901,1,0,2.0048,52.5619,2.99,2.1584,0.1805
2.5001,1,0,2.0026,52.8963,3,2.1644,0.1885
2.5101,1,0,2.0004,53.2311,3.01,2.1704,0.1965
2.5201,1,0,1.9982,53.5664,3.02,2.1763,0.2046
2.5301,1,0,1.9959,53.9022,3.03,2.1822,0.2127
2.5401,1,0,1.9936,54.2384,3.04,2.1881,0.2208
2.5501,1,0,1.9912,54.5752,3.05,2.1939,0.2289
2.5601,1,0,1.9888,54.9124,3.06,2.1996,0.2371
2.5701,1,0,1.9864,55.25,3.07,2.2053,0.2453
2.5801,1,0,1.9839,55.5883,3.08,2.211,0.2536
2.5901,1,0,1.9813,55.927,3.09,2.2166,0.2619
2.6001,1,0,1.9787,56.2662,3.1,2.2221,0.2702
2.6101,1,0,1.976,56.606,3.11,2.2276,0.2785
2.6201,1,0,1.9733,56.9464,3.12,2.2331,0.2869
2.6301,1,0,1.9705,57.2873,3.13,2.2385,0.2953
2.6401,1,0,1.9677,57.6288,3.14,2.2438,0.3038
2.6501,1,0,1.9648,57.9704,3.15,2.2491,0.3122
2.6601,1,0,1.9618,58.3127,3.16,2.2544,0.3207
2.6701,1,0,1.9588,58.656,3.17,2.2596,0.3293
2.6801,1,0,1.9558,58.9999,3.18,2.2647,0.3379
2.6901,1,0,1.9527,59.3444,3.19,2.2698,0.3465
2.7001,1,0,1.9495,59.6896,3.2,2.2749,0.3551
2.7101,1,0,1.9463,60.0351,3.21,2.2799,0.3638
2.7201,1,0,1.943,60.3812,3.22,2.2848,0.3724
2.7301,1,0,1.9396,60.7284,3.23,2.2897,0.3812
2.7401,1,0,1.9362,61.0764,3.24,2.2945,0.3899
2.7501,1,0,1.9327,61.4246,3.25,2.2993,0.3987
2.7601,1,0,1.9292,61.7736,3.26,2.3041,0.4075
2.7701,1,0,1.9256,62.1237,3.27,2.3087,0.4164
2.7801,1,0,1.922,62.4746,3.28,2.3134,0.4252
2.7901,1,0,1.9183,62.8263,3.29,2.3179,0.4341
2.8001,1,0,1.9145,63.1788,3.3,2.3224,0.4431
2.8101,1,0,1.9107,63.5317,3.31,2.3269,0.452
2.8201,1,0,1.9068,63.8853,3.32,2.3313,0.461
2.8301,1,0,1.9028,64.2403,3.33,2.3356,0.47
2.8401,1,0,1.8988,64.5961,3.34,2.3399,0.479
2.8501,1,0,1.8948,64.9528,3.35,2.3442,0.4881
2.8601,1,0,1.8906,65.3103,3.36,2.3483,0.4972
2.8701,1,0,1.8864,65.6688,3.37,2.3525,0.5063
2.8801,1,0,1.8822,66.0282,3.38,2.3565,0.5154
2.8901,1,0,1.8779,66.3886,3.39,2.3605,0.5246
2.9001,1,0,1.8735,66.7499,3.4,2.3645,0.5338
2.9101,1,0,1.869,67.1121,3.41,2.3684,0.543
2.9201,1,0,1.8646,67.4754,3.42,2.3722,0.5522
2.9301,1,0,1.86,67.8397,3.43,2.376,0.5615
2.9401,1,0,1.8554,68.205,3.44,2.3797,0.5707
2.9501,1,0,1.8507,68.5713,3.45,2.3833,0.5801
2.9601,1,0,1.846,68.9392,3.46,2.3869,0.5894
2.9701,1,0,1.8412,69.3082,3.47,2.3905,0.5988
2.9801,1,0,1.8363,69.6778,3.48,2.3939,0.6081
2.9901,1,0,1.8314,70.0489,3.49,2.3974,0.6175
3.0001,1,0,1.8265,70.4213,3.5,2.4007,0.6269
3.0101,1,0,1.8215,70.7943,3.51,2.404,0.6364
3.0201,1,0,1.8164,71.169,3.52,2.4072,0.6459
3.0301,1,0,1.8113,71.5449,3.53,2.4104,0.6553
3.0401,1,0,1.8061,71.9219,3.54,2.4135,0.6648
3.0501,1,0,1.8009,72.3007,3.55,2.4165,0.6744
3.0601,1,0,1.7956,72.6808,3.56,2.4195,0.6839
3.0701,1,0,1.7903,73.0617,3.57,2.4224,0.6935
3.0801,1,0,1.7849,73.4439,3.58,2.4253,0.7031
3.0901,1,0,1.7794,73.8279,3.59,2.4281,0.7127
3.1001,1,0,1.774,74.2132,3.6,2.4308,0.7223
3.1101,1,0,1.7684,74.5999,3.61,2.4334,0.732
3.1201,1,0,1.7629,74.988,3.62,2.436,0.7416
3.1301,1,0,1.7573,75.3775,3.63,2.4385,0.7513
3.1401,1,0,1.7516,75.7684,3.64,2.441,0.761
3.1501,1,0,1.7459,76.1608,3.65,2.4434,0.7707
3.1601,1,0,1.7402,76.5552,3.66,2.4457,0.7804
3.1701,1,0,1.7344,76.951,3.67,2.448,0.7902
3.1801,1,0,1.7286,77.3479,3.68,2.4502,0.7999
3.1901,1,0,1.7227,77.7469,3.69,2.4523,0.8097
3.2001,1,0,1.7169,78.1473,3.7,2.4543,0.8195
3.2101,1,0,1.7109,78.5494,3.71,2.4563,0.8293
3.2201,1,0,1.705,78.9536,3.72,2.4582,0.8391
3.2301,1,0,1.699,79.3589,3.73,2.4601,0.8489
3.2401,1,0,1.693,79.766,3.74,2.4619,0.8587
3.2501,1,0,1.6869,80.1751,3.75,2.4636,0.8686
3.2601,1,0,1.6809,80.586,3.76,2.4652,0.8785
3.2701,1,0,1.6748,80.9986,3.77,2.4668,0.8884
3.2801,1,0,1.6687,81.413,3.78,2.4683,0.8982
3.2901,1,0,1.6626,81.8291,3.79,2.4697,0.9081
3.3001,1,0,1.6564,82.2471,3.8,2.471,0.918
3.3101,1,0,1.6503,82.6668,3.81,2.4723,0.928
3.3201,1,0,1.6441,83.0889,3.82,2.4735,0.9379
3.3301,1,0,1.6379,83.5129,3.83,2.4746,0.9478
3.3401,1,0,1.6317,83.9383,3.84,2.4757,0.9578
3.3501,1,0,1.6255,84.3661,3.85,2.4767,0.9677
3.3601,1,0,1.6193,84.7958,3.86,2.4776,0.9777
3.3701,1,0,1.6131,85.2275,3.87,2.4784,0.9876
3.3801,1,0,1.6068,85.6616,3.88,2.4792,0.9976
3.3901,1,0,1.6006,86.0973,3.89,2.4799,1.0076
3.4001,1,0,1.5944,86.535,3.9,2.4805,1.0176
3.4101,1,0,1.5882,86.9748,3.91,2.481,1.0275
3.4201,1,0,1.582,87.4166,3.92,2.4814,1.0375
3.4301,1,0,1.5758,87.861,3.93,2.4818,1.0475
3.4401,1,0,1.5696,88.3076,3.94,2.4821,1.0575
3.4501,1,0,1.5634,88.7563,3.95,2.4823,1.0675
3.4601,1,0,1.5573,89.2071,3.96,2.4825,1.0775
3.4701,1,0,1.5511,89.6596,3.97,2.4825,1.0875
3.4801,1,0,1.545,90.1143,3.98,2.4825,1.0975
3.4901,1,0,1.5389,90.5718,3.99,2.4824,1.1075
3.5001,1,0,1.5328,91.0314,4,2.4822,1.1175
3.5101,1,0,1.5268,91.4934,4.01,2.482,1.1275
3.5201,1,0,1.5208,91.9576,4.02,2.4816,1.1375
3.5301,1,0,1.5148,92.4236,4.03,2.4812,1.1475
3.5401,1,0,1.5089,92.8918,4.04,2.4807,1.1575
3.5501,1,0,1.5029,93.363,4.05,2.4801,1.1675
3.5601,1,0,1.4971,93.8364,4.06,2.4794,1.1775
3.5701,1,0,1.4913,94.3117,4.07,2.4787,1.1874
3.5801,1,0,1.4855,94.7894,4.08,2.4779,1.1974
3.59,1,0,1.4797,95.2694,4.09,2.4769,1.2073
3.6001,1,0,1.4741,95.7519,4.1,2.4759,1.2173
3.6101,1,0,1.4684,96.2367,4.11,2.4748,1.2272
3.6201,1,0,1.4628,96.724,4.12,2.4737,1.2372
3.6301,1,0,1.4573,97.2137,4.13,2.4724,1.2471
3.6401,1,0,1.4519,97.7053,4.14,2.4711,1.257
3.6501,1,0,1.4465,98.1993,4.15,2.4697,1.2669
3.6601,1,0,1.4411,98.6958,4.16,2.4681,1.2768
3.6701,1,0,1.4359,99.1943,4.17,2.4665,1.2867
3.6801,1,0,1.4307,99.6952,4.18,2.4649,1.2965
3.6901,1,0,1.4255,100.1985,4.19,2.4631,1.3064
3.7001,1,0,1.4205,100.7038,4.2,2.4612,1.3162
3.7101,1,0,1.4155,101.2116,4.21,2.4593,1.326
3.7201,1,0,1.4106,101.7218,4.22,2.4573,1.3358
3.7301,1,0,1.4058,102.234,4.23,2.4551,1.3456
3.7401,1,0,1.4011,102.7481,4.24,2.4529,1.3553
3.7501,1,0,1.3965,103.2647,4.25,2.4506,1.365
3.7601,1,0,1.3919,103.7837,4.26,2.4483,1.3748
3.7701,1,0,1.3875,104.3046,4.27,2.4458,1.3844
3.7801,1,0,1.3831,104.8274,4.28,2.4432,1.3941
3.7901,1,0,1.3789,105.3527,4.29,2.4406,1.4038
3.8001,1,0,1.3747,105.8804,4.3,2.4378,1.4134
3.8101,1,0,1.3706,106.4095,4.31,2.435,1.423
3.8201,1,0,1.3667,106.9403,4.32,2.4321,1.4325
3.8301,1,0,1.3628,107.4736,4.33,2.4291,1.4421
3.8401,1,0,1.3591,108.0086,4.34,2.426,1.4516
3.8501,1,0,1.3555,108.5455,4.35,2.4228,1.4611
3.8601,1,0,1.352,109.0847,4.36,2.4196,1.4705
3.8701,1,0,1.3486,109.6257,4.37,2.4162,1.4799
3.8801,1,0,1.3453,110.1678,4.38,2.4127,1.4893
3.8901,1,0,1.3421,110.7116,4.39,2.4092,1.4987
3.9001,1,0,1.3391,111.257,4.4,2.4056,1.508
3.9101,1,0,1.3362,111.8042,4.41,2.4019,1.5173
3.9201,1,0,1.3334,112.3529,4.42,2.3981,1.5265
3.9301,1,0,1.3307,112.9032,4.43,2.3942,1.5357
3.9401,1,0,1.3282,113.4551,4.44,2.3902,1.5449
3.9501,1,0,1.3258,114.0079,4.45,2.3861,1.554
3.9601,1,0,1.3235,114.5622,4.46,2.382,1.5631
3.9701,1,0,1.3214,115.118,4.47,2.3777,1.5722
3.9801,1,0,1.3194,115.6745,4.48,2.3734,1.5812
3.9901,1,0,1.3176,116.2324,4.49,2.369,1.5902
4.0001,1,0,1.3159,116.7911,4.5,2.3645,1.5991
4.0101,1,0,1.3143,117.3504,4.51,2.3599,1.608
4.0201,1,0,1.3129,117.9109,4.52,2.3552,1.6168
4.03,1,0,1.3116,118.4721,4.53,2.3504,1.6256
4.0401,1,0,1.3105,119.0344,4.54,2.3456,1.6344
4.0501,1,0,1.3095,119.5971,4.55,2.3406,1.643
4.0601,1,0,1.3087,120.1598,4.56,2.3356,1.6517
4.0701,1,0,1.308,120.7234,4.57,2.3305,1.6603
4.08,1,0,1.3075,121.2873,4.58,2.3253,1.6688
4.0901,1,0,1.3071,121.8515,4.59,2.32,1.6773
4.1001,1,0,1.3069,122.4166,4.6,2.3147,1.6858
4.1101,1,0,1.3069,122.9812,4.61,2.3092,1.6942
4.1201,1,0,1.307,123.5454,4.62,2.3037,1.7025
4.1301,1,0,1.3073,124.1102,4.63,2.2981,1.7108
4.1401,1,0,1.3077,124.675,4.64,2.2924,1.719
4.1501,1,0,1.3083,125.2391,4.65,2.2866,1.7272
4.1601,1,0,1.3091,125.8026,4.66,2.2808,1.7353
4.1701,1,0,1.31,126.3658,4.67,2.2749,1.7433
4.1801,1,0,1.3111,126.9288,4.68,2.2688,1.7513
4.1901,1,0,1.3124,127.491,4.69,2.2628,1.7593
4.2001,1,0,1.3138,128.0527,4.7,2.2566,1.7671
4.2101,1,0,1.3154,128.6135,4.71,2.2504,1.7749
4.2201,1,0,1.3172,129.1731,4.72,2.244,1.7827
4.2301,1,0,1.3191,129.7323,4.73,2.2376,1.7904
4.2401,1,0,1.3213,130.2902,4.74,2.2312,1.798
4.2501,1,0,1.3235,130.8469,4.75,2.2246,1.8056
4.2601,1,0,1.326,131.4023,4.76,2.218,1.8131
4.2701,1,0,1.3287,131.9563,4.77,2.2113,1.8205
4.2801,1,0,1.3315,132.5088,4.78,2.2046,1.8279
4.2901,1,0,1.3344,133.0599,4.79,2.1978,1.8352
4.3001,1,0,1.3376,133.61,4.8,2.1908,1.8424
4.3101,1,0,1.341,134.1586,4.81,2.1839,1.8496
4.3201,1,0,1.3445,134.7048,4.82,2.1768,1.8567
4.3301,1,0,1.3482,135.2488,4.83,2.1698,1.8638
4.3401,1,0,1.352,135.791,4.84,2.1626,1.8707
4.3501,1,0,1.3561,136.3319,4.85,2.1553,1.8776
4.3601,1,0,1.3603,136.8704,4.86,2.1481,1.8845
4.3701,1,0,1.3647,137.4064,4.87,2.1407,1.8912
4.3801,1,0,1.3693,137.9404,4.88,2.1333,1.8979
4.3901,1,0,1.3741,138.4724,4.89,2.1258,1.9046
4.4001,1,0,1.379,139.0023,4.9,2.1182,1.9111
4.4101,1,0,1.3842,139.5295,4.91,2.1106,1.9176
4.4201,1,0,1.3895,140.054,4.92,2.103,1.924
4.4301,1,0,1.3949,140.5763,4.93,2.0952,1.9304
4.4401,1,0,1.4006,141.0957,4.94,2.0875,1.9367
4.4501,1,0,1.4064,141.6122,4.95,2.0796,1.9429
4.4601,1,0,1.4125,142.1265,4.96,2.0717,1.949
4.4701,1,0,1.4187,142.6384,4.97,2.0638,1.9551
4.4801,1,0,1.4251,143.1473,4.98,2.0558,1.9611
4.4901,1,0,1.4316,143.6526,4.99,2.0477,1.967
4.5001,1,0,1.4384,144.1554,5,2.0396,1.9729
4.5101,1,0,1.4453,144.6552,5.01,2.0315,1.9787
4.5201,1,0,1.4524,145.1518,5.02,2.0232,1.9844
4.5301,1,0,1.4597,145.646,5.03,2.015,1.99
4.5401,1,0,1.4671,146.1363,5.04,2.0067,1.9956
4.5501,1.0013,0.1251,7.4843,146.616,5.05,1.9983,2.0011
4.5601,1,-0.1281,7.3762,146.8264,5.06,1.99,2.0066
4.5701,1,0,7.2679,146.9072,5.07,1.9816,2.012
4.5801,1,0,7.1616,146.9894,5.08,1.9732,2.0175
4.5901,1,0,7.056,147.0729,5.09,1.9648,2.0229
4.6001,1,0,6.9519,147.1576,5.1,1.9564,2.0283
4.6101,1,0,6.8492,147.2435,5.11,1.948,2.0337
4.6201,1,0,6.747,147.331,5.12,1.9396,2.0391
4.6301,1,0,6.6466,147.4198,5.13,1.9312,2.0445
4.6401,1,0,6.5467,147.5098,5.14,1.9227,2.0499
4.6501,1,0,6.4481,147.6015,5.15,1.9143,2.0553
4.6601,1,0,6.3508,147.6947,5.16,1.9058,2.0606
4.6701,1,0,6.2543,147.7893,5.17,1.8974,2.0659
4.6801,1,0,6.1588,147.8854,5.18,1.8889,2.0713
4.6901,1,0,6.065,147.9831,5.19,1.8804,2.0766
4.7001,1,0,5.9721,148.0822,5.2,1.8719,2.0818
4.7101,1,0,5.8801,148.1829,5.21,1.8634,2.0871
4.7201,1,0,5.7888,148.2855,5.22,1.8549,2.0924
4.7301,1,0,5.699,148.3898,5.23,1.8464,2.0976
4.7401,1,0,5.6102,148.4959,5.24,1.8379,2.1028
4.7501,1,0,5.5224,148.6036,5.25,1.8293,2.108
4.7601,1,0,5.4358,148.7132,5.26,1.8208,2.1132
4.7701,1,0,5.35,148.8246,5.27,1.8122,2.1184
4.7801,1,0,5.2654,148.9378,5.28,1.8037,2.1236
4.7901,1,0,5.1821,149.0529,5.29,1.7951,2.1287
4.8001,1,0,5.099,149.1701,5.3,1.7865,2.1338
4.8101,1,0,5.0174,149.2895,5.31,1.7779,2.1389
4.8201,1,0,4.9368,149.4107,5.32,1.7693,2.144
4.8301,1,0,4.8573,149.5339,5.33,1.7607,2.1491
4.8401,1,0,4.7786,149.6593,5.34,1.7521,2.1541
4.8501,1,0,4.7008,149.7871,5.35,1.7434,2.1592
4.8601,1,0,4.6239,149.9172,5.36,1.7347,2.1642
4.8701,1,0,4.5483,150.0495,5.37,1.7261,2.1692
4.8801,1,0,4.4736,150.1841,5.38,1.7174,2.1742
4.8901,1,0,4.3997,150.3211,5.39,1.7087,2.1791
4.9001,1,0,4.3269,150.4606,5.4,1.7,2.184
4.9101,1,0,4.255,150.6026,5.41,1.6913,2.1889
4.9201,1,0,4.1841,150.7471,5.42,1.6826,2.1938
4.9301,1,0,4.1142,150.8943,5.43,1.6739,2.1987
4.9401,1,0,4.045,151.0442,5.44,1.6651,2.2035
4.9501,1,0,3.9768,151.197,5.45,1.6563,2.2084
4.9601,1,0,3.9097,151.3523,5.46,1.6476,2.2131
4.9701,1,0,3.8432,151.5107,5.47,1.6388,2.2179
4.9801,1,0,3.7779,151.6721,5.48,1.63,2.2227
4.9901,1,0,3.7133,151.8365,5.49,1.6212,2.2274
5.0001,1,0,3.6498,152.004,5.5,1.6123,2.2321
5.0101,1,0,3.5871,152.1745,5.51,1.6035,2.2368
5.0201,1,0,3.5253,152.3485,5.52,1.5946,2.2414
5.0301,1,0,3.4643,152.5258,5.53,1.5858,2.246
5.0401,1,0,3.4043,152.7063,5.54,1.5769,2.2506
5.0501,1,0,3.345,152.8905,5.55,1.568,2.2552
5.0601,1,0,3.2869,153.0781,5.56,1.5591,2.2597
5.0701,1,0,3.2294,153.2693,5.57,1.5501,2.2642
5.0801,1,0,3.1727,153.4645,5.58,1.5412,2.2686
5.0901,1,0,3.1171,153.6634,5.59,1.5322,2.2731
5.1001,1,0,3.0621,153.8663,5.6,1.5232,2.2775
5.1101,1,0,3.0082,154.0733,5.61,1.5142,2.2819
5.1201,1,0,2.955,154.2842,5.62,1.5052,2.2862
5.1301,1,0,2.9027,154.4993,5.63,1.4962,2.2905
5.1401,1,0,2.8511,154.7187,5.64,1.4872,2.2948
5.1501,1,0,2.8005,154.9426,5.65,1.4781,2.299
5.1601,1,0,2.7507,155.1709,5.66,1.469,2.3032
5.1701,1,0,2.7016,155.4042,5.67,1.4599,2.3074
5.1801,1,0,2.6534,155.6421,5.68,1.4508,2.3115
5.1901,1,0,2.6059,155.8848,5.69,1.4417,2.3156
5.2001,1,0,2.5594,156.1324,5.7,1.4326,2.3196
5.2101,1,0,2.5137,156.3849,5.71,1.4234,2.3236
5.2201,1,0,2.4687,156.6428,5.72,1.4142,2.3276
5.2301,1,0,2.4245,156.9062,5.73,1.405,2.3315
5.2401,1,0,2.3811,157.1749,5.74,1.3958,2.3354
5.2501,1,0,2.3386,157.4489,5.75,1.3866,2.3392
5.2601,1,0,2.2967,157.7291,5.76,1.3773,2.343
5.2701,1,0,2.2556,158.0152,5.77,1.368,2.3468
5.2801,1,0,2.2154,158.307,5.78,1.3587,2.3505
5.2901,1,0,2.1759,158.6049,5.79,1.3494,2.3541
5.3001,1,0,2.1372,158.9091,5.8,1.3401,2.3577
5.3101,1,0,2.0993,159.2196,5.81,1.3307,2.3613
5.3201,1,0,2.0621,159.5366,5.82,1.3214,2.3648
5.3301,1,0,2.0258,159.8602,5.83,1.312,2.3682
5.3401,1,0,1.9901,160.1905,5.84,1.3026,2.3716
5.3501,1,0,1.9552,160.5281,5.85,1.2932,2.3749
5.3601,1,0,1.9211,160.8726,5.86,1.2837,2.3782
5.3701,1,0,1.8877,161.2241,5.87,1.2742,2.3814
5.3801,1,0,1.8551,161.5833,5.88,1.2648,2.3846
5.3901,1,0,1.8232,161.9497,5.89,1.2553,2.3877
5.4001,1,0,1.792,162.324,5.9,1.2457,2.3907
5.4101,1,0,1.7616,162.7062,5.91,1.2362,2.3937
5.4201,1,0,1.7319,163.096,5.92,1.2266,2.3966
5.4301,1,0,1.7029,163.494,5.93,1.217,2.3994
5.4401,1,0,1.6747,163.9003,5.94,1.2074,2.4022
5.4501,1,0,1.6472,164.3145,5.95,1.1978,2.4049
5.4601,1,0,1.6204,164.7373,5.96,1.1881,2.4075
5.4701,1,0,1.5944,165.1686,5.97,1.1785,2.4101
5.4801,1,0,1.569,165.6086,5.98,1.1688,2.4126
5.4901,1,0,1.5444,166.0574,5.99,1.1591,2.415
5.5001,1,0,1.5205,166.5151,6,1.1493,2.4173
5.5101,1,0,1.4973,166.9817,6.01,1.1396,2.4196
5.5201,1,0,1.4748,167.4568,6.02,1.1299,2.4217
5.5301,1,0,1.4531,167.9411,6.03,1.1201,2.4238
5.5401,1,0,1.432,168.4349,6.04,1.1103,2.4258
5.55,1,0,1.4117,168.9374,6.05,1.1005,2.4278
5.5601,1,0,1.392,169.4491,6.06,1.0906,2.4296
5.57,1,0,1.3731,169.97,6.07,1.0808,2.4313
5.5801,1,0,1.3548,170.5001,6.08,1.0709,2.433
5.5901,1,0,1.3373,171.0394,6.09,1.061,2.4345
5.6001,1,0,1.3205,171.5874,6.1,1.0511,2.436
5.6101,1,0,1.3043,172.1445,6.11,1.0412,2.4374
5.6201,1,0,1.2889,172.7107,6.12,1.0313,2.4386
5.6301,1,0,1.2742,173.2854,6.13,1.0214,2.4398
5.6401,1,0,1.2601,173.8685,6.14,1.0115,2.4409
5.6501,1,0,1.2468,174.4604,6.15,1.0015,2.4418
5.6601,1,0,1.2342,175.0604,6.16,0.9915,2.4427
5.67,1,0,1.2223,175.6685,6.17,0.9816,2.4435
5.68,1,0,1.211,176.2843,6.18,0.9716,2.4441
5.69,1,0,1.2005,176.9078,6.19,0.9616,2.4446
5.7001,1,0,1.1906,177.5387,6.2,0.9516,2.4451
5.7101,1,0,1.1815,178.1767,6.21,0.9416,2.4454
5.7201,1,0,1.1731,178.8211,6.22,0.9316,2.4456
5.73,1,0,1.1654,179.471,6.23,0.9216,2.4457
5.74,1,0,1.1584,-179.8733,6.24,0.9116,2.4457
5.7501,1,0,1.1521,-179.2116,6.25,0.9016,2.4455
5.76,1,0,1.1465,-178.5454,6.26,0.8916,2.4453
5.7701,1,0,1.1416,-177.875,6.27,0.8816,2.4449
5.7801,1,0,1.1375,-177.2002,6.28,0.8716,2.4444
5.79,1,0,1.1341,-176.5226,6.29,0.8617,2.4438
5.8,1,0,1.1314,-175.8426,6.3,0.8517,2.4431
5.81,1,0,1.1294,-175.16,6.31,0.8417,2.4422
5.8201,1,0,1.1281,-174.4752,6.32,0.8318,2.4413
5.8301,1,0,1.1276,-173.7899,6.33,0.8218,2.4402
5.8401,1,0,1.1279,-173.1044,6.34,0.8119,2.439
5.8501,1,0,1.1289,-172.4187,6.35,0.802,2.4377
5.8601,1,0,1.1307,-171.7338,6.36,0.7921,2.4362
5.8701,1,0,1.1332,-171.0508,6.37,0.7822,2.4347
5.8801,1,0,1.1365,-170.3699,6.38,0.7724,2.433
5.8901,1,0,1.1406,-169.6913,6.39,0.7625,2.4312
5.9001,1,0,1.1455,-169.0157,6.4,0.7527,2.4293
5.9101,1,0,1.1511,-168.3443,6.41,0.7429,2.4273
5.9201,1,0,1.1576,-167.6774,6.42,0.7331,2.4252
5.9301,1,0,1.1649,-167.0155,6.43,0.7234,2.4229
5.94,1,0,1.1731,-166.3595,6.44,0.7137,2.4206
5.9501,1,0,1.1821,-165.7092,6.45,0.704,2.4181
5.96,1,0,1.1919,-165.0655,6.46,0.6943,2.4155
5.9701,1,0,1.2026,-164.4287,6.47,0.6847,2.4128
5.9801,1,0,1.2142,-163.7992,6.48,0.6751,2.41
5.99,1,0,1.2267,-163.1783,6.49,0.6655,2.4071
6.0001,1,0,1.2401,-162.5652,6.5,0.656,2.4041
6.0101,1,0,1.2545,-161.9607,6.51,0.6465,2.4011
6.0201,1,0,1.2698,-161.3656,6.52,0.637,2.3979
6.0301,1,0,1.2861,-160.7794,6.53,0.6275,2.3946
6.0401,1,0,1.3034,-160.203,6.54,0.6181,2.3912
6.0501,1,0,1.3217,-159.6364,6.55,0.6088,2.3877
6.0601,1,0,1.3411,-159.0797,6.56,0.5994,2.3841
6.0701,1,0,1.3615,-158.5337,6.57,0.5901,2.3805
6.08,1,0,1.383,-157.9982,6.58,0.5808,2.3767
6.0901,1,0,1.4057,-157.473,6.59,0.5716,2.3729
6.1,1,0,1.4294,-156.9585,6.6,0.5624,2.369
6.1101,1,0,1.4545,-156.4548,6.61,0.5532,2.365
6.12,1,0,1.4807,-155.9619,6.62,0.5441,2.3609
6.1301,1,0,1.5082,-155.4797,6.63,0.535,2.3568
6.1401,1,0,1.5369,-155.0082,6.64,0.5259,2.3525
6.1501,1,0,1.5671,-154.5479,6.65,0.5169,2.3482
6.1601,1,0,1.5985,-154.0986,6.66,0.5079,2.3439
6.1701,1,0,1.6315,-153.6603,6.67,0.499,2.3394
6.1801,1,0,1.6659,-153.2324,6.68,0.49,2.3349
6.1901,1,0,1.7018,-152.8153,6.69,0.4811,2.3304
6.2001,1,0,1.7393,-152.4089,6.7,0.4723,2.3257
6.2101,1,0,1.7784,-152.013,6.71,0.4634,2.321
6.2201,1,0,1.8193,-151.6275,6.72,0.4546,2.3163
6.2301,1,0,1.8618,-151.2523,6.73,0.4459,2.3115
6.2401,1,0,1.9063,-150.8873,6.74,0.4371,2.3066
6.2501,1,0,1.9526,-150.5323,6.75,0.4284,2.3017
6.2601,1,0,2.001,-150.1872,6.76,0.4197,2.2967
6.2701,1,0,2.0514,-149.8517,6.77,0.4111,2.2917
6.2801,1,0,2.1039,-149.5261,6.78,0.4025,2.2866
6.2901,1,0,2.1587,-149.2099,6.79,0.3939,2.2815
6.3001,1,0,2.2158,-148.9029,6.8,0.3853,2.2763
6.31,1,0,2.2754,-148.6053,6.81,0.3768,2.2711
6.3201,1,0,2.3375,-148.3165,6.82,0.3683,2.2659
6.3301,1,0,2.4025,-148.0362,6.83,0.3598,2.2606
6.34,1,0,2.4701,-147.7647,6.84,0.3513,2.2553
6.3501,1,0,2.5408,-147.5016,6.85,0.3429,2.2499
6.3601,1,0,2.6145,-147.2467,6.86,0.3345,2.2445
6.3701,1,0,2.6915,-147.0001,6.87,0.3261,2.239
6.3801,1,0,2.7722,-146.7612,6.88,0.3177,2.2335
6.3901,1,0,2.8561,-146.5302,6.89,0.3094,2.228
6.4001,1,0,2.9442,-146.3067,6.9,0.3011,2.2225
6.41,1,0,3.0361,-146.0907,6.91,0.2928,2.2169
6.4201,1,0,3.1326,-145.8819,6.92,0.2845,2.2113
6.43,1,0,3.2332,-145.6801,6.93,0.2763,2.2057
6.4401,1,0,3.339,-145.4853,6.94,0.268,2.2
6.45,1,0,3.4496,-145.2973,6.95,0.2598,2.1943
6.4601,1,0,3.566,-145.1158,6.96,0.2516,2.1886
6.4701,1,0,3.688,-144.9406,6.97,0.2434,2.1828
6.4801,1,0,3.816,-144.7719,6.98,0.2352,2.1771
6.4901,1,0,3.9507,-144.6094,6.99,0.2271,2.1713
6.5001,1,0,4.0924,-144.4527,7,0.2189,2.1654
6.5101,1,0,4.2418,-144.3019,7.01,0.2108,2.1596
6.5201,1,0,4.399,-144.1569,7.02,0.2027,2.1538
6.5301,1,0,4.5648,-144.0174,7.03,0.1946,2.1479
6.5401,1,0,4.7404,-143.8833,7.04,0.1865,2.142
6.5501,1,0,4.9259,-143.7543,7.05,0.1785,2.1361
6.5601,1,0,5.1219,-143.6308,7.06,0.1704,2.1302
6.5701,1,0,5.3302,-143.5121,7.07,0.1624,2.1242
6.5801,1,0,5.5509,-143.3983,7.08,0.1544,2.1182
6.5901,1,0,5.7857,-143.2894,7.09,0.1463,2.1123
6.6001,1,0,6.0352,-143.1852,7.1,0.1383,2.1063
6.6101,1,0,6.3024,-143.0854,7.11,0.1303,2.1003
6.6201,1,0,6.5869,-142.9901,7.12,0.1224,2.0942
6.6301,1,0,6.8925,-142.899,7.13,0.1144,2.0882
6.6401,1,0,7.2193,-142.8121,7.14,0.1064,2.0822
6.6501,1,0,7.5705,-142.7294,7.15,0.0984,2.0761
6.6601,1,0,7.9501,-142.6507,7.16,0.0905,2.07
6.6701,1,0,8.3575,-142.5759,7.17,0.0826,2.064
6.6801,1,0,8.802,-142.5049,7.18,0.0746,2.0579
6.6901,1,0,9.2826,-142.4376,7.19,0.0667,2.0518
6.7001,1,0,9.8054,-142.3738,7.2,0.0588,2.0457
6.7101,1,0,10.3783,-142.3136,7.21,0.0509,2.0396
6.7201,1,0,11.008,-142.2568,7.22,0.043,2.0334
6.7301,1,0,11.7041,-142.2033,7.23,0.0351,2.0273
6.7401,1,0,12.4727,-142.1531,7.24,0.0272,2.0212
6.7501,1,0,13.3264,-142.106,7.25,0.0193,2.015
6.7601,1,0,14.2816,-142.062,7.26,0.0114,2.0089
6.7701,1,0,15.36,-142.0211,7.27,0.0035,2.0027
6.7801,1.0001,0.0125,2.039,-141.9382,7.28,-0.0044,1.9966
6.7901,1,-0.0143,2.0291,-141.6386,7.29,-0.0122,1.9904
6.8001,1,0,2.0192,-141.3087,7.3,-0.02,1.9841
6.8101,1,0,2.0093,-140.9769,7.31,-0.0278,1.9778
6.8201,1,0,1.9996,-140.6433,7.32,-0.0355,1.9715
6.8301,1,0,1.9898,-140.3077,7.33,-0.0432,1.9651
6.8401,1,0,1.9801,-139.9702,7.34,-0.0509,1.9587
6.8501,1,0,1.9705,-139.6308,7.35,-0.0585,1.9522
6.8601,1,0,1.9609,-139.2894,7.36,-0.0661,1.9457
6.8701,1,0,1.9514,-138.9461,7.37,-0.0736,1.9391
6.8801,1,0,1.9419,-138.6008,7.38,-0.0811,1.9325
6.8901,1,0,1.9325,-138.2536,7.39,-0.0886,1.9258
6.9001,1,0,1.9232,-137.9044,7.4,-0.096,1.9191
6.9101,1,0,1.9138,-137.5532,7.41,-0.1034,1.9124
6.9201,1,0,1.9046,-137.1996,7.42,-0.1107,1.9056
6.9301,1,0,1.8954,-136.8444,7.43,-0.118,1.8987
6.9401,1,0,1.8862,-136.4872,7.44,-0.1253,1.8918
6.9501,1,0,1.8771,-136.1275,7.45,-0.1325,1.8849
6.9601,1,0,1.8681,-135.7662,7.46,-0.1396,1.8779
6.9701,1,0,1.8591,-135.4028,7.47,-0.1468,1.8709
6.9801,1,0,1.8502,-135.037,7.48,-0.1538,1.8638
6.9901,1,0,1.8414,-134.6691,7.49,-0.1609,1.8567
7.0001,1,0,1.8326,-134.2995,7.5,-0.1678,1.8496
7.0101,1,0,1.8239,-133.9278,7.51,-0.1748,1.8424
7.0201,1,0,1.8152,-133.5536,7.52,-0.1817,1.8351
7.0301,1,0,1.8066,-133.1773,7.53,-0.1885,1.8278
7.0401,1,0,1.798,-132.7989,7.54,-0.1953,1.8205
7.0501,1,0,1.7895,-132.4183,7.55,-0.2021,1.8131
7.0601,1,0,1.7811,-132.0355,7.56,-0.2088,1.8057
7.0701,1,0,1.7728,-131.6511,7.57,-0.2154,1.7982
7.0801,1,0,1.7645,-131.2645,7.58,-0.222,1.7907
7.0901,1,0,1.7562,-130.8753,7.59,-0.2285,1.7832
7.1001,1,0,1.7481,-130.4839,7.6,-0.235,1.7755
7.1101,1,0,1.74,-130.0903,7.61,-0.2415,1.7679
7.1201,1,0,1.7319,-129.6945,7.62,-0.2479,1.7602
7.1301,1,0,1.724,-129.2965,7.63,-0.2542,1.7525
7.1401,1,0,1.7161,-128.8963,7.64,-0.2605,1.7447
7.1501,1,0,1.7082,-128.4939,7.65,-0.2667,1.7368
7.1601,1,0,1.7005,-128.0892,7.66,-0.2729,1.729
7.1701,1,0,1.6928,-127.6823,7.67,-0.279,1.7211
7.1801,1,0,1.6852,-127.2736,7.68,-0.285,1.7131
7.1901,1,0,1.6776,-126.8627,7.69,-0.291,1.7051
7.2001,1,0,1.6702,-126.449,7.7,-0.297,1.6971
7.2101,1,0,1.6628,-126.033,7.71,-0.3029,1.689
7.2201,1,0,1.6554,-125.6148,7.72,-0.3087,1.6808
7.2301,1,0,1.6482,-125.1947,7.73,-0.3144,1.6727
7.2401,1,0,1.641,-124.7724,7.74,-0.3201,1.6645
7.2501,1,0,1.6339,-124.3473,7.75,-0.3258,1.6562
7.2601,1,0,1.6269,-123.9203,7.76,-0.3314,1.6479
7.2701,1,0,1.6199,-123.4911,7.77,-0.3369,1.6396
7.2801,1,0,1.6131,-123.0595,7.78,-0.3423,1.6312
7.2901,1,0,1.6063,-122.6262,7.79,-0.3477,1.6228
7.3001,1,0,1.5996,-122.19,7.8,-0.3531,1.6143
7.3101,1,0,1.593,-121.7514,7.81,-0.3583,1.6058
7.3201,1,0,1.5864,-121.3111,7.82,-0.3635,1.5972
7.3301,1,0,1.5799,-120.8684,7.83,-0.3686,1.5887
7.3401,1,0,1.5736,-120.4234,7.84,-0.3737,1.58
7.3501,1,0,1.5673,-119.9766,7.85,-0.3787,1.5714
7.3601,1,0,1.5611,-119.5274,7.86,-0.3836,1.5627
7.3701,1,0,1.5549,-119.0759,7.87,-0.3885,1.5539
7.3801,1,0,1.5489,-118.622,7.88,-0.3933,1.5452
7.3901,1,0,1.5429,-118.1658,7.89,-0.398,1.5363
7.4001,1,0,1.537,-117.7078,7.9,-0.4027,1.5275
7.4101,1,0,1.5313,-117.2479,7.91,-0.4072,1.5186
7.4201,1,0,1.5256,-116.7858,7.92,-0.4117,1.5097
7.4301,1,0,1.52,-116.3212,7.93,-0.4162,1.5007
7.4401,1,0,1.5145,-115.8544,7.94,-0.4205,1.4917
7.4501,1,0,1.5091,-115.3857,7.95,-0.4248,1.4827
7.4601,1,0,1.5037,-114.9153,7.96,-0.429,1.4736
7.4701,1,0,1.4985,-114.4419,7.97,-0.4332,1.4645
7.4801,1,0,1.4933,-113.9668,7.98,-0.4372,1.4554
7.4901,1,0,1.4883,-113.4899,7.99,-0.4412,1.4462
7.5001,1,0,1.4834,-113.0113,8,-0.4451,1.437
7.5101,1,0,1.4785,-112.5303,8.01,-0.449,1.4278
7.5201,1,0,1.4737,-112.0471,8.02,-0.4527,1.4185
7.5301,1,0,1.4691,-111.5621,8.03,-0.4564,1.4092
7.5401,1,0,1.4645,-111.0753,8.04,-0.46,1.3999
7.5501,1,0,1.4601,-110.5868,8.05,-0.4635,1.3905
7.5601,1,0,1.4557,-110.0961,8.06,-0.4669,1.3811
7.5701,1,0,1.4514,-109.6036,8.07,-0.4703,1.3717
7.5801,1,0,1.4473,-109.1095,8.08,-0.4736,1.3622
7.5901,1,0,1.4432,-108.6137,8.09,-0.4768,1.3528
7.6001,1,0,1.4393,-108.1162,8.1,-0.4799,1.3433
7.6101,1,0,1.4354,-107.6166,8.11,-0.4829,1.3337
7.6201,1,0,1.4317,-107.1153,8.12,-0.4858,1.3242
7.6301,1,0,1.4281,-106.6129,8.13,-0.4887,1.3146
7.6401,1,0,1.4245,-106.1083,8.14,-0.4915,1.305
7.6501,1,0,1.4211,-105.6022,8.15,-0.4942,1.2953
7.6601,1,0,1.4178,-105.0951,8.16,-0.4968,1.2857
7.6701,1,0,1.4146,-104.5859,8.17,-0.4993,1.276
7.6801,1,0,1.4115,-104.0751,8.18,-0.5017,1.2663
7.6901,1,0,1.4085,-103.5634,8.19,-0.5041,1.2566
7.7001,1,0,1.4056,-103.0503,8.2,-0.5063,1.2468
7.7101,1,0,1.4029,-102.5356,8.21,-0.5085,1.2371
7.7201,1,0,1.4002,-102.0201,8.22,-0.5106,1.2273
7.7301,1,0,1.3977,-101.5031,8.23,-0.5126,1.2175
7.7401,1,0,1.3953,-100.9848,8.24,-0.5145,1.2077
7.7501,1,0,1.3929,-100.4657,8.25,-0.5163,1.1979
7.7601,1,0,1.3908,-99.9452,8.26,-0.518,1.188
7.7701,1,0,1.3887,-99.4234,8.27,-0.5196,1.1781
7.7801,1,0,1.3867,-98.9009,8.28,-0.5212,1.1683
7.7901,1,0,1.3849,-98.3777,8.29,-0.5227,1.1584
7.8001,1,0,1.3831,-97.8532,8.3,-0.524,1.1485
7.8101,1,0,1.3815,-97.3281,8.31,-0.5253,1.1386
7.8201,1,0,1.38,-96.8024,8.32,-0.5265,1.1286
7.8301,1,0,1.3787,-96.2755,8.33,-0.5276,1.1187
7.8401,1,0,1.3774,-95.7481,8.34,-0.5286,1.1087
7.8501,1,0,1.3763,-95.2202,8.35,-0.5295,1.0988
7.8601,1,0,1.3753,-94.6918,8.36,-0.5303,1.0888
7.8701,1,0,1.3744,-94.1629,8.37,-0.531,1.0788
7.8801,1,0,1.3736,-93.6337,8.38,-0.5317,1.0689
7.8901,1,0,1.3729,-93.104,8.39,-0.5322,1.0589
7.9001,1,0,1.3724,-92.5739,8.4,-0.5327,1.0489
7.9101,1,0,1.372,-92.0436,8.41,-0.533,1.0389
7.9201,1,0,1.3717,-91.5129,8.42,-0.5333,1.0289
7.9301,1,0,1.3716,-90.982,8.43,-0.5334,1.0189
7.9401,1,0,1.3716,-90.4509,8.44,-0.5335,1.0089
7.9501,1,0,1.3717,-89.9202,8.45,-0.5335,0.9989
7.9601,1,0,1.3719,-89.3899,8.46,-0.5334,0.9889
7.9701,1,0,1.3722,-88.8594,8.47,-0.5332,0.9789
7.9801,1,0,1.3727,-88.3289,8.48,-0.5329,0.9689
7.9901,1,0,1.3733,-87.7984,8.49,-0.5325,0.9589
8.0001,1,0,1.374,-87.2684,8.5,-0.5321,0.9489
8.0101,1,0,1.3749,-86.739,8.51,-0.5315,0.9389
8.0201,1,0,1.3758,-86.2096,8.52,-0.5308,0.9289
8.0301,1,0,1.3769,-85.681,8.53,-0.5301,0.919
8.0401,1,0,1.3782,-85.153,8.54,-0.5292,0.909
8.0501,1,0,1.3795,-84.6252,8.55,-0.5283,0.899
8.0601,1,0,1.381,-84.0981,8.56,-0.5273,0.8891
8.07,1,0,1.3826,-83.5725,8.57,-0.5261,0.8792
8.0801,1,0,1.3844,-83.0471,8.58,-0.5249,0.8692
8.0901,1,0,1.3863,-82.522,8.59,-0.5236,0.8593
8.1001,1,0,1.3883,-81.9984,8.6,-0.5222,0.8494
8.1101,1,0,1.3904,-81.4757,8.61,-0.5208,0.8395
8.1201,1,0,1.3927,-80.954,8.62,-0.5192,0.8297
8.1301,1,0,1.395,-80.4339,8.63,-0.5175,0.8198
8.1401,1,0,1.3976,-79.9148,8.64,-0.5158,0.81
8.1501,1,0,1.4002,-79.3962,8.65,-0.5139,0.8001
8.1601,1,0,1.403,-78.8788,8.66,-0.512,0.7903
8.1701,1,0,1.4059,-78.363,8.67,-0.51,0.7805
8.1801,1,0,1.4089,-77.8489,8.68,-0.5079,0.7708
8.1901,1,0,1.4121,-77.3361,8.69,-0.5057,0.761
8.2001,1,0,1.4154,-76.8245,8.7,-0.5034,0.7513
8.2101,1,0,1.4188,-76.3141,8.71,-0.501,0.7415
8.2201,1,0,1.4224,-75.8056,8.72,-0.4986,0.7318
8.2301,1,0,1.426,-75.299,8.73,-0.496,0.7222
8.2401,1,0,1.4298,-74.7936,8.74,-0.4934,0.7125
8.2501,1,0,1.4338,-74.2897,8.75,-0.4907,0.7029
8.2601,1,0,1.4379,-73.7877,8.76,-0.4879,0.6933
8.2701,1,0,1.4421,-73.2877,8.77,-0.485,0.6837
8.2801,1,0,1.4464,-72.7897,8.78,-0.4821,0.6742
8.2901,1,0,1.4508,-72.2937,8.79,-0.4791,0.6646
8.3001,1,0,1.4554,-71.7992,8.8,-0.4759,0.6551
8.3101,1,0,1.4601,-71.3067,8.81,-0.4727,0.6457
8.3201,1,0,1.4649,-70.8158,8.82,-0.4694,0.6362
8.3301,1,0,1.4699,-70.327,8.83,-0.4661,0.6268
8.3401,1,0,1.475,-69.8409,8.84,-0.4626,0.6174
8.3501,1,0,1.4802,-69.3564,8.85,-0.4591,0.608
8.3601,1,0,1.4855,-68.8741,8.86,-0.4555,0.5987
8.3701,1,0,1.491,-68.3939,8.87,-0.4518,0.5894
8.3801,1,0,1.4966,-67.9159,8.88,-0.4481,0.5802
8.3901,1,0,1.5023,-67.4407,8.89,-0.4442,0.5709
8.4001,1,0,1.5082,-66.9671,8.9,-0.4403,0.5617
8.4101,1,0,1.5141,-66.4959,8.91,-0.4363,0.5526
8.4201,1,0,1.5202,-66.0274,8.92,-0.4323,0.5434
8.4301,1,0,1.5265,-65.5606,8.93,-0.4281,0.5343
8.4401,1,0,1.5328,-65.0961,8.94,-0.4239,0.5252
8.4501,1,0,1.5393,-64.6345,8.95,-0.4196,0.5162
8.4601,1,0,1.5459,-64.1751,8.96,-0.4153,0.5072
8.4701,1,0,1.5526,-63.7181,8.97,-0.4108,0.4982
8.4801,1,0,1.5594,-63.2634,8.98,-0.4063,0.4893
8.4901,1,0,1.5664,-62.8116,8.99,-0.4018,0.4804
8.5001,1,0,1.5735,-62.3621,9,-0.3971,0.4716
8.5101,1,0,1.5807,-61.9149,9.01,-0.3924,0.4627
8.5201,1,0,1.588,-61.4701,9.02,-0.3876,0.4539
8.5301,1,0,1.5955,-61.0277,9.03,-0.3828,0.4452
8.5401,1,0,1.603,-60.5881,9.04,-0.3779,0.4365
8.5501,1,0,1.6107,-60.1515,9.05,-0.3729,0.4278
8.5601,1,0,1.6185,-59.7172,9.06,-0.3679,0.4192
8.5701,1,0,1.6264,-59.2847,9.07,-0.3628,0.4106
8.5801,1,0,1.6345,-58.8552,9.08,-0.3576,0.402
8.5901,1,0,1.6426,-58.4286,9.09,-0.3524,0.3935
8.6001,1,0,1.6509,-58.0043,9.1,-0.3471,0.385
8.6101,1,0,1.6593,-57.5825,9.11,-0.3417,0.3766
8.6201,1,0,1.6678,-57.1635,9.12,-0.3363,0.3682
8.63,0.9956,-0.4421,1.6764,-56.7479,9.13,-0.3308,0.3598
8.6399,0.9856,-0.9991,1.6851,-56.3377,9.14,-0.3253,0.3516
8.6496,0.9756,-0.9997,1.6937,-55.9345,9.15,-0.3199,0.3436
8.6593,0.9656,-1.001,1.7023,-55.538,9.16,-0.3144,0.3356
8.6688,0.9556,-0.9985,1.711,-55.1479,9.17,-0.309,0.3278
8.6783,0.9456,-1.0011,1.7197,-54.764,9.18,-0.3035,0.32
8.6877,0.9356,-0.9985,1.7284,-54.3863,9.19,-0.2981,0.3124
8.6969,0.9256,-1.0012,1.7371,-54.0148,9.2,-0.2926,0.3049
8.7061,0.9156,-0.9999,1.7458,-53.6499,9.21,-0.2872,0.2976
8.7151,0.9056,-1,1.7545,-53.2911,9.22,-0.2818,0.2903
8.7241,0.8956,-1,1.7632,-52.9383,9.23,-0.2764,0.2832
8.7329,0.8856,-1.0001,1.7719,-52.5915,9.24,-0.271,0.2761
8.7417,0.8756,-1.0001,1.7806,-52.2507,9.25,-0.2656,0.2692
8.7504,0.8656,-0.9987,1.7892,-51.9153,9.26,-0.2603,0.2624
8.7589,0.8556,-1.0017,1.7979,-51.5858,9.27,-0.255,0.2557
8.7674,0.8456,-0.9988,1.8065,-51.2622,9.28,-0.2497,0.2491
8.7757,0.8356,-1.0003,1.8151,-50.9439,9.29,-0.2444,0.2426
8.784,0.8256,-1.0004,1.8236,-50.6313,9.3,-0.2392,0.2362
8.7921,0.8156,-1.0004,1.8322,-50.3244,9.31,-0.234,0.2299
8.8002,0.8056,-1.0005,1.8406,-50.0233,9.32,-0.2288,0.2238
8.8081,0.7956,-0.9989,1.8491,-49.7273,9.33,-0.2237,0.2177
8.816,0.7856,-0.9989,1.8576,-49.4359,9.34,-0.2185,0.2117
8.8238,0.7756,-1.0023,1.8659,-49.1501,9.35,-0.2135,0.2059
8.8314,0.7656,-0.999,1.8742,-48.8699,9.36,-0.2085,0.2001
8.839,0.7556,-0.999,1.8825,-48.5942,9.37,-0.2034,0.1944
8.8464,0.7456,-1.0008,1.8908,-48.3235,9.38,-0.1985,0.1889
8.8538,0.7356,-1.0009,1.8989,-48.0582,9.39,-0.1936,0.1834
8.861,0.7256,-0.9992,1.9071,-47.7979,9.4,-0.1887,0.178
8.8682,0.7156,-1.001,1.9151,-47.5424,9.41,-0.1839,0.1727
8.8753,0.7056,-0.9974,1.9232,-47.2914,9.42,-0.1791,0.1675
8.8822,0.6956,-1.003,1.9311,-47.0451,9.43,-0.1743,0.1625
8.889,0.6856,-0.9993,1.9389,-46.8041,9.44,-0.1697,0.1575
8.8958,0.6756,-0.9993,1.9468,-46.5674,9.45,-0.165,0.1526
8.9025,0.6656,-0.9994,1.9545,-46.335,9.46,-0.1604,0.1477
8.909,0.6556,-1.0014,1.9622,-46.1073,9.47,-0.1559,0.143
8.9155,0.6456,-0.9995,1.9698,-45.8843,9.48,-0.1514,0.1384
8.9218,0.6356,-0.9995,1.9773,-45.6654,9.49,-0.1469,0.1338
8.9281,0.6256,-0.9995,1.9847,-45.4508,9.5,-0.1425,0.1294
8.9342,0.6156,-1.0017,1.9921,-45.2407,9.51,-0.1382,0.125
8.9403,0.6056,-0.9997,1.9994,-45.0351,9.52,-0.1339,0.1207
8.9463,0.5956,-0.9974,2.0066,-44.8332,9.53,-0.1297,0.1165
8.9521,0.5856,-1.0043,2.0136,-44.6359,9.54,-0.1255,0.1124
8.9579,0.5756,-0.9975,2.0207,-44.4429,9.55,-0.1214,0.1084
8.9635,0.5656,-0.9998,2.0276,-44.2536,9.56,-0.1174,0.1044
8.9691,0.5556,-0.9998,2.0345,-44.0683,9.57,-0.1134,0.1006
8.9745,0.5456,-1.0024,2.0412,-43.8873,9.58,-0.1095,0.0968
8.9799,0.5356,-0.9974,2.0478,-43.7103,9.59,-0.1056,0.0931
8.9851,0.5256,-1.0026,2.0544,-43.5372,9.6,-0.1018,0.0895
8.9903,0.5156,-0.9974,2.0608,-43.368,9.61,-0.098,0.0859
8.9954,0.5056,-1.0001,2.0672,-43.2023,9.62,-0.0943,0.0825
9.0003,0.4956,-1.0029,2.0734,-43.0408,9.63,-0.0907,0.0791
9.0052,0.4856,-0.9974,2.0796,-42.8832,9.64,-0.0872,0.0758
9.0099,0.4756,-1.0002,2.0856,-42.729,9.65,-0.0837,0.0725
9.0146,0.4656,-1.0003,2.0916,-42.5785,9.66,-0.0802,0.0694
9.0192,0.4556,-1.0004,2.0974,-42.4319,9.67,-0.0769,0.0663
9.0236,0.4456,-1.0005,2.1031,-42.289,9.68,-0.0736,0.0633
9.028,0.4356,-0.9973,2.1088,-42.1494,9.6901,-0.0703,0.0604
9.0322,0.4256,-1.0038,2.1142,-42.0135,9.7,-0.0672,0.0575
9.0364,0.4156,-0.9974,2.1196,-41.8814,9.7101,-0.0641,0.0548
9.0404,0.4056,-1.0007,2.1249,-41.7525,9.7201,-0.0611,0.0521
9.0444,0.3956,-1.0008,2.1301,-41.6272,9.7301,-0.0581,0.0494
9.0482,0.3856,-1.0009,2.1351,-41.5057,9.74,-0.0552,0.0469
9.052,0.3756,-0.9972,2.1401,-41.3873,9.7501,-0.0524,0.0444
9.0557,0.3655,-1.0009,2.1449,-41.2722,9.7601,-0.0496,0.042
9.0592,0.3555,-1.0011,2.1496,-41.1607,9.7701,-0.047,0.0396
9.0627,0.3456,-1.0012,2.1541,-41.0527,9.78,-0.0444,0.0374
9.066,0.3356,-0.9971,2.1586,-40.948,9.7901,-0.0418,0.0352
9.0693,0.3255,-1.0013,2.1629,-40.8464,9.8001,-0.0394,0.0331
9.0724,0.3156,-1.0015,2.1671,-40.7483,9.81,-0.037,0.031
9.0755,0.3056,-0.997,2.1712,-40.6534,9.8201,-0.0347,0.029
9.0785,0.2955,-1.0016,2.1751,-40.5616,9.8301,-0.0324,0.0271
9.0813,0.2856,-1.0018,2.1789,-40.4733,9.84,-0.0302,0.0252
9.0841,0.2756,-0.9968,2.1826,-40.3881,9.8501,-0.0281,0.0234
9.0867,0.2655,-1.0019,2.1862,-40.306,9.8601,-0.0261,0.0217
9.0893,0.2556,-1.0022,2.1896,-40.2274,9.87,-0.0242,0.0201
9.0917,0.2456,-0.9966,2.193,-40.1519,9.88,-0.0223,0.0185
9.0941,0.2356,-1.0024,2.1961,-40.0794,9.89,-0.0205,0.017
9.0963,0.2256,-0.9964,2.1992,-40.0099,9.9,-0.0188,0.0155
9.0985,0.2156,-1.0026,2.2021,-39.9435,9.91,-0.0171,0.0141
9.1006,0.2055,-0.996,2.2049,-39.8802,9.9201,-0.0155,0.0128
9.1025,0.1955,-1.0028,2.2076,-39.8198,9.9301,-0.014,0.0116
9.1044,0.1855,-1.0034,2.2101,-39.7629,9.9401,-0.0126,0.0104
9.1061,0.1755,-0.9957,2.2125,-39.7091,9.9501,-0.0112,0.0093
9.1078,0.1655,-1.0038,2.2148,-39.6582,9.9601,-0.01,0.0082
9.1093,0.1555,-0.9951,2.2169,-39.6103,9.9701,-0.0088,0.0072
9.1108,0.1455,-1.0042,2.2189,-39.5654,9.9801,-0.0076,0.0063
9.1121,0.1355,-1.0053,2.2207,-39.5239,9.99,-0.0066,0.0054
9.1134,0.1255,-0.9833,2.2225,-39.485,10.0002,-0.0056,0.0046
9.1146,0.1154,-1.0173,2.224,-39.449,10.0101,-0.0047,0.0039
9.1156,0.1055,-0.9939,2.2255,-39.4165,10.0201,-0.0039,0.0032
9.1166,0.0954,-0.992,2.2268,-39.3865,10.0303,-0.0032,0.0026
9.1174,0.0853,-1.0066,2.228,-39.3595,10.0403,-0.0025,0.0021
9.1182,0.0754,-1.0096,2.229,-39.3358,10.0501,-0.0019,0.0016
9.1188,0.0655,-0.9907,2.2299,-39.3151,10.0601,-0.0014,0.0012
9.1194,0.0553,-0.9855,2.2307,-39.297,10.0705,-0.001,0.0008
9.1199,0.0451,-1.0093,2.2313,-39.2818,10.0806,-0.0006,0.0005
9.1202,0.0351,-1.0194,2.2318,-39.27,10.0904,-0.0004,0.0003
9.1205,0.0251,-0.9768,2.2322,-39.2611,10.1006,-0.0002,0.0001
9.1206,0.0138,-0.9114,2.2324,-39.2548,10.113,0,0
9.1207,0.0038,-1.3229,2.2324,-39.2519,10.1206,0,0