0,0,0,8.6722,0.0001,0,0,0
0.0001,0.0079,0.75,8.6715,0.0005,0.0105,0.0001,0
0.0003,0.0158,0.75,8.6702,0.0013,0.0211,0.0003,0
0.0005,0.0259,1.0462,8.6682,0.0028,0.0307,0.0005,0
0.0009,0.0354,1.0129,8.6656,0.0047,0.0401,0.0009,0
0.0013,0.0453,0.9516,8.6609,0.0075,0.0505,0.0013,0
0.0019,0.0553,1.0458,8.6571,0.0109,0.0601,0.0019,0
0.0025,0.0652,0.9665,8.6511,0.015,0.0703,0.0025,0
0.0033,0.0753,1.0132,8.6453,0.0199,0.0802,0.0033,0
0.0041,0.0851,1.009,8.6381,0.0253,0.09,0.0041,0
0.0051,0.0951,0.9789,8.6296,0.0315,0.1002,0.0051,0
0.0061,0.1051,1.0226,8.6212,0.0383,0.11,0.0061,0
0.0073,0.1151,0.9821,8.6115,0.0459,0.1201,0.0073,0
0.0085,0.1251,1.0074,8.6012,0.0542,0.1301,0.0085,0
0.0099,0.1352,0.9959,8.5896,0.0632,0.1402,0.0099,0
0.0113,0.1452,1.006,8.5775,0.0729,0.1501,0.0113,0
0.0129,0.1552,0.9962,8.5647,0.0833,0.1602,0.0129,0
0.0145,0.1651,1.005,8.5515,0.0943,0.1701,0.0145,0
0.0163,0.1751,0.9964,8.5363,0.1061,0.1801,0.0163,0
0.0181,0.1851,1.0043,8.5219,0.1185,0.19,0.0181,0
0.0201,0.1951,0.9899,8.505,0.1318,0.2001,0.0201,0
0.0221,0.2051,1.0112,8.4889,0.1458,0.21,0.0221,0
0.0243,0.2151,0.9907,8.471,0.1604,0.2201,0.0243,0
0.0265,0.2251,1.0039,8.4526,0.1759,0.2301,0.0265,0
0.0289,0.2351,1.0034,8.4338,0.192,0.24,0.0289,0.0001
0.0313,0.245,0.9974,8.4138,0.2089,0.25,0.0313,0.0001
0.0339,0.2551,0.9977,8.3934,0.2265,0.2601,0.0339,0.0001
0.0365,0.2651,1.0031,8.3719,0.2449,0.2701,0.0365,0.0001
0.0393,0.2751,0.9978,8.3501,0.2641,0.2801,0.0393,0.0001
0.0421,0.2851,1.0028,8.3272,0.284,0.29,0.0421,0.0001
0.0451,0.295,0.9979,8.3039,0.3046,0.3,0.0451,0.0001
0.0481,0.3051,0.9981,8.2797,0.3261,0.3101,0.0481,0.0001
0.0513,0.3151,1.0026,8.2545,0.3484,0.3201,0.0513,0.0002
0.0545,0.325,1.0024,8.229,0.3714,0.33,0.0545,0.0002
0.0579,0.335,0.998,8.2032,0.3951,0.34,0.0579,0.0002
0.0613,0.345,0.9982,8.1759,0.4198,0.35,0.0613,0.0002
0.0649,0.355,1.0022,8.1483,0.4452,0.36,0.0649,0.0003
0.0685,0.365,0.9983,8.1199,0.4714,0.37,0.0685,0.0003
0.0723,0.375,0.9984,8.0913,0.4986,0.3801,0.0723,0.0003
0.0761,0.3851,1.0021,8.0614,0.5266,0.3901,0.0761,0.0004
0.0801,0.395,1.0019,8.0312,0.5553,0.4,0.0801,0.0004
0.0841,0.405,0.9984,8.001,0.5849,0.41,0.0841,0.0004
0.0883,0.415,0.9985,7.9694,0.6154,0.42,0.0883,0.0005
0.0925,0.425,1.0018,7.9372,0.6467,0.43,0.0925,0.0005
0.0969,0.435,0.9985,7.9049,0.679,0.4401,0.0969,0.0006
0.1013,0.4451,1.0017,7.8714,0.7121,0.45,0.1013,0.0006
0.1059,0.4551,0.9986,7.8373,0.7462,0.4601,0.1059,0.0007
0.1105,0.4651,1.0016,7.8033,0.7811,0.47,0.1105,0.0008
0.1153,0.475,0.9986,7.7687,0.8169,0.4801,0.1153,0.0008
0.1201,0.485,1.0015,7.7331,0.8537,0.49,0.1201,0.0009
0.1251,0.495,0.9986,7.697,0.8914,0.5,0.1251,0.001
0.1301,0.505,1.0015,7.6609,0.9301,0.51,0.1301,0.0011
0.1353,0.515,0.9987,7.624,0.9697,0.52,0.1353,0.0011
0.1405,0.525,1.0014,7.5867,1.0103,0.53,0.1405,0.0012
0.1459,0.535,0.9987,7.5485,1.0519,0.54,0.1458,0.0013
0.1513,0.545,0.9988,7.5101,1.0946,0.55,0.1513,0.0014
0.1569,0.555,1.0013,7.4709,1.1383,0.56,0.1569,0.0015
0.1625,0.565,1.0013,7.4314,1.1829,0.57,0.1625,0.0017
0.1683,0.575,0.9988,7.3912,1.2286,0.58,0.1682,0.0018
0.1741,0.585,0.9989,7.3513,1.2755,0.59,0.1741,0.0019
0.1801,0.595,1.0012,7.3104,1.3234,0.6,0.1801,0.0021
0.1861,0.605,0.9989,7.2688,1.3724,0.61,0.1861,0.0022
0.1923,0.615,1.0012,7.2276,1.4226,0.62,0.1923,0.0024
0.1985,0.625,1.0011,7.1855,1.4737,0.63,0.1985,0.0025
0.2049,0.635,0.9967,7.1429,1.5261,0.64,0.2049,0.0027
0.2113,0.645,1.0033,7.0999,1.5796,0.65,0.2113,0.0029
0.2179,0.655,0.9989,7.0569,1.6342,0.66,0.2178,0.003
0.2245,0.665,0.999,7.0131,1.6902,0.67,0.2245,0.0032
0.2313,0.675,1.0011,6.9691,1.7473,0.68,0.2312,0.0034
0.2381,0.685,0.999,6.924,1.8056,0.69,0.2381,0.0037
0.2451,0.695,1.0011,6.8794,1.8652,0.7,0.245,0.0039
0.2521,0.705,0.999,6.8343,1.9261,0.71,0.2521,0.0041
0.2593,0.715,0.9991,6.789,1.9884,0.72,0.2592,0.0044
0.2665,0.725,1.0011,6.7428,2.052,0.73,0.2665,0.0046
0.2739,0.735,1.001,6.6969,2.1168,0.74,0.2738,0.0049
0.2813,0.745,0.9991,6.6503,2.183,0.75,0.2813,0.0052
0.2889,0.755,1.001,6.6034,2.2505,0.76,0.2888,0.0055
0.2965,0.765,0.9991,6.5564,2.3194,0.77,0.2964,0.0058
0.3043,0.775,0.9992,6.5089,2.3899,0.78,0.3042,0.0061
0.3121,0.785,1.001,6.4614,2.4618,0.79,0.312,0.0065
0.3201,0.795,0.9992,6.4132,2.5352,0.8,0.32,0.0068
0.3281,0.805,1.001,6.3648,2.6101,0.81,0.328,0.0072
0.3363,0.815,0.9992,6.3163,2.6865,0.82,0.3362,0.0076
0.3445,0.825,1.001,6.2673,2.7645,0.83,0.3444,0.008
0.3529,0.835,0.9993,6.2184,2.844,0.84,0.3527,0.0084
0.3613,0.845,0.9993,6.1688,2.9253,0.85,0.3612,0.0088
0.3699,0.855,1.001,6.1192,3.0082,0.86,0.3697,0.0092
0.3785,0.865,0.9993,6.0693,3.0928,0.87,0.3784,0.0097
0.3873,0.875,1.001,6.0194,3.179,0.88,0.3871,0.0102
0.3961,0.885,0.9994,5.969,3.267,0.89,0.3959,0.0107
0.4051,0.895,0.9994,5.9184,3.3569,0.9,0.4049,0.0112
0.4141,0.905,1.001,5.8678,3.4486,0.91,0.4139,0.0118
0.4233,0.915,0.9994,5.8168,3.5421,0.92,0.423,0.0123
0.4325,0.925,0.9995,5.7654,3.6376,0.93,0.4323,0.0129
0.4419,0.935,1.001,5.7142,3.735,0.94,0.4416,0.0135
0.4513,0.945,0.9995,5.6626,3.8343,0.95,0.451,0.0142
0.4609,0.955,1.001,5.6112,3.9356,0.96,0.4605,0.0148
0.4705,0.965,0.9995,5.5593,4.0389,0.97,0.4702,0.0155
0.4803,0.975,0.9996,5.5071,4.1443,0.98,0.4799,0.0162
0.4901,0.985,0.9996,5.455,4.2521,0.99,0.4897,0.0169
0.5001,0.995,0.9996,5.4026,4.3621,1,0.4996,0.0177
0.5101,1,0.4989,5.3505,4.4739,1.01,0.5096,0.0185
0.5201,1,0,5.2986,4.5872,1.02,0.5196,0.0193
0.5301,1,0,5.2472,4.7016,1.03,0.5295,0.0201
0.5401,1,0,5.196,4.8171,1.04,0.5395,0.0209
0.5501,1,0,5.1452,4.934,1.05,0.5495,0.0218
0.5601,1,0,5.0948,5.0521,1.06,0.5594,0.0227
0.5701,1,0,5.0449,5.1714,1.07,0.5694,0.0236
0.5801,1,0,4.9951,5.292,1.08,0.5793,0.0245
0.5901,1,0,4.9458,5.4138,1.09,0.5893,0.0254
0.6001,1,0,4.8969,5.5369,1.1,0.5992,0.0264
0.6101,1,0,4.8481,5.6613,1.11,0.6092,0.0274
0.6201,1,0,4.7998,5.7871,1.12,0.6191,0.0284
0.6301,1,0,4.7517,5.9143,1.13,0.6291,0.0294
0.6401,1,0,4.7042,6.0428,1.14,0.639,0.0305
0.6501,1,0,4.6568,6.1725,1.15,0.649,0.0316
0.6601,1,0,4.6098,6.3038,1.16,0.6589,0.0327
0.6701,1,0,4.563,6.4365,1.17,0.6689,0.0338
0.6801,1,0,4.5168,6.5707,1.18,0.6788,0.0349
0.6901,1,0,4.4708,6.7063,1.19,0.6887,0.0361
0.7001,1,0,4.425,6.8435,1.2,0.6987,0.0373
0.7101,1,0,4.3796,6.9822,1.21,0.7086,0.0385
0.7201,1,0,4.3345,7.1222,1.22,0.7185,0.0397
0.7301,1,0,4.2897,7.2639,1.23,0.7284,0.041
0.7401,1,0,4.2453,7.4073,1.24,0.7383,0.0423
0.7501,1,0,4.2011,7.5523,1.25,0.7483,0.0436
0.7601,1,0,4.1573,7.6989,1.26,0.7582,0.0449
0.7701,1,0,4.1138,7.847,1.27,0.7681,0.0463
0.7801,1,0,4.0706,7.9969,1.28,0.778,0.0477
0.7901,1,0,4.0275,8.1487,1.29,0.7879,0.0491
0.8001,1,0,3.985,8.302,1.3,0.7978,0.0506
0.8101,1,0,3.9426,8.4572,1.31,0.8077,0.052
0.8201,1,0,3.9006,8.6141,1.32,0.8175,0.0535
0.8301,1,0,3.8588,8.7729,1.33,0.8274,0.0551
0.8401,1,0,3.8174,8.9335,1.34,0.8373,0.0566
0.8501,1,0,3.7762,9.0961,1.35,0.8472,0.0582
0.8601,1,0,3.7354,9.2605,1.36,0.857,0.0598
0.8701,1,0,3.6948,9.4269,1.37,0.8669,0.0614
0.8801,1,0,3.6545,9.5954,1.38,0.8768,0.0631
0.8901,1,0,3.6146,9.7657,1.39,0.8866,0.0648
0.9001,1,0,3.5748,9.9381,1.4,0.8965,0.0665
0.9101,1,0,3.5355,10.1127,1.41,0.9063,0.0683
0.9201,1,0,3.4963,10.2894,1.42,0.9162,0.0701
0.9301,1,0,3.4575,10.4683,1.43,0.926,0.0719
0.9401,1,0,3.419,10.6492,1.44,0.9358,0.0737
0.9501,1,0,3.3807,10.8324,1.45,0.9456,0.0756
0.9601,1,0,3.3428,11.018,1.46,0.9555,0.0775
0.9701,1,0,3.3051,11.2058,1.47,0.9653,0.0795
0.9801,1,0,3.2678,11.3959,1.48,0.9751,0.0814
0.9901,1,0,3.2306,11.5886,1.49,0.9849,0.0835
1.0001,1,0,3.1939,11.7836,1.5,0.9947,0.0855
1.0101,1,0,3.1573,11.981,1.51,1.0044,0.0876
1.0201,1,0,3.1211,12.181,1.52,1.0142,0.0897
1.0301,1,0,3.0852,12.3835,1.53,1.024,0.0918
1.0401,1,0,3.0495,12.5885,1.54,1.0337,0.094
1.0501,1,0,3.0141,12.7963,1.55,1.0435,0.0962
1.0601,1,0,2.9791,13.0067,1.56,1.0532,0.0985
1.0701,1,0,2.9443,13.22,1.57,1.063,0.1008
1.0801,1,0,2.9098,13.4361,1.58,1.0727,0.1031
1.0901,1,0,2.8755,13.655,1.59,1.0824,0.1054
1.1001,1,0,2.8416,13.8769,1.6,1.0921,0.1078
1.1101,1,0,2.808,14.1016,1.61,1.1018,0.1103
1.1201,1,0,2.7746,14.3291,1.62,1.1115,0.1127
1.1301,1,0,2.7415,14.5601,1.63,1.1212,0.1153
1.1401,1,0,2.7087,14.7942,1.64,1.1309,0.1178
1.1501,1,0,2.6763,15.0311,1.65,1.1405,0.1204
1.1601,1,0,2.6441,15.2712,1.66,1.1502,0.123
1.1701,1,0,2.6121,15.515,1.67,1.1598,0.1257
1.1801,1,0,2.5806,15.762,1.68,1.1694,0.1284
1.1901,1,0,2.5492,16.0124,1.69,1.179,0.1312
1.2001,1,0,2.5182,16.2664,1.7,1.1886,0.134
1.2101,1,0,2.4875,16.5236,1.71,1.1982,0.1368
1.2201,1,0,2.457,16.7845,1.72,1.2078,0.1397
1.2301,1,0,2.4269,17.049,1.73,1.2174,0.1427
1.2401,1,0,2.397,17.3174,1.74,1.2269,0.1456
1.2501,1,0,2.3675,17.5896,1.75,1.2364,0.1487
1.2601,1,0,2.3382,17.8656,1.76,1.2459,0.1517
1.2701,1,0,2.3092,18.1457,1.77,1.2554,0.1548
1.2801,1,0,2.2805,18.4297,1.78,1.2649,0.158
1.2901,1,0,2.2522,18.7178,1.79,1.2744,0.1612
1.3001,1,0,2.224,19.0105,1.8,1.2839,0.1645
1.3101,1,0,2.1963,19.3074,1.81,1.2933,0.1678
1.3201,1,0,2.1688,19.6082,1.82,1.3027,0.1711
1.3301,1,0,2.1416,19.9133,1.83,1.3121,0.1745
1.3401,1,0,2.1148,20.2229,1.84,1.3215,0.178
1.3501,1,0,2.0882,20.5374,1.85,1.3309,0.1815
1.3601,1,0,2.062,20.8565,1.86,1.3402,0.1851
1.3701,1,0,2.036,21.1802,1.87,1.3496,0.1887
1.3801,1,0,2.0104,21.5086,1.88,1.3588,0.1923
1.3901,1,0,1.985,21.8419,1.89,1.3681,0.1961
1.4001,1,0,1.96,22.1804,1.9,1.3774,0.1998
1.4101,1,0,1.9353,22.5239,1.91,1.3866,0.2037
1.4201,1,0,1.9108,22.8729,1.92,1.3959,0.2076
1.4301,1,0,1.8868,23.2269,1.93,1.405,0.2115
1.4401,1,0,1.863,23.5862,1.94,1.4142,0.2155
1.4501,1,0,1.8396,23.9508,1.95,1.4233,0.2196
1.4601,1,0,1.8164,24.3207,1.96,1.4324,0.2237
1.4701,1,0,1.7935,24.697,1.97,1.4415,0.2279
1.4801,1,0,1.771,25.0788,1.98,1.4506,0.2321
1.4901,1,0,1.7489,25.4658,1.99,1.4596,0.2364
1.5001,1,0,1.727,25.859,2,1.4686,0.2408
1.5101,1,0,1.7055,26.2584,2.01,1.4776,0.2452
1.5201,1,0,1.6843,26.6636,2.02,1.4865,0.2497
1.5301,1,0,1.6633,27.0754,2.03,1.4954,0.2542
1.5401,1,0,1.6428,27.4936,2.04,1.5043,0.2588
1.5501,1,0,1.6225,27.918,2.05,1.5131,0.2635
1.5601,1,0,1.6026,28.3486,2.06,1.5219,0.2683
1.5701,1,0,1.5831,28.7855,2.07,1.5307,0.2731
1.5801,1,0,1.5638,29.2293,2.08,1.5394,0.278
1.5901,1,0,1.5449,29.6801,2.09,1.5481,0.2829
1.6001,1,0,1.5263,30.1375,2.1,1.5568,0.2879
1.6101,1,0,1.5081,30.6014,2.11,1.5654,0.293
1.6201,1,0,1.4902,31.0727,2.12,1.5739,0.2982
1.6301,1,0,1.4726,31.5512,2.13,1.5825,0.3034
1.6401,1,0,1.4554,32.0366,2.14,1.5909,0.3087
1.6501,1,0,1.4385,32.529,2.15,1.5994,0.3141
1.6601,1,0,1.422,33.0284,2.16,1.6077,0.3195
1.6701,1,0,1.4058,33.5354,2.17,1.6161,0.3251
1.6801,1,0,1.39,34.0502,2.18,1.6244,0.3307
1.6901,1,0,1.3745,34.5721,2.19,1.6326,0.3364
1.7001,1,0,1.3594,35.1014,2.2,1.6408,0.3421
1.7101,1,0,1.3446,35.6379,2.21,1.6489,0.3479
1.7201,1,0,1.3302,36.1824,2.22,1.657,0.3538
1.7301,1,0,1.3161,36.7344,2.23,1.665,0.3598
1.7401,1,0,1.3024,37.2938,2.24,1.673,0.3659
1.7501,1,0,1.289,37.8613,2.25,1.6809,0.372
1.7601,1,0,1.2761,38.4358,2.26,1.6887,0.3782
1.7701,1,0,1.2634,39.0177,2.27,1.6964,0.3845
1.7801,1,0,1.2512,39.6079,2.28,1.7042,0.3909
1.7901,1,0,1.2392,40.2057,2.29,1.7118,0.3974
1.8001,1,0,1.2277,40.8104,2.3,1.7194,0.4039
1.8101,1,0,1.2165,41.4227,2.31,1.7269,0.4105
1.8201,1,0,1.2057,42.0425,2.32,1.7343,0.4172
1.8301,1,0,1.1953,42.6692,2.33,1.7416,0.424
1.8401,1,0,1.1852,43.3034,2.34,1.7489,0.4308
1.8501,1,0,1.1755,43.9451,2.35,1.7561,0.4378
1.8601,1,0,1.1662,44.5935,2.36,1.7632,0.4448
1.8701,1,0,1.1573,45.2493,2.37,1.7703,0.4519
1.8801,1,0,1.1487,45.9117,2.38,1.7772,0.4591
1.89,1,0,1.1405,46.5799,2.39,1.7841,0.4663
1.9001,1,0,1.1327,47.2551,2.4,1.7909,0.4737
1.9101,1,0,1.1253,47.9367,2.41,1.7976,0.4811
1.9201,1,0,1.1182,48.6245,2.42,1.8042,0.4886
1.9301,1,0,1.1116,49.3184,2.43,1.8107,0.4962
1.9401,1,0,1.1053,50.0174,2.44,1.8171,0.5039
1.9501,1,0,1.0994,50.7223,2.45,1.8235,0.5116
1.9601,1,0,1.0939,51.432,2.46,1.8297,0.5194
1.9701,1,0,1.0888,52.1464,2.47,1.8359,0.5273
1.9801,1,0,1.084,52.866,2.48,1.8419,0.5353
1.9901,1,0,1.0797,53.5893,2.49,1.8478,0.5433
2.0001,1,0,1.0757,54.3166,2.5,1.8537,0.5515
2.0101,1,0,1.0721,55.0479,2.51,1.8594,0.5597
2.0201,1,0,1.0689,55.7821,2.52,1.865,0.5679
2.0301,1,0,1.0661,56.5198,2.53,1.8705,0.5763
2.0401,1,0,1.0637,57.2599,2.54,1.8759,0.5847
2.0501,1,0,1.0617,58.0022,2.55,1.8812,0.5932
2.06,1,0,1.06,58.7465,2.56,1.8864,0.6017
2.0701,1,0,1.0588,59.4925,2.57,1.8915,0.6103
2.0801,1,0,1.058,60.2399,2.58,1.8965,0.619
2.0901,1,0,1.0575,60.9886,2.59,1.9013,0.6278
2.1001,1,0,1.0574,61.7374,2.6,1.906,0.6366
2.1101,1,0,1.0578,62.4852,2.61,1.9107,0.6454
2.1201,1,0,1.0585,63.2335,2.62,1.9152,0.6544
2.1301,1,0,1.0596,63.9811,2.63,1.9195,0.6633
2.1401,1,0,1.0611,64.7277,2.64,1.9238,0.6724
2.1501,1,0,1.063,65.4732,2.65,1.928,0.6815
2.1601,1,0,1.0652,66.2164,2.66,1.932,0.6906
2.1701,1,0,1.0679,66.9571,2.67,1.9359,0.6998
2.1801,1,0,1.071,67.6959,2.68,1.9397,0.7091
2.1901,1,0,1.0744,68.4316,2.69,1.9434,0.7184
2.2001,1,0,1.0782,69.1633,2.7,1.9469,0.7277
2.2101,1,0,1.0825,69.8923,2.71,1.9504,0.7371
2.2201,1,0,1.0871,70.6176,2.72,1.9537,0.7466
2.2301,1,0,1.0921,71.3382,2.73,1.9569,0.756
2.2401,1,0,1.0974,72.0546,2.74,1.96,0.7656
2.2501,1,0,1.1032,72.766,2.75,1.9629,0.7751
2.2601,1,0,1.1094,73.472,2.76,1.9658,0.7847
2.2701,1,0,1.1159,74.1732,2.77,1.9685,0.7943
2.2801,1,0,1.1228,74.8688,2.78,1.9711,0.804
2.2901,1,0,1.1301,75.5586,2.79,1.9736,0.8136
2.3001,1,0,1.1377,76.2424,2.8,1.976,0.8234
2.3101,1,0,1.1458,76.9201,2.81,1.9783,0.8331
2.3201,1,0,1.1542,77.5908,2.82,1.9804,0.8428
2.3301,1,0,1.163,78.2551,2.83,1.9825,0.8526
2.3401,1,0,1.1722,78.9137,2.84,1.9844,0.8625
2.3501,1,0,1.1817,79.5649,2.85,1.9862,0.8723
2.3601,1,0,1.1916,80.2087,2.86,1.9879,0.8822
2.3701,1,0,1.2019,80.8458,2.87,1.9895,0.892
2.3801,1,0,1.2126,81.4753,2.88,1.991,0.9019
2.3901,1,0,1.2236,82.0972,2.89,1.9923,0.9118
2.4001,1,0,1.235,82.7122,2.9,1.9936,0.9217
2.4101,1,0,1.2467,83.3202,2.91,1.9948,0.9317
2.4201,1,0,1.2589,83.9205,2.92,1.9958,0.9416
2.4301,1,0,1.2713,84.513,2.93,1.9968,0.9516
2.4401,1,0,1.2842,85.0985,2.94,1.9976,0.9615
2.4501,1,0,1.2974,85.6762,2.95,1.9984,0.9715
2.4601,1,0,1.3109,86.2461,2.96,1.999,0.9815
2.4701,1,0,1.3248,86.8083,2.97,1.9996,0.9915
2.4801,1,0.0018,1.3931,87.3627,2.98,2.0001,1.0015
2.4901,1,-0.005,1.3758,87.8953,2.99,2.0004,1.0114
2.5001,1,0,1.3588,88.4237,3,2.0007,1.0214
2.5101,1,0,1.3422,88.961,3.01,2.0009,1.0314
2.5201,1,0,1.3259,89.5068,3.02,2.001,1.0414
2.5301,1,0,1.3101,90.061,3.03,2.001,1.0514
2.5401,1,0,1.2946,90.6237,3.04,2.0009,1.0614
2.5501,1,0,1.2794,91.195,3.05,2.0006,1.0714
2.5601,1,0,1.2646,91.7757,3.06,2.0003,1.0814
2.5701,1,0,1.2503,92.365,3.07,1.9999,1.0914
2.5801,1,0,1.2363,92.9631,3.08,1.9994,1.1014
2.5901,1,0,1.2227,93.5699,3.09,1.9988,1.1114
2.6001,1,0,1.2094,94.1854,3.1,1.9981,1.1214
2.6101,1,0,1.1966,94.8097,3.11,1.9972,1.1313
2.6201,1,0,1.1841,95.4428,3.12,1.9963,1.1413
2.6301,1,0,1.1721,96.0854,3.13,1.9952,1.1512
2.6401,1,0,1.1604,96.7367,3.14,1.994,1.1612
2.6501,1,0,1.1491,97.3968,3.15,1.9927,1.1711
2.6601,1,0,1.1382,98.0656,3.16,1.9913,1.181
2.6701,1,0,1.1277,98.7422,3.17,1.9898,1.1909
2.6801,1,0,1.1176,99.4275,3.18,1.9882,1.2007
2.6901,1,0,1.1079,100.122,3.19,1.9864,1.2106
2.7001,1,0,1.0986,100.8249,3.2,1.9845,1.2204
2.7101,1,0,1.0897,101.5354,3.21,1.9825,1.2302
2.7201,1,0,1.0813,102.2533,3.22,1.9804,1.24
2.7301,1,0,1.0732,102.9793,3.23,1.9782,1.2497
2.7401,1,0,1.0655,103.7132,3.24,1.9758,1.2594
2.7501,1,0,1.0582,104.4541,3.25,1.9733,1.2691
2.7601,1,0,1.0514,105.2019,3.26,1.9707,1.2788
2.7701,1,0,1.045,105.9562,3.27,1.9679,1.2884
2.7801,1,0,1.0389,106.717,3.28,1.9651,1.2979
2.7901,1,0,1.0333,107.4839,3.29,1.9621,1.3075
2.8001,1,0,1.0281,108.2569,3.3,1.9589,1.317
2.8101,1,0,1.0233,109.0356,3.31,1.9557,1.3264
2.8201,1,0,1.019,109.8189,3.32,1.9523,1.3358
2.8301,1,0,1.015,110.6067,3.33,1.9488,1.3452
2.8401,1,0,1.0115,111.3994,3.34,1.9451,1.3545
2.8501,1,0,1.0084,112.1959,3.35,1.9413,1.3638
2.8601,1,0,1.0057,112.996,3.36,1.9374,1.373
2.8701,1,0,1.0034,113.7993,3.37,1.9334,1.3821
2.8801,1,0,1.0016,114.6046,3.38,1.9292,1.3912
2.8901,1,0,1.0002,115.4117,3.39,1.9249,1.4002
2.9,0.9998,-0.0197,0.9991,116.2202,3.4,1.9205,1.4092
2.9101,0.9994,-0.0392,0.9986,117.0307,3.41,1.916,1.4181
2.92,0.9992,-0.0187,0.9984,117.8411,3.42,1.9113,1.4269
2.93,0.9992,0.0024,0.9987,118.6511,3.43,1.9065,1.4357
2.94,0.9995,0.0235,0.9993,119.4621,3.44,1.9016,1.4444
2.95,0.9999,0.0408,1.0004,120.272,3.45,1.8966,1.4531
2.96,1,0.0113,1.002,121.0805,3.46,1.8914,1.4616
2.97,1,0,1.0039,121.8881,3.47,1.8861,1.4701
2.98,1,0,1.0063,122.6929,3.48,1.8807,1.4785
2.99,1,0,1.009,123.4945,3.49,1.8752,1.4869
3,1,0,1.0122,124.2935,3.5,1.8696,1.4951
3.01,1,0,1.0159,125.0895,3.51,1.8638,1.5033
3.02,1,0,1.0199,125.8815,3.52,1.858,1.5114
3.03,1,0,1.0244,126.6684,3.53,1.852,1.5194
3.04,1,0,1.0292,127.4507,3.54,1.8459,1.5274
3.05,1,0,1.0345,128.2282,3.55,1.8397,1.5352
3.06,1,0,1.0402,128.9998,3.56,1.8334,1.543
3.07,1,0,1.0463,129.7654,3.57,1.827,1.5507
3.08,1,0,1.0529,130.5254,3.58,1.8205,1.5583
3.09,1,0,1.0598,131.2783,3.59,1.8139,1.5658
3.1,1,0,1.0672,132.0245,3.6,1.8072,1.5732
3.11,1,0,1.0749,132.7638,3.61,1.8004,1.5806
3.12,1,0,1.0831,133.4955,3.62,1.7936,1.5878
3.13,1,0,1.0917,134.2201,3.63,1.7866,1.595
3.14,1,0,1.1006,134.9367,3.64,1.7795,1.6021
3.15,1,0,1.11,135.6452,3.65,1.7724,1.6091
3.16,1,0,1.1198,136.3456,3.66,1.7651,1.616
3.17,1,0,1.13,137.0378,3.67,1.7578,1.6228
3.18,1,0,1.1405,137.7217,3.68,1.7504,1.6295
3.19,1,0,1.1515,138.3973,3.69,1.7429,1.6362
3.2,1,0,1.1629,139.0638,3.7,1.7354,1.6427
3.21,1,0,1.1746,139.7219,3.71,1.7278,1.6492
3.22,1,0,1.1868,140.3716,3.72,1.7201,1.6556
3.23,1,0,1.1993,141.0116,3.73,1.7123,1.6618
3.24,1,0,1.2122,141.6431,3.74,1.7044,1.6681
3.25,1,0,1.2255,142.2663,3.75,1.6965,1.6742
3.26,1,0,1.2392,142.8798,3.76,1.6886,1.6802
3.27,1,0,1.2533,143.4843,3.77,1.6805,1.6861
3.28,1,0,1.2677,144.0806,3.78,1.6724,1.692
3.29,1,0,1.2825,144.668,3.79,1.6643,1.6978
3.3,1,0,1.2978,145.2466,3.8,1.656,1.7035
3.31,1,0,1.3133,145.8164,3.81,1.6478,1.7091
3.32,1,0,1.3292,146.377,3.82,1.6395,1.7147
3.33,1,0,1.3456,146.9296,3.83,1.6311,1.7201
3.34,1,0,1.3622,147.4737,3.84,1.6226,1.7255
3.35,1,0,1.3793,148.0089,3.85,1.6142,1.7308
3.36,1,0,1.3967,148.5357,3.86,1.6056,1.736
3.37,1,0,1.4145,149.0543,3.87,1.5971,1.7411
3.38,1,0,1.4326,149.5648,3.88,1.5884,1.7462
3.39,1,0,1.4511,150.0673,3.89,1.5798,1.7512
3.4,1,0,1.4699,150.5619,3.9,1.5711,1.7561
3.41,1,0,1.4891,151.0486,3.91,1.5623,1.761
3.42,1,0,1.5086,151.5271,3.92,1.5535,1.7657
3.43,1,0,1.5285,151.9981,3.93,1.5447,1.7704
3.44,1,0,1.5488,152.4615,3.94,1.5358,1.775
3.45,1,0,1.5693,152.9171,3.95,1.5269,1.7796
3.46,1,0,1.5903,153.3659,3.96,1.518,1.7841
3.47,1,0,1.6116,153.8076,3.97,1.509,1.7885
3.48,1,0,1.6331,154.2417,3.98,1.5,1.7928
3.49,1,0,1.6551,154.6689,3.99,1.491,1.7971
3.5,1,0,1.6774,155.0893,4,1.4819,1.8013
3.51,1,0,1.7,155.503,4.01,1.4728,1.8055
3.52,1,0,1.7229,155.9101,4.02,1.4637,1.8096
3.53,1,0,1.7462,156.3102,4.03,1.4545,1.8136
3.54,1,0,1.7698,156.7044,4.04,1.4453,1.8175
3.55,1,0,1.7937,157.0923,4.05,1.4361,1.8214
3.56,1,0,1.818,157.4736,4.06,1.4269,1.8253
3.57,1,0,1.8426,157.8493,4.07,1.4176,1.829
3.58,1,0,1.8674,158.219,4.08,1.4083,1.8327
3.59,1,0,1.8926,158.5824,4.09,1.399,1.8364
3.6,1,0,1.9182,158.9405,4.1,1.3897,1.84
3.61,1,0,1.944,159.2929,4.11,1.3803,1.8435
3.62,1,0,1.9702,159.6398,4.12,1.3709,1.847
3.63,1,0,1.9966,159.9812,4.13,1.3616,1.8504
3.64,1,0,2.0234,160.3172,4.14,1.3521,1.8538
3.65,1,0,2.0505,160.6483,4.15,1.3427,1.8571
3.66,1,0,2.0779,160.9743,4.16,1.3332,1.8604
3.67,1,0,2.1056,161.2951,4.17,1.3238,1.8636
3.68,1,0,2.1336,161.611,4.18,1.3143,1.8667
3.69,1,0,2.1619,161.9219,4.19,1.3048,1.8698
3.7,1,0,2.1905,162.2284,4.2,1.2953,1.8729
3.71,1,0,2.2194,162.5305,4.21,1.2857,1.8759
3.72,1,0,2.2486,162.8275,4.22,1.2762,1.8788
3.73,1,0,2.2781,163.1204,4.23,1.2666,1.8817
3.74,1,0,2.3079,163.4091,4.24,1.257,1.8846
3.75,1,0,2.338,163.6933,4.25,1.2474,1.8874
3.76,1,0,2.3683,163.9732,4.26,1.2378,1.8902
3.77,1,0,2.399,164.2492,4.27,1.2282,1.8929
3.78,1,0,2.4299,164.5213,4.28,1.2185,1.8955
3.79,1,0,2.4612,164.7892,4.29,1.2089,1.8982
3.8,1,0,2.4927,165.0535,4.3,1.1992,1.9008
3.81,1,0,2.5245,165.3137,4.31,1.1896,1.9033
3.82,1,0,2.5566,165.5704,4.32,1.1799,1.9058
3.83,1,0,2.5889,165.8235,4.33,1.1702,1.9082
3.84,1,0,2.6215,166.0728,4.34,1.1605,1.9106
3.85,1,0,2.6545,166.3187,4.35,1.1508,1.913
3.86,1,0,2.6877,166.5613,4.36,1.141,1.9153
3.87,1,0,2.7212,166.8006,4.37,1.1313,1.9176
3.88,1,0,2.7549,167.0366,4.38,1.1215,1.9199
3.89,1,0,2.7889,167.2691,4.39,1.1118,1.9221
3.9,1,0,2.8232,167.4985,4.4,1.102,1.9242
3.9101,1,0,2.8578,167.7251,4.41,1.0922,1.9263
3.92,1,0,2.8926,167.9484,4.42,1.0825,1.9284
3.93,1,0,2.9277,168.1687,4.43,1.0727,1.9305
3.94,1,0,2.9631,168.3861,4.44,1.0629,1.9325
3.95,1,0,2.9987,168.6006,4.45,1.0531,1.9345
3.96,1,0,3.0346,168.8123,4.46,1.0433,1.9364
3.97,1,0,3.0708,169.0211,4.47,1.0335,1.9383
3.98,1,0,3.1071,169.2273,4.48,1.0237,1.9402
3.99,1,0,3.1438,169.4307,4.49,1.0138,1.942
4,1,0,3.1807,169.6318,4.5,1.004,1.9438
4.01,1,0,3.218,169.8303,4.51,0.9941,1.9456
4.0201,1,0,3.2554,170.0262,4.52,0.9843,1.9473
4.0301,1,0,3.2931,170.2196,4.53,0.9744,1.949
4.04,1,0,3.331,170.4105,4.54,0.9646,1.9507
4.05,1,0,3.3692,170.5989,4.55,0.9547,1.9523
4.06,1,0,3.4077,170.7849,4.56,0.9448,1.9539
4.07,1,0,3.4464,170.9688,4.57,0.935,1.9555
4.08,1,0,3.4854,171.1507,4.58,0.9251,1.957
4.0901,1,0,3.5247,171.3302,4.59,0.9152,1.9585
4.1001,1,0,3.5641,171.5075,4.6,0.9053,1.96
4.11,1,0,3.6038,171.6825,4.61,0.8954,1.9615
4.12,1,0,3.6437,171.8554,4.62,0.8855,1.9629
4.13,1,0,3.6839,172.0263,4.63,0.8756,1.9643
4.14,1,0,3.7244,172.1953,4.64,0.8657,1.9656
4.15,1,0,3.7651,172.3622,4.65,0.8558,1.9669
4.16,1,0,3.806,172.5271,4.66,0.8459,1.9682
4.17,1,0,3.8472,172.6902,4.67,0.8359,1.9695
4.18,1,0,3.8886,172.8514,4.68,0.826,1.9708
4.19,1,0,3.9303,173.0107,4.69,0.8161,1.972
4.2001,1,0,3.9722,173.1683,4.7,0.8062,1.9732
4.21,1,0,4.0142,173.324,4.71,0.7962,1.9743
4.22,1,0,4.0566,173.4777,4.72,0.7863,1.9755
4.2301,1,0,4.0993,173.63,4.73,0.7764,1.9766
4.24,1,0,4.1421,173.7805,4.74,0.7664,1.9777
4.25,1,0,4.1852,173.9292,4.75,0.7565,1.9787
4.26,1,0,4.2285,174.0765,4.76,0.7465,1.9798
4.27,1,0,4.272,174.2221,4.77,0.7366,1.9808
4.2801,1,0,4.316,174.3661,4.78,0.7266,1.9817
4.29,1,0,4.3599,174.5086,4.79,0.7167,1.9827
4.3,1,0,4.4041,174.6494,4.8,0.7067,1.9836
4.31,1,0,4.4486,174.7887,4.81,0.6968,1.9845
4.3201,1,0,4.4933,174.9266,4.82,0.6868,1.9854
4.3301,1,0,4.5383,175.063,4.83,0.6768,1.9863
4.34,1,0,4.5834,175.1979,4.84,0.6669,1.9871
4.35,1,0,4.6288,175.3314,4.85,0.6569,1.9879
4.36,1,0,4.6744,175.4635,4.86,0.6469,1.9887
4.37,1,0,4.7203,175.5942,4.87,0.637,1.9895
4.38,1,0,4.7663,175.7236,4.88,0.627,1.9902
4.3901,1,0,4.8127,175.8517,4.89,0.617,1.991
4.4001,1,0,4.8591,175.9785,4.9,0.607,1.9917
4.41,1,0,4.9058,176.1039,4.91,0.5971,1.9923
4.42,1,0,4.9527,176.228,4.92,0.5871,1.993
4.43,1,0,5.0001,176.351,4.93,0.5771,1.9936
4.44,1,0,5.0475,176.4728,4.94,0.5671,1.9943
4.45,1,0,5.095,176.5932,4.95,0.5572,1.9948
4.46,1,0,5.1429,176.7124,4.96,0.5472,1.9954
4.47,1,0,5.1911,176.8305,4.97,0.5372,1.996
4.48,1,0,5.2393,176.9476,4.98,0.5272,1.9965
4.4901,1,0,5.2879,177.0634,4.99,0.5172,1.997
4.5001,1,0,5.3366,177.1782,5,0.5072,1.9975
4.51,1,0,5.3856,177.2916,5.01,0.4972,1.998
4.5201,1,0,5.4347,177.4041,5.02,0.4872,1.9984
4.53,1,0,5.4841,177.5155,5.03,0.4773,1.9989
4.54,1,0,5.5339,177.6259,5.04,0.4673,1.9993
4.55,1,0,5.5836,177.7353,5.05,0.4573,1.9997
4.56,1,0,5.6336,177.8435,5.06,0.4473,2.0001
4.57,1,0,5.6839,177.9506,5.07,0.4373,2.0004
4.58,1,0,5.7343,178.0569,5.08,0.4273,2.0008
4.5901,1,0,5.7851,178.1624,5.09,0.4173,2.0011
4.6,1,0,5.8359,178.2666,5.1,0.4073,2.0014
4.61,1,0,5.8872,178.3699,5.11,0.3973,2.0017
4.62,1,0,5.9386,178.4723,5.12,0.3873,2.0019
4.63,1,0,5.9899,178.5738,5.13,0.3773,2.0022
4.6401,1,0,6.0417,178.6745,5.14,0.3673,2.0024
4.6501,1,0,6.0938,178.7742,5.15,0.3573,2.0026
4.66,1,0,6.1464,178.8728,5.16,0.3473,2.0028
4.67,1,0,6.1989,178.9707,5.17,0.3373,2.003
4.68,1,0,6.2515,179.0677,5.18,0.3273,2.0032
4.6901,1,0,6.3043,179.1639,5.19,0.3173,2.0033
4.7,1,0,6.3572,179.2592,5.2,0.3073,2.0034
4.71,1,0,6.4102,179.3536,5.21,0.2973,2.0035
4.72,1,0,6.4642,179.4472,5.22,0.2873,2.0036
4.7301,1,0,6.5178,179.5402,5.23,0.2773,2.0037
4.7401,1,0,6.572,179.6322,5.24,0.2673,2.0038
4.7501,1,0,6.6262,179.7234,5.25,0.2573,2.0038
4.76,1,0,6.6799,179.8138,5.26,0.2473,2.0039
4.7701,1,0,6.7346,179.9035,5.27,0.2373,2.0039
4.7801,1,0,6.7898,179.9925,5.28,0.2273,2.0039
4.7901,1,0,6.845,-179.9193,5.29,0.2173,2.0039
4.8,1,0,6.8995,-179.8319,5.3,0.2073,2.0038
4.8101,1,0,6.9556,-179.7452,5.31,0.1973,2.0038
4.8201,1,0,7.0111,-179.6591,5.32,0.1873,2.0037
4.83,1,0,7.067,-179.5739,5.33,0.1773,2.0037
4.84,1,0,7.1233,-179.4894,5.34,0.1673,2.0036
4.85,1,0,7.1795,-179.4055,5.35,0.1573,2.0035
4.86,1,0,7.236,-179.3224,5.36,0.1473,2.0034
4.87,1,0,7.2924,-179.2399,5.37,0.1373,2.0032
4.88,1,0,7.3491,-179.158,5.38,0.1273,2.0031
4.8901,1,0,7.4068,-179.0767,5.39,0.1173,2.0029
4.9,1,0,7.4642,-178.9962,5.4,0.1073,2.0027
4.91,1,0,7.522,-178.9163,5.41,0.0973,2.0025
4.92,1,0,7.5801,-178.8371,5.42,0.0873,2.0023
4.9301,1,0,7.6379,-178.7584,5.43,0.0773,2.0021
4.94,1,0,7.696,-178.6804,5.44,0.0673,2.0019
4.9501,1,0,7.755,-178.6031,5.45,0.0573,2.0017
4.96,1,0,7.8137,-178.5262,5.46,0.0473,2.0014
4.97,1,0,7.8718,-178.4501,5.47,0.0373,2.0011
4.9801,1,0,7.931,-178.3745,5.48,0.0273,2.0008
4.9901,1,0,7.9912,-178.2995,5.49,0.0173,2.0005
5,1,0,8.05,-178.2251,5.5,0.0074,2.0002
5.01,1.0005,0.0544,16.0957,-178.1551,5.51,-0.0026,1.9999
5.02,1,-0.0551,16.4304,-178.1614,5.52,-0.0126,1.9996
5.0301,1,0,16.7717,-178.1969,5.53,-0.0226,1.9993
5.0401,1,0,17.145,-178.2317,5.54,-0.0326,1.999
5.05,1,0,17.5325,-178.2657,5.55,-0.0426,1.9987
5.06,1,0,17.9466,-178.2989,5.56,-0.0526,1.9984
5.0701,1,0,18.3774,-178.3314,5.57,-0.0626,1.9981
5.0801,1,0,18.8468,-178.3631,5.58,-0.0726,1.9978
5.09,1,0,19.3374,-178.394,5.59,-0.0826,1.9975
5.1,1,0,19.8668,-178.424,5.6,-0.0926,1.9972
5.1101,1,0,20.4219,-178.4533,5.61,-0.1026,1.997
5.1201,1,0,21.0241,-178.4818,5.62,-0.1126,1.9967
5.13,1,0,21.6695,-178.5094,5.63,-0.1226,1.9964
5.1401,1,0,22.375,-178.5362,5.64,-0.1326,1.9962
5.15,1,0,23.1098,-178.5622,5.65,-0.1426,1.9959
5.16,1,0,23.9487,-178.5872,5.66,-0.1526,1.9957
5.17,1,0,24.8293,-178.6114,5.67,-0.1626,1.9954
5.1801,1,0,25.7892,-178.6348,5.68,-0.1726,1.9952
5.19,1,0,26.841,-178.6573,5.69,-0.1826,1.995
5.2001,1,0,28.0241,-178.6789,5.7,-0.1926,1.9947
5.2101,1,0,29.3102,-178.6996,5.71,-0.2026,1.9945
5.2201,1,0,30.71,-178.7193,5.72,-0.2126,1.9943
5.2301,1,0,32.316,-178.7382,5.73,-0.2226,1.9941
5.24,1,0,34.0893,-178.756,5.74,-0.2325,1.9939
5.2501,1,0,36.1652,-178.7729,5.75,-0.2426,1.9936
5.2601,1,0,38.4338,-178.7889,5.76,-0.2526,1.9934
5.27,1,0,41.1495,-178.8039,5.77,-0.2625,1.9932
5.2801,1,0,44.2655,-178.8179,5.78,-0.2726,1.993
5.29,1,0,48.0054,-178.8309,5.79,-0.2825,1.9928
5.3001,1,0,52.6006,-178.8429,5.8,-0.2926,1.9926
5.3101,1,0,57.9313,-178.8539,5.81,-0.3025,1.9924
5.32,1,0,64.7288,-178.8638,5.82,-0.3125,1.9922
5.3301,1,0,73.7928,-178.8727,5.83,-0.3225,1.992
5.3401,1,0,85.0775,-178.8805,5.84,-0.3325,1.9918
5.35,1,0,101.4242,-178.8873,5.85,-0.3425,1.9916
5.3601,1,0,128.1238,-178.8929,5.86,-0.3525,1.9914
5.3701,1,0,169.7399,-178.8974,5.87,-0.3625,1.9912
5.38,1,0,248.851,-178.9008,5.88,-0.3725,1.991
5.39,1,0,607.0129,-178.9031,5.89,-0.3825,1.9909
5.4,1,0,Infinity,-178.9042,5.9,-0.3925,1.9907
5.41,1,0,426.2848,-178.9041,5.91,-0.4025,1.9905
5.42,1,0,227.1831,-178.9028,5.92,-0.4125,1.9903
5.43,1,0,154.7308,-178.9004,5.93,-0.4225,1.9901
5.44,1,0,114.9864,-178.8966,5.94,-0.4325,1.9899
5.4501,1,0,93.0263,-178.8917,5.95,-0.4425,1.9897
5.4601,1,0,76.6678,-178.8855,5.96,-0.4525,1.9895
5.4701,1,0,65.3814,-178.878,5.97,-0.4625,1.9893
5.4801,1,0,57.0591,-178.8692,5.98,-0.4725,1.9891
5.49,1,0,50.2713,-178.8591,5.99,-0.4825,1.9889
5.5,1,0,44.9885,-178.8477,6,-0.4925,1.9887
5.51,1,0,40.6423,-178.8349,6.01,-0.5025,1.9885
5.5201,1,0,37.0881,-178.8207,6.02,-0.5125,1.9883
5.53,1,0,34.0027,-178.8051,6.03,-0.5225,1.9881
5.5401,1,0,31.3642,-178.7881,6.04,-0.5325,1.9879
5.5501,1,0,29.0481,-178.7696,6.05,-0.5425,1.9877
5.5601,1,0,27.037,-178.7497,6.06,-0.5525,1.9875
5.5701,1,0,25.2504,-178.7282,6.07,-0.5625,1.9872
5.58,1,0,23.6975,-178.7053,6.08,-0.5725,1.987
5.5901,1,0,22.2812,-178.6808,6.09,-0.5825,1.9868
5.6001,1,0,21.0194,-178.6547,6.1,-0.5925,1.9865
5.6101,1,0,19.8633,-178.6271,6.11,-0.6025,1.9863
5.6201,1,0,18.8142,-178.5978,6.12,-0.6125,1.9861
5.6301,1,0,17.8589,-178.5669,6.13,-0.6225,1.9858
5.64,1,0,16.994,-178.5343,6.14,-0.6325,1.9856
5.65,1,0,16.1861,-178.5,6.15,-0.6425,1.9853
5.66,1,0,15.4447,-178.4639,6.16,-0.6524,1.985
5.67,1,0,14.7514,-178.4261,6.17,-0.6625,1.9847
5.68,1,0,14.1173,-178.3865,6.18,-0.6724,1.9845
5.6901,1,0,13.5183,-178.345,6.19,-0.6825,1.9842
5.7001,1,0,12.9646,-178.3016,6.2,-0.6925,1.9839
5.71,1,0,12.4445,-178.2565,6.21,-0.7024,1.9836
5.72,1,0,11.9587,-178.2093,6.22,-0.7124,1.9833
5.73,1,0,11.4992,-178.1602,6.23,-0.7224,1.9829
5.74,1,0,11.0693,-178.1091,6.24,-0.7324,1.9826
5.75,1,0,10.6622,-178.056,6.25,-0.7424,1.9823
5.7601,1,0,10.2784,-178.0007,6.26,-0.7524,1.9819
5.7701,1,0,9.9167,-177.9432,6.27,-0.7624,1.9816
5.78,1,0,9.5722,-177.8837,6.28,-0.7724,1.9812
5.79,1,0,9.2469,-177.822,6.29,-0.7824,1.9808
5.8001,1,0,8.9363,-177.758,6.3,-0.7924,1.9804
5.81,1,0,8.6423,-177.6917,6.31,-0.8024,1.98
5.82,1,0,8.3622,-177.6232,6.32,-0.8124,1.9796
5.83,1,0,8.0941,-177.5522,6.33,-0.8224,1.9792
5.8401,1,0,7.8387,-177.4787,6.34,-0.8324,1.9787
5.8501,1,0,7.5949,-177.4027,6.35,-0.8424,1.9783
5.8601,1,0,7.3618,-177.3242,6.36,-0.8523,1.9778
5.8701,1,0,7.1385,-177.2432,6.37,-0.8623,1.9773
5.88,1,0,6.9253,-177.1595,6.38,-0.8723,1.9768
5.8901,1,0,6.7199,-177.0731,6.39,-0.8823,1.9763
5.9,1,0,6.5236,-176.984,6.4,-0.8923,1.9758
5.91,1,0,6.3348,-176.8922,6.41,-0.9023,1.9753
5.92,1,0,6.1534,-176.7974,6.42,-0.9122,1.9747
5.93,1,0,5.9785,-176.6995,6.43,-0.9222,1.9741
5.9401,1,0,5.8103,-176.5987,6.44,-0.9322,1.9735
5.9501,1,0,5.6488,-176.4948,6.45,-0.9422,1.9729
5.96,1,0,5.493,-176.3879,6.46,-0.9522,1.9723
5.97,1,0,5.3431,-176.2778,6.47,-0.9621,1.9716
5.98,1,0,5.1981,-176.1645,6.48,-0.9721,1.971
5.9901,1,0,5.0578,-176.0476,6.49,-0.9821,1.9703
6,1,0,4.923,-175.9273,6.5,-0.9921,1.9696
6.01,1,0,4.7925,-175.8037,6.51,-1.002,1.9688
6.02,1,0,4.6661,-175.6763,6.52,-1.012,1.9681
6.03,1,0,4.544,-175.5452,6.53,-1.022,1.9673
6.04,1,0,4.4261,-175.4105,6.54,-1.032,1.9665
6.05,1,0,4.3118,-175.2719,6.55,-1.0419,1.9657
6.06,1,0,4.2011,-175.1294,6.56,-1.0519,1.9648
6.07,1,0,4.0938,-174.9828,6.57,-1.0619,1.964
6.08,1,0,3.99,-174.8321,6.58,-1.0718,1.9631
6.09,1,0,3.8893,-174.6772,6.59,-1.0818,1.9621
6.1,1,0,3.7914,-174.5178,6.6,-1.0917,1.9612
6.11,1,0,3.6967,-174.354,6.61,-1.1017,1.9602
6.12,1,0,3.6049,-174.1858,6.62,-1.1116,1.9592
6.13,1,0,3.5155,-174.0128,6.63,-1.1216,1.9581
6.14,1,0,3.4289,-173.8349,6.64,-1.1315,1.9571
6.15,1,0,3.3449,-173.6524,6.65,-1.1414,1.956
6.16,1,0,3.263,-173.4647,6.66,-1.1514,1.9548
6.17,1,0,3.1836,-173.2716,6.67,-1.1613,1.9537
6.18,1,0,3.1066,-173.0737,6.68,-1.1712,1.9525
6.19,1,0,3.0315,-172.8702,6.69,-1.1812,1.9512
6.2,1,0,2.9586,-172.661,6.7,-1.1911,1.9499
6.21,1,0,2.8876,-172.446,6.71,-1.201,1.9486
6.22,1,0,2.8186,-172.225,6.72,-1.2109,1.9473
6.23,1,0,2.7517,-171.9985,6.73,-1.2208,1.9459
6.24,1,0,2.6864,-171.7658,6.74,-1.2307,1.9444
6.25,1,0,2.6229,-171.5263,6.75,-1.2406,1.943
6.26,1,0,2.5611,-171.2803,6.76,-1.2505,1.9414
6.27,1,0,2.5011,-171.0278,6.77,-1.2603,1.9399
6.28,1,0,2.4425,-170.7685,6.78,-1.2702,1.9383
6.29,1,0,2.3855,-170.5018,6.79,-1.2801,1.9366
6.3,1,0,2.3302,-170.2283,6.8,-1.2899,1.9349
6.31,1,0,2.2763,-169.9473,6.81,-1.2998,1.9332
6.32,1,0,2.2237,-169.6584,6.82,-1.3096,1.9314
6.33,1,0,2.1727,-169.3617,6.83,-1.3195,1.9296
6.34,1,0,2.1229,-169.0571,6.84,-1.3293,1.9277
6.35,1,0,2.0745,-168.7443,6.85,-1.3391,1.9257
6.36,1,0,2.0274,-168.4228,6.86,-1.3489,1.9237
6.37,1,0,1.9815,-168.0923,6.87,-1.3587,1.9216
6.38,1,0,1.9368,-167.7531,6.88,-1.3684,1.9195
6.39,1,0,1.8934,-167.4048,6.89,-1.3782,1.9173
6.4,1,0,1.8511,-167.047,6.9,-1.3879,1.9151
6.41,1,0,1.81,-166.6793,6.91,-1.3977,1.9128
6.42,1,0,1.7701,-166.3019,6.92,-1.4074,1.9104
6.43,1,0,1.7311,-165.9142,6.93,-1.4171,1.908
6.44,1,0,1.6933,-165.5159,6.94,-1.4268,1.9055
6.45,1,0,1.6565,-165.1073,6.95,-1.4364,1.9029
6.46,1,0,1.6208,-164.6876,6.96,-1.4461,1.9003
6.47,1,0,1.586,-164.256,6.97,-1.4557,1.8976
6.48,1,0,1.5523,-163.8133,6.98,-1.4653,1.8948
6.49,1,0,1.5195,-163.3588,6.99,-1.4749,1.8919
6.5,1,0,1.4876,-162.8916,7,-1.4844,1.889
6.51,1,0,1.4568,-162.4125,7.01,-1.494,1.8859
6.52,1,0,1.4268,-161.9208,7.02,-1.5035,1.8828
6.53,1,0,1.3977,-161.4155,7.03,-1.513,1.8797
6.54,1,0,1.3696,-160.897,7.04,-1.5224,1.8764
6.55,1,0,1.3423,-160.3656,7.05,-1.5318,1.873
6.56,1,0,1.3159,-159.8205,7.06,-1.5412,1.8696
6.57,1,0,1.2903,-159.2608,7.07,-1.5506,1.866
6.58,1,0,1.2656,-158.6868,7.08,-1.5599,1.8624
6.59,1,0,1.2417,-158.0983,7.09,-1.5692,1.8587
6.6,1,0,1.2186,-157.4944,7.1,-1.5784,1.8548
6.61,1,0,1.1963,-156.8754,7.11,-1.5876,1.8509
6.62,1,0,1.1749,-156.2419,7.12,-1.5967,1.8469
6.63,1,0,1.1542,-155.593,7.13,-1.6059,1.8427
6.64,1,0,1.1343,-154.9285,7.14,-1.6149,1.8385
6.65,1,0,1.1152,-154.2482,7.15,-1.6239,1.8342
6.66,1,0,1.0968,-153.5519,7.16,-1.6329,1.8297
6.67,1,0,1.0792,-152.8402,7.17,-1.6418,1.8252
6.68,1,0,1.0624,-152.1123,7.18,-1.6506,1.8205
6.69,1,0,1.0463,-151.3682,7.19,-1.6594,1.8157
6.7,1,0,1.0309,-150.6084,7.2,-1.6681,1.8108
6.71,1,0,1.0163,-149.833,7.21,-1.6767,1.8057
6.72,1,0,1.0024,-149.042,7.22,-1.6853,1.8006
6.73,0.9978,-0.223,0.9893,-148.2363,7.23,-1.6938,1.7953
6.7399,0.9915,-0.6304,0.9769,-147.4192,7.24,-1.7021,1.79
6.7498,0.9854,-0.6044,0.9653,-146.592,7.25,-1.7104,1.7846
6.7596,0.9797,-0.5711,0.9545,-145.7557,7.26,-1.7185,1.7791
6.7693,0.9744,-0.5348,0.9444,-144.9109,7.27,-1.7265,1.7735
6.779,0.9693,-0.5016,0.935,-144.0571,7.28,-1.7343,1.7678
6.7887,0.9647,-0.4673,0.9263,-143.1956,7.29,-1.742,1.762
6.7983,0.9603,-0.4337,0.9183,-142.326,7.3,-1.7496,1.7561
6.8078,0.9563,-0.4004,0.9109,-141.4488,7.31,-1.7571,1.7502
6.8173,0.9526,-0.3679,0.9043,-140.5654,7.32,-1.7645,1.7441
6.8268,0.9493,-0.3344,0.8982,-139.6754,7.33,-1.7717,1.738
6.8363,0.9463,-0.3027,0.8928,-138.7794,7.34,-1.7788,1.7317
6.8457,0.9436,-0.2698,0.888,-137.878,7.35,-1.7858,1.7254
6.8552,0.9412,-0.2384,0.8838,-136.9718,7.36,-1.7927,1.719
6.8645,0.9391,-0.2063,0.8802,-136.0622,7.37,-1.7995,1.7125
6.8739,0.9374,-0.1745,0.8772,-135.148,7.38,-1.8061,1.7059
6.8833,0.936,-0.1433,0.8749,-134.2308,7.39,-1.8126,1.6992
6.8926,0.9348,-0.1117,0.8731,-133.3111,7.4,-1.819,1.6924
6.902,0.934,-0.0808,0.8718,-132.3897,7.41,-1.8253,1.6855
6.9113,0.9335,-0.0496,0.8712,-131.4672,7.42,-1.8315,1.6785
6.9206,0.9333,-0.0187,0.8711,-130.5432,7.43,-1.8376,1.6714
6.93,0.9335,0.0122,0.8717,-129.6194,7.44,-1.8435,1.6642
6.9393,0.9339,0.043,0.8727,-128.6964,7.45,-1.8494,1.6569
6.9487,0.9346,0.0736,0.8744,-127.7747,7.46,-1.8551,1.6495
6.958,0.9357,0.1042,0.8766,-126.8552,7.47,-1.8607,1.642
6.9674,0.937,0.1347,0.8795,-125.9373,7.48,-1.8662,1.6344
6.9768,0.9387,0.1655,0.8828,-125.0228,7.49,-1.8716,1.6268
6.9862,0.9406,0.1956,0.8868,-124.1121,7.5,-1.8769,1.619
6.9956,0.9429,0.2262,0.8914,-123.2049,7.51,-1.882,1.6111
7.0051,0.9455,0.2564,0.8965,-122.3018,7.52,-1.8871,1.6031
7.0145,0.9483,0.2874,0.9022,-121.4042,7.53,-1.892,1.595
7.024,0.9515,0.3172,0.9085,-120.5128,7.54,-1.8969,1.5868
7.0336,0.955,0.3476,0.9155,-119.626,7.55,-1.9016,1.5785
7.0432,0.9588,0.3788,0.923,-118.7464,7.56,-1.9062,1.5701
7.0528,0.9629,0.4085,0.9312,-117.8743,7.57,-1.9107,1.5616
7.0625,0.9672,0.4394,0.94,-117.0092,7.58,-1.9151,1.553
7.0722,0.9719,0.4695,0.9494,-116.1516,7.59,-1.9194,1.5442
7.082,0.977,0.5006,0.9595,-115.302,7.6,-1.9236,1.5354
7.0918,0.9823,0.5313,0.9702,-114.4614,7.61,-1.9276,1.5265
7.1017,0.9879,0.5614,0.9816,-113.6295,7.62,-1.9316,1.5174
7.1116,0.9938,0.5928,0.9937,-112.8065,7.63,-1.9354,1.5083
7.1216,0.9992,0.5422,1.0065,-111.9927,7.64,-1.9392,1.499
7.1316,1,0.0793,1.0199,-111.1909,7.65,-1.9428,1.4897
7.1416,1,0,1.0339,-110.404,7.66,-1.9463,1.4803
7.1516,1,0,1.0485,-109.631,7.67,-1.9496,1.4709
7.1616,1,0,1.0638,-108.8729,7.68,-1.9529,1.4614
7.1716,1,0,1.0796,-108.1304,7.69,-1.956,1.4519
7.1816,1,0,1.0961,-107.4028,7.7,-1.959,1.4423
7.1916,1,0,1.1131,-106.6898,7.71,-1.9618,1.4328
7.2016,1,0,1.1308,-105.9923,7.72,-1.9646,1.4232
7.2116,1,0,1.149,-105.3093,7.73,-1.9672,1.4135
7.2216,1,0,1.1679,-104.6407,7.74,-1.9698,1.4038
7.2316,1,0,1.1874,-103.9863,7.75,-1.9722,1.3941
7.2416,1,0,1.2074,-103.3461,7.76,-1.9745,1.3844
7.2516,1,0,1.228,-102.7204,7.77,-1.9767,1.3747
7.2616,1,0,1.2493,-102.1085,7.78,-1.9788,1.3649
7.2716,1,0,1.2711,-101.5101,7.79,-1.9808,1.3551
7.2816,1,0,1.2935,-100.925,7.8,-1.9827,1.3453
7.2916,1,0,1.3166,-100.3523,7.81,-1.9845,1.3354
7.3016,1,0,1.3402,-99.7926,7.82,-1.9862,1.3256
7.3116,1,0,1.3643,-99.2462,7.83,-1.9878,1.3157
7.3216,1,0,1.3891,-98.7122,7.84,-1.9893,1.3058
7.3316,1,0,1.4144,-98.1899,7.85,-1.9907,1.2959
7.3416,1,0,1.4403,-97.6788,7.86,-1.9921,1.286
7.3516,1,0,1.4668,-97.1796,7.87,-1.9933,1.2761
7.3616,1,0,1.4939,-96.6919,7.88,-1.9945,1.2661
7.3716,1,0,1.5215,-96.2156,7.89,-1.9956,1.2562
7.3816,1,0,1.5497,-95.7497,7.9,-1.9966,1.2463
7.3916,1,0,1.5785,-95.2935,7.91,-1.9975,1.2363
7.4016,1,0,1.6078,-94.848,7.92,-1.9983,1.2263
7.4116,1,0,1.6377,-94.4129,7.93,-1.9991,1.2164
7.4216,1,0,1.6682,-93.9869,7.94,-1.9998,1.2064
7.4316,1,0,1.6993,-93.5703,7.95,-2.0004,1.1964
7.4416,1,0,1.7308,-93.1636,7.96,-2.001,1.1864
7.4516,1,0,1.763,-92.7653,7.97,-2.0015,1.1764
7.4616,1,0,1.7958,-92.3753,7.98,-2.0019,1.1664
7.4716,1,0,1.829,-91.9946,7.99,-2.0022,1.1565
7.4816,1,0,1.8629,-91.6218,8,-2.0025,1.1464
7.4916,1,0,1.8972,-91.2567,8.01,-2.0027,1.1365
7.5016,1,0,1.9322,-90.8998,8.02,-2.0029,1.1264
7.5116,1,0,1.9677,-90.5503,8.03,-2.003,1.1165
7.5216,1,0,2.0037,-90.2086,8.04,-2.003,1.1065
7.5316,1,0,2.0403,-89.874,8.05,-2.003,1.0965
7.5416,1,0,2.0775,-89.5464,8.06,-2.0029,1.0865
7.5516,1,0,2.1152,-89.2256,8.07,-2.0028,1.0765
7.5616,1,0,2.1535,-88.9109,8.08,-2.0026,1.0665
7.5716,1,0,2.1923,-88.6028,8.09,-2.0023,1.0565
7.5816,1,0,2.2316,-88.3015,8.1,-2.002,1.0465
7.5916,1,0,2.2716,-88.006,8.11,-2.0017,1.0365
7.6016,1,0,2.3119,-87.7166,8.12,-2.0013,1.0265
7.6116,1,0,2.3529,-87.4331,8.13,-2.0008,1.0165
7.6216,1,0,2.3944,-87.1551,8.14,-2.0003,1.0065
7.6316,0.9994,-0.0641,1.5926,-86.8721,8.15,-1.9998,0.9965
7.6416,1,0.0604,1.5733,-86.4667,8.16,-1.9992,0.9865
7.6516,1,0,1.5543,-86.0195,8.17,-1.9985,0.9766
7.6616,1,0,1.5357,-85.5653,8.18,-1.9977,0.9666
7.6716,1,0,1.5174,-85.1047,8.19,-1.9969,0.9566
7.6816,1,0,1.4996,-84.6376,8.2,-1.9959,0.9467
7.6916,1,0,1.482,-84.1634,8.21,-1.9949,0.9367
7.7016,1,0,1.4648,-83.6814,8.22,-1.9938,0.9268
7.7116,1,0,1.448,-83.1928,8.23,-1.9926,0.9169
7.7216,1,0,1.4316,-82.6975,8.24,-1.9914,0.9069
7.7316,1,0,1.4154,-82.1943,8.25,-1.99,0.897
7.7416,1,0,1.3997,-81.6843,8.26,-1.9886,0.8871
7.7516,1,0,1.3844,-81.1675,8.27,-1.987,0.8773
7.7616,1,0,1.3694,-80.6426,8.28,-1.9854,0.8674
7.7716,1,0,1.3547,-80.1102,8.29,-1.9837,0.8575
7.7816,1,0,1.3405,-79.571,8.3,-1.9819,0.8477
7.7916,1,0,1.3266,-79.0249,8.31,-1.98,0.8379
7.8016,1,0,1.3131,-78.4712,8.32,-1.978,0.8281
7.8116,1,0,1.2999,-77.91,8.33,-1.9759,0.8183
7.8216,1,0,1.2871,-77.3413,8.34,-1.9737,0.8085
7.8316,1,0,1.2748,-76.765,8.35,-1.9714,0.7988
7.8416,1,0,1.2628,-76.1818,8.36,-1.969,0.7891
7.8516,1,0,1.2511,-75.5918,8.37,-1.9665,0.7794
7.8616,1,0,1.2399,-74.9943,8.38,-1.9639,0.7698
7.8716,1,0,1.229,-74.3901,8.39,-1.9612,0.7601
7.8816,1,0,1.2186,-73.7791,8.4,-1.9584,0.7505
7.8916,1,0,1.2084,-73.1601,8.41,-1.9555,0.741
7.9016,1,0,1.1987,-72.5346,8.42,-1.9525,0.7314
7.9116,1,0,1.1894,-71.9032,8.43,-1.9494,0.7219
7.9216,1,0,1.1805,-71.2647,8.44,-1.9462,0.7124
7.9316,1,0,1.172,-70.6199,8.45,-1.9429,0.703
7.9416,1,0,1.1638,-69.9688,8.46,-1.9395,0.6936
7.9516,1,0,1.1561,-69.311,8.47,-1.9359,0.6843
7.9616,1,0,1.1487,-68.6479,8.48,-1.9323,0.675
7.9716,1,0,1.1417,-67.9789,8.49,-1.9285,0.6657
7.9816,1,0,1.1352,-67.3043,8.5,-1.9247,0.6564
7.9916,1,0,1.129,-66.6249,8.51,-1.9207,0.6473
8.0016,1,0,1.1232,-65.9408,8.52,-1.9167,0.6382
8.0116,1,0,1.1179,-65.2515,8.53,-1.9125,0.6291
8.0216,1,0,1.1129,-64.5572,8.54,-1.9082,0.62
8.0316,1,0,1.1083,-63.8596,8.55,-1.9038,0.6111
8.0416,1,0,1.1042,-63.1581,8.56,-1.8993,0.6021
8.0516,1,0,1.1004,-62.4522,8.57,-1.8946,0.5933
8.0616,1,0,1.097,-61.7429,8.58,-1.8899,0.5845
8.0716,1,0,1.0941,-61.0311,8.59,-1.885,0.5757
8.0816,1,0,1.0915,-60.3171,8.6,-1.8801,0.567
8.0916,1,0,1.0894,-59.6003,8.61,-1.875,0.5584
8.1016,1,0,1.0876,-58.8817,8.62,-1.8699,0.5498
8.1116,1,0,1.0863,-58.1617,8.63,-1.8646,0.5413
8.1216,1,0,1.0854,-57.4404,8.64,-1.8592,0.5329
8.1316,1,0,1.0849,-56.7181,8.65,-1.8537,0.5245
8.1416,1,0,1.0848,-55.995,8.66,-1.8481,0.5163
8.1516,1,0,1.0851,-55.2722,8.67,-1.8424,0.508
8.1616,1,0,1.0858,-54.55,8.68,-1.8366,0.4999
8.1716,1,0,1.0869,-53.8285,8.69,-1.8307,0.4918
8.1816,1,0,1.0884,-53.1072,8.7,-1.8247,0.4838
8.1916,1,0,1.0903,-52.3873,8.71,-1.8186,0.4759
8.2016,1,0,1.0927,-51.6696,8.72,-1.8124,0.4681
8.2116,1,0,1.0954,-50.9545,8.73,-1.8061,0.4603
8.2216,1,0,1.0986,-50.2413,8.74,-1.7997,0.4526
8.2316,1,0,1.1022,-49.5304,8.75,-1.7932,0.445
8.2416,1,0,1.1062,-48.8235,8.76,-1.7867,0.4375
8.2516,1,0,1.1106,-48.1199,8.77,-1.78,0.43
8.2616,1,0,1.1154,-47.42,8.78,-1.7732,0.4227
8.2716,1,0,1.1206,-46.7239,8.79,-1.7664,0.4154
8.2816,1,0,1.1262,-46.0318,8.8,-1.7594,0.4082
8.2916,1,0,1.1322,-45.3454,8.81,-1.7524,0.4011
8.3016,1,0,1.1387,-44.6634,8.82,-1.7453,0.394
8.3116,1,0,1.1455,-43.9866,8.83,-1.7381,0.3871
8.3216,1,0,1.1528,-43.3152,8.84,-1.7308,0.3802
8.3316,1,0,1.1604,-42.6494,8.85,-1.7235,0.3735
8.3416,1,0,1.1685,-41.99,8.86,-1.716,0.3668
8.3516,1,0,1.177,-41.3364,8.87,-1.7085,0.3602
8.3616,1,0,1.1859,-40.6888,8.88,-1.7009,0.3536
8.3716,1,0,1.1952,-40.0471,8.89,-1.6933,0.3472
8.3816,1,0,1.2049,-39.413,8.9,-1.6855,0.3409
8.3916,1,0,1.215,-38.7856,8.91,-1.6777,0.3346
8.4016,1,0,1.2256,-38.1646,8.92,-1.6699,0.3284
8.4116,1,0,1.2365,-37.5506,8.93,-1.662,0.3223
8.4216,1,0,1.2478,-36.9436,8.94,-1.654,0.3163
8.4316,1,0,1.2596,-36.3444,8.95,-1.6459,0.3104
8.4416,1,0,1.2717,-35.7523,8.96,-1.6378,0.3045
8.4516,1,0,1.2843,-35.1673,8.97,-1.6296,0.2988
8.4616,1,0,1.2972,-34.59,8.98,-1.6214,0.2931
8.4716,1,0,1.3106,-34.02,8.99,-1.6131,0.2875
8.4816,1,0,1.3244,-33.4571,9,-1.6047,0.282
8.4916,1,0,1.3385,-32.902,9.01,-1.5964,0.2766
8.5016,1,0,1.3531,-32.3546,9.02,-1.5879,0.2712
8.5116,1,0,1.3681,-31.8149,9.03,-1.5794,0.266
8.5216,1,0,1.3835,-31.2823,9.04,-1.5709,0.2608
8.5316,1,0,1.3993,-30.7568,9.05,-1.5623,0.2556
8.5416,1,0,1.4154,-30.2395,9.06,-1.5536,0.2506
8.5516,1,0,1.432,-29.7296,9.07,-1.545,0.2456
8.5616,1,0,1.449,-29.2273,9.08,-1.5362,0.2408
8.5716,1,0,1.4665,-28.7319,9.09,-1.5274,0.236
8.5816,1,0,1.4842,-28.2439,9.1,-1.5187,0.2312
8.5916,1,0,1.5024,-27.7636,9.11,-1.5098,0.2266
8.6016,1,0,1.5211,-27.2902,9.12,-1.5009,0.222
8.6116,1,0,1.5401,-26.8238,9.13,-1.492,0.2175
8.6216,1,0,1.5595,-26.3646,9.14,-1.483,0.213
8.6316,1,0,1.5793,-25.9125,9.15,-1.474,0.2087
8.6416,1,0,1.5996,-25.4672,9.16,-1.465,0.2044
8.6516,1,0,1.6202,-25.0289,9.17,-1.4559,0.2001
8.6616,1,0,1.6412,-24.5978,9.18,-1.4469,0.196
8.6716,1,0,1.6627,-24.1734,9.19,-1.4377,0.1919
8.6816,1,0,1.6845,-23.7552,9.2,-1.4286,0.1878
8.6916,1,0,1.7068,-23.3435,9.21,-1.4194,0.1839
8.7016,1,0,1.7294,-22.9387,9.22,-1.4102,0.18
8.7116,1,0,1.7525,-22.5403,9.23,-1.401,0.1762
8.7216,1,0,1.776,-22.1477,9.24,-1.3917,0.1724
8.7316,1,0,1.7999,-21.7613,9.25,-1.3824,0.1687
8.7416,1,0,1.8242,-21.3815,9.26,-1.3731,0.165
8.7516,1,0,1.8489,-21.0077,9.27,-1.3638,0.1614
8.7616,1,0,1.874,-20.6394,9.28,-1.3544,0.1579
8.7716,1,0,1.8995,-20.2769,9.29,-1.345,0.1544
8.7816,1,0,1.9254,-19.9207,9.3,-1.3356,0.151
8.7916,1,0,1.9518,-19.5701,9.31,-1.3262,0.1477
8.8016,1,0,1.9786,-19.2247,9.32,-1.3167,0.1444
8.8116,1,0,2.0058,-18.8848,9.33,-1.3073,0.1412
8.8216,1,0,2.0333,-18.5507,9.34,-1.2978,0.138
8.8316,1,0,2.0614,-18.2216,9.35,-1.2883,0.1349
8.8416,1,0,2.0898,-17.8977,9.36,-1.2788,0.1318
8.8516,1,0,2.1187,-17.579,9.37,-1.2693,0.1288
8.8616,1,0,2.148,-17.265,9.38,-1.2597,0.1258
8.8716,1,0,2.1777,-16.9564,9.39,-1.2501,0.1229
8.8816,1,0,2.2078,-16.6528,9.4,-1.2406,0.12
8.8916,1,0,2.2384,-16.3536,9.41,-1.231,0.1172
8.9016,1,0,2.2694,-16.0593,9.42,-1.2214,0.1144
8.9116,1,0,2.3008,-15.7696,9.43,-1.2117,0.1117
8.9216,1,0,2.3327,-15.4842,9.44,-1.2021,0.109
8.9316,1,0,2.3649,-15.2034,9.45,-1.1924,0.1064
8.9416,1,0,2.3977,-14.927,9.46,-1.1828,0.1038
8.9516,1,0,2.4309,-14.6548,9.47,-1.1731,0.1013
8.9616,1,0,2.4645,-14.3869,9.48,-1.1634,0.0988
8.9716,1,0,2.4985,-14.1232,9.49,-1.1537,0.0964
8.9816,1,0,2.533,-13.8634,9.5,-1.144,0.094
8.9916,1,0,2.568,-13.6078,9.51,-1.1343,0.0916
9.0016,1,0,2.6033,-13.3563,9.52,-1.1246,0.0893
9.0116,1,0,2.6392,-13.1084,9.53,-1.1148,0.0871
9.0216,1,0,2.6756,-12.8642,9.54,-1.1051,0.0848
9.0316,1,0,2.7124,-12.6235,9.55,-1.0953,0.0826
9.0416,1,0,2.7496,-12.3867,9.56,-1.0855,0.0805
9.0516,1,0,2.7873,-12.1536,9.57,-1.0758,0.0784
9.0616,1,0,2.8255,-11.924,9.58,-1.066,0.0763
9.0716,1,0,2.8641,-11.6979,9.59,-1.0562,0.0743
9.0816,1,0,2.9032,-11.4752,9.6,-1.0464,0.0723
9.0916,1,0,2.9428,-11.2557,9.61,-1.0366,0.0704
9.1016,1,0,2.9829,-11.0397,9.62,-1.0268,0.0685
9.1116,1,0,3.0235,-10.8268,9.63,-1.017,0.0666
9.1216,1,0,3.0645,-10.6171,9.64,-1.0071,0.0647
9.1316,1,0,3.1061,-10.4103,9.65,-0.9973,0.0629
9.1416,1,0,3.1482,-10.2066,9.66,-0.9874,0.0612
9.1516,1,0,3.1907,-10.006,9.67,-0.9776,0.0594
9.1616,1,0,3.2339,-9.8084,9.68,-0.9677,0.0577
9.1716,1,0,3.2774,-9.6136,9.69,-0.9579,0.056
9.1816,1,0,3.3215,-9.4217,9.7,-0.948,0.0544
9.1916,1,0,3.3661,-9.2325,9.71,-0.9382,0.0528
9.2016,1,0,3.4114,-9.046,9.72,-0.9283,0.0512
9.2116,1,0,3.4571,-8.8622,9.73,-0.9184,0.0497
9.2216,1,0,3.5032,-8.6813,9.74,-0.9085,0.0482
9.2316,1,0,3.5499,-8.503,9.75,-0.8986,0.0467
9.2416,1,0,3.5974,-8.327,9.76,-0.8887,0.0452
9.2516,1,0,3.6452,-8.1536,9.77,-0.8788,0.0438
9.2616,1,0,3.6936,-7.9828,9.78,-0.8689,0.0424
9.2716,1,0,3.7427,-7.8143,9.79,-0.859,0.0411
9.2816,1,0,3.7922,-7.6482,9.8,-0.8491,0.0398
9.2916,1,0,3.8423,-7.4847,9.81,-0.8392,0.0385
9.3016,1,0,3.8931,-7.3233,9.82,-0.8293,0.0372
9.3116,1,0,3.9445,-7.164,9.83,-0.8193,0.0359
9.3216,1,0,3.9963,-7.0072,9.84,-0.8094,0.0347
9.3316,1,0,4.0489,-6.8526,9.85,-0.7995,0.0335
9.3416,1,0,4.1021,-6.7,9.86,-0.7896,0.0323
9.3516,1,0,4.1558,-6.5496,9.87,-0.7796,0.0312
9.3616,1,0,4.2103,-6.4013,9.88,-0.7697,0.0301
9.3716,1,0,4.2652,-6.2552,9.89,-0.7598,0.029
9.3816,1,0,4.321,-6.1109,9.9,-0.7498,0.0279
9.3916,1,0,4.3772,-5.9687,9.91,-0.7399,0.0269
9.4016,1,0,4.4342,-5.8285,9.92,-0.7299,0.0259
9.4116,1,0,4.492,-5.6901,9.93,-0.72,0.0249
9.4216,1,0,4.5503,-5.5536,9.94,-0.71,0.0239
9.4316,1,0,4.6093,-5.4191,9.95,-0.7001,0.023
9.4416,1,0,4.6691,-5.2864,9.96,-0.6901,0.0221
9.4516,1,0,4.7294,-5.1555,9.97,-0.6801,0.0212
9.4616,1,0,4.7906,-5.0265,9.98,-0.6702,0.0203
9.4716,1,0,4.8524,-4.8991,9.99,-0.6602,0.0194
9.4816,1,0,4.9152,-4.7733,10,-0.6502,0.0186
9.4916,1,0,4.9785,-4.6494,10.01,-0.6403,0.0178
9.5016,1,0,5.0427,-4.5272,10.02,-0.6303,0.017
9.5116,1,0,5.1077,-4.4066,10.03,-0.6203,0.0162
9.5216,1,0,5.1736,-4.2875,10.04,-0.6104,0.0155
9.5316,1,0,5.24,-4.1701,10.05,-0.6004,0.0148
9.5416,1,0,5.3073,-4.0544,10.06,-0.5904,0.014
9.5516,1,0,5.3753,-3.9402,10.07,-0.5804,0.0134
9.5616,1,0,5.4446,-3.8274,10.08,-0.5705,0.0127
9.5716,1,0,5.5143,-3.7161,10.09,-0.5605,0.012
9.5816,1,0,5.5851,-3.6064,10.1,-0.5505,0.0114
9.5916,1,0,5.6567,-3.4982,10.11,-0.5405,0.0108
9.6016,1,0,5.7292,-3.3914,10.12,-0.5305,0.0102
9.6116,1,0,5.8026,-3.286,10.13,-0.5206,0.0096
9.6216,1,0,5.8769,-3.1821,10.14,-0.5106,0.0091
9.6316,1,0,5.9524,-3.0796,10.15,-0.5006,0.0085
9.6416,0.9957,-0.4306,6.0283,-2.9785,10.16,-0.4906,0.008
9.6515,0.9857,-0.9975,6.1046,-2.8794,10.17,-0.4808,0.0075
9.6612,0.9757,-1.0017,6.1807,-2.7828,10.18,-0.4711,0.0071
9.6708,0.9657,-0.9986,6.2573,-2.6885,10.19,-0.4614,0.0066
9.6804,0.9557,-1.0002,6.334,-2.5962,10.2,-0.4519,0.0062
9.6899,0.9457,-1.0002,6.4108,-2.506,10.21,-0.4424,0.0058
9.6992,0.9357,-0.9987,6.488,-2.4179,10.22,-0.4331,0.0054
9.7085,0.9257,-1.0019,6.5647,-2.3318,10.23,-0.4238,0.005
9.7176,0.9157,-0.9987,6.6423,-2.2477,10.24,-0.4147,0.0046
9.7267,0.9057,-1.0004,6.7192,-2.1655,10.25,-0.4056,0.0043
9.7357,0.8957,-1.0004,6.797,-2.0852,10.26,-0.3967,0.004
9.7445,0.8857,-1.0005,6.8742,-2.0068,10.27,-0.3878,0.0037
9.7533,0.8757,-0.9988,6.9521,-1.9301,10.28,-0.3791,0.0034
9.7619,0.8657,-1.0005,7.0296,-1.8552,10.29,-0.3704,0.0031
9.7705,0.8557,-0.9988,7.1071,-1.7819,10.3,-0.3618,0.0028
9.7789,0.8457,-1.0024,7.1845,-1.7104,10.31,-0.3534,0.0026
9.7873,0.8357,-0.9989,7.2619,-1.6406,10.32,-0.345,0.0023
9.7956,0.8257,-0.9988,7.3397,-1.5722,10.33,-0.3368,0.0021
9.8037,0.8157,-1.0026,7.4172,-1.5055,10.34,-0.3286,0.0019
9.8118,0.8057,-0.997,7.4945,-1.4403,10.35,-0.3206,0.0017
9.8197,0.7957,-1.0028,7.572,-1.3766,10.36,-0.3126,0.0015
9.8276,0.7857,-0.9989,7.649,-1.3144,10.37,-0.3048,0.0013
9.8354,0.7757,-0.9989,7.7262,-1.2536,10.38,-0.297,0.0011
9.843,0.7657,-1.0009,7.8035,-1.1941,10.39,-0.2894,0.001
9.8506,0.7557,-1.001,7.8801,-1.1361,10.4,-0.2818,0.0008
9.858,0.7457,-0.999,7.9574,-1.0795,10.41,-0.2744,0.0007
9.8654,0.7357,-0.999,8.034,-1.0241,10.42,-0.267,0.0006
9.8726,0.7257,-1.0011,8.1103,-0.9699,10.43,-0.2597,0.0004
9.8798,0.7157,-1.0012,8.1864,-0.9172,10.44,-0.2526,0.0003
9.8868,0.7057,-0.999,8.2622,-0.8656,10.45,-0.2455,0.0002
9.8938,0.6957,-0.999,8.3377,-0.8152,10.46,-0.2386,0.0001
9.9007,0.6857,-1.0013,8.4127,-0.766,10.47,-0.2317,0
9.9074,0.6757,-0.9991,8.4882,-0.718,10.48,-0.225,-0.0001
9.9141,0.6657,-0.999,8.5632,-0.671,10.49,-0.2183,-0.0001
9.9206,0.6557,-1.0014,8.6376,-0.6252,10.5,-0.2117,-0.0002
9.9271,0.6457,-1.0015,8.7112,-0.5806,10.51,-0.2053,-0.0003
9.9334,0.6357,-0.9991,8.785,-0.5371,10.52,-0.1989,-0.0003
9.9397,0.6257,-0.9991,8.8581,-0.4945,10.53,-0.1927,-0.0004
9.9459,0.6157,-0.9991,8.9302,-0.4529,10.54,-0.1865,-0.0004
9.9519,0.6057,-1.0017,9.0034,-0.4124,10.55,-0.1805,-0.0005
9.9579,0.5957,-0.9991,9.0745,-0.3729,10.56,-0.1745,-0.0005
9.9638,0.5857,-0.9991,9.1456,-0.3343,10.5701,-0.1686,-0.0006
9.9695,0.5757,-1.0019,9.2166,-0.2967,10.58,-0.1629,-0.0006
9.9752,0.5657,-0.9992,9.2863,-0.2601,10.59,-0.1572,-0.0006
9.9807,0.5557,-1.002,9.3558,-0.2244,10.6,-0.1517,-0.0006
9.9862,0.5457,-0.9963,9.4251,-0.1896,10.6101,-0.1462,-0.0007
9.9915,0.5357,-1.0021,9.4928,-0.1556,10.62,-0.1408,-0.0007
9.9968,0.5257,-1.0022,9.5614,-0.1226,10.63,-0.1356,-0.0007
10.0019,0.5157,-0.9962,9.6271,-0.0905,10.64,-0.1304,-0.0007
10.007,0.5057,-1.0023,9.6936,-0.0591,10.65,-0.1254,-0.0007
10.0119,0.4957,-0.9992,9.7582,-0.0286,10.66,-0.1204,-0.0007
10.0168,0.4857,-0.9992,9.8237,0.0011,10.67,-0.1156,-0.0007
10.0216,0.4757,-0.9992,9.8886,0.0301,10.6801,-0.1108,-0.0007
10.0262,0.4657,-1.0026,9.9513,0.0582,10.69,-0.1061,-0.0007
10.0308,0.4557,-0.9992,10.0133,0.0855,10.7,-0.1016,-0.0007
10.0352,0.4457,-0.9992,10.0745,0.1121,10.7101,-0.0971,-0.0007
10.0396,0.4357,-1.0029,10.1348,0.1379,10.72,-0.0928,-0.0007
10.0439,0.4257,-0.9956,10.1943,0.1629,10.7301,-0.0885,-0.0007
10.048,0.4157,-1.003,10.2527,0.1873,10.74,-0.0844,-0.0006
10.0521,0.4057,-0.9993,10.3102,0.2109,10.75,-0.0803,-0.0006
10.056,0.3957,-0.9992,10.3665,0.2339,10.7601,-0.0763,-0.0006
10.0599,0.3857,-1.0034,10.4217,0.256,10.77,-0.0725,-0.0006
10.0636,0.3757,-0.9951,10.4757,0.2776,10.7801,-0.0687,-0.0006
10.0673,0.3657,-1.0035,10.5302,0.2985,10.79,-0.0651,-0.0006
10.0708,0.3557,-0.9993,10.5816,0.3186,10.8,-0.0615,-0.0005
10.0743,0.3457,-0.9992,10.6317,0.3381,10.81,-0.0581,-0.0005
10.0777,0.3357,-0.9992,10.6821,0.3571,10.8201,-0.0547,-0.0005
10.0809,0.3257,-0.9991,10.7311,0.3753,10.8301,-0.0514,-0.0005
10.0841,0.3157,-1.0042,10.7786,0.3929,10.8401,-0.0483,-0.0004
10.0871,0.3057,-0.9993,10.8244,0.4099,10.85,-0.0452,-0.0004
10.0901,0.2957,-0.9993,10.8706,0.4262,10.86,-0.0423,-0.0004
10.0929,0.2857,-0.9992,10.9132,0.4419,10.87,-0.0394,-0.0004
10.0957,0.2757,-0.9992,10.9559,0.4571,10.88,-0.0367,-0.0004
10.0984,0.2657,-0.9991,10.997,0.4717,10.8901,-0.034,-0.0003
10.1009,0.2557,-1.0054,11.0381,0.4856,10.9,-0.0315,-0.0003
10.1034,0.2457,-0.9928,11.0775,0.499,10.9101,-0.029,-0.0003
10.1057,0.2357,-1.0058,11.1129,0.5118,10.92,-0.0266,-0.0003
10.108,0.2257,-0.9992,11.1483,0.524,10.93,-0.0244,-0.0003
10.1101,0.2157,-0.9992,11.1818,0.5356,10.94,-0.0222,-0.0002
10.1122,0.2057,-0.999,11.2153,0.5467,10.95,-0.0202,-0.0002
10.1142,0.1957,-0.9989,11.2468,0.5572,10.9601,-0.0182,-0.0002
10.116,0.1856,-0.9988,11.2761,0.5673,10.9701,-0.0163,-0.0002
10.1178,0.1757,-1.0081,11.3032,0.5767,10.98,-0.0146,-0.0002
10.1194,0.1657,-0.9896,11.3304,0.5855,10.9901,-0.0129,-0.0001
10.121,0.1556,-1.0088,11.3553,0.5939,11.0001,-0.0114,-0.0001
10.1224,0.1457,-0.9992,11.3801,0.6017,11.01,-0.0099,-0.0001
10.1238,0.1356,-0.987,11.4027,0.609,11.0202,-0.0085,-0.0001
10.1251,0.1255,-1.0101,11.423,0.6158,11.0303,-0.0073,-0.0001
10.1262,0.1156,-1.0132,11.4408,0.6219,11.04,-0.0062,-0.0001
10.1273,0.1057,-0.9848,11.4586,0.6276,11.0501,-0.0051,-0.0001
10.1282,0.0956,-0.9974,11.4763,0.6328,11.0602,-0.0041,0
10.1291,0.0856,-1.0168,11.487,0.6374,11.07,-0.0033,0
10.1299,0.0756,-0.9783,11.5021,0.6415,11.0802,-0.0025,0
10.1305,0.0656,-1.0203,11.5125,0.6452,11.0901,-0.0019,0
10.1311,0.0554,-0.9694,11.5205,0.6483,11.1006,-0.0013,0
10.1315,0.0452,-1.024,11.5305,0.6509,11.1106,-0.0008,0
10.1319,0.0351,-0.9947,11.5335,0.653,11.1207,-0.0005,0
10.1322,0.0249,-0.9869,11.5386,0.6546,11.1311,-0.0002,0
10.1323,0.0139,-0.9457,11.5412,0.6556,11.1427,-0.0001,0
10.1323,0.004,-1.2247,11.5412,0.6561,11.1507,0,0