0,0,0,13.252,-11.5346,0,0,0
0.0002,0.0137,1.25,13.2447,-11.5342,0.011,0.0002,0
0.0005,0.0315,1.8613,13.2319,-11.5332,0.0205,0.0005,-0.0001
0.001,0.0505,2.0036,13.2116,-11.5314,0.03,0.0009,-0.0002
0.0017,0.0702,1.9276,13.1769,-11.5288,0.0402,0.0016,-0.0003
0.0026,0.0904,2.0302,13.137,-11.5252,0.0502,0.0025,-0.0005
0.0037,0.1104,1.9903,13.0899,-11.5207,0.0602,0.0036,-0.0007
0.005,0.1304,2.0161,13.0295,-11.5153,0.0701,0.0049,-0.001
0.0065,0.1502,1.9914,12.9665,-11.5091,0.0801,0.0063,-0.0013
0.0082,0.1702,1.9944,12.8908,-11.5018,0.0901,0.008,-0.0016
0.0101,0.1901,2.0113,12.8112,-11.4936,0.1,0.0099,-0.002
0.0122,0.2102,1.9813,12.7196,-11.4845,0.1101,0.0119,-0.0024
0.0145,0.2302,2.0109,12.621,-11.4743,0.1201,0.0142,-0.0029
0.017,0.2501,2.0086,12.5195,-11.4632,0.13,0.0166,-0.0034
0.0197,0.2701,1.9857,12.4078,-11.451,0.1401,0.0193,-0.0039
0.0226,0.2901,2.0086,12.2903,-11.4377,0.15,0.0221,-0.0045
0.0257,0.3101,1.9978,12.1676,-11.4234,0.16,0.0252,-0.0051
0.029,0.3301,1.9984,12.0366,-11.408,0.17,0.0284,-0.0058
0.0325,0.3501,1.9988,11.9015,-11.3914,0.18,0.0318,-0.0065
0.0362,0.3701,1.9992,11.7595,-11.3736,0.1901,0.0355,-0.0072
0.0401,0.3901,2.0069,11.6147,-11.3546,0.2,0.0393,-0.0079
0.0442,0.4101,1.992,11.4642,-11.3344,0.2101,0.0433,-0.0088
0.0485,0.4301,2.0067,11.3106,-11.3128,0.22,0.0475,-0.0096
0.053,0.4501,1.9932,11.1512,-11.2899,0.2301,0.0519,-0.0105
0.0577,0.4701,2.0065,10.9912,-11.2657,0.24,0.0565,-0.0114
0.0626,0.4901,1.9941,10.8268,-11.2399,0.25,0.0614,-0.0124
0.0677,0.5101,2.0063,10.658,-11.2128,0.26,0.0663,-0.0133
0.073,0.53,1.9949,10.4887,-11.184,0.27,0.0715,-0.0144
0.0785,0.5501,2.0009,10.3162,-11.1536,0.28,0.0769,-0.0154
0.0842,0.5701,2.001,10.1422,-11.1216,0.29,0.0825,-0.0165
0.0901,0.59,2.0011,9.9664,-11.0879,0.3,0.0883,-0.0177
0.0962,0.61,1.9965,9.7894,-11.0524,0.31,0.0943,-0.0188
0.1025,0.6301,2.0015,9.6117,-11.0149,0.32,0.1005,-0.02
0.109,0.6501,2.0016,9.4332,-10.9756,0.33,0.1069,-0.0213
0.1157,0.67,2.0016,9.2544,-10.9343,0.34,0.1134,-0.0225
0.1226,0.69,1.9935,9.075,-10.8907,0.35,0.1202,-0.0239
0.1297,0.71,2.0062,8.8973,-10.845,0.36,0.1272,-0.0252
0.137,0.73,1.9981,8.7179,-10.7972,0.37,0.1344,-0.0266
0.1445,0.75,1.9985,8.539,-10.7468,0.38,0.1417,-0.028
0.1522,0.77,2.0025,8.362,-10.694,0.39,0.1493,-0.0294
0.1601,0.79,1.9954,8.185,-10.6386,0.4,0.1571,-0.0308
0.1682,0.8101,2.0028,8.0096,-10.5804,0.41,0.165,-0.0323
0.1765,0.83,2.0028,7.8356,-10.5196,0.42,0.1732,-0.0338
0.185,0.85,1.9962,7.6628,-10.4558,0.43,0.1816,-0.0354
0.1937,0.87,1.9999,7.4908,-10.3889,0.44,0.1901,-0.037
0.2026,0.89,2.0033,7.3212,-10.3189,0.45,0.1989,-0.0386
0.2117,0.91,1.9972,7.1537,-10.2455,0.46,0.2078,-0.0402
0.221,0.93,2.0005,6.9876,-10.1687,0.47,0.217,-0.0418
0.2305,0.95,2.0007,6.824,-10.0882,0.48,0.2263,-0.0435
0.2402,0.97,1.998,6.662,-10.004,0.49,0.2359,-0.0452
0.2501,0.99,2.0012,6.5023,-9.9157,0.5,0.2456,-0.0469
0.2602,1.01,2.0013,6.3453,-9.8235,0.51,0.2556,-0.0486
0.2705,1.03,1.9988,6.1904,-9.727,0.52,0.2657,-0.0503
0.281,1.05,1.9991,6.0377,-9.6259,0.53,0.2761,-0.0521
0.2917,1.07,2.0019,5.888,-9.5201,0.54,0.2866,-0.0539
0.3026,1.09,1.9995,5.7407,-9.4096,0.55,0.2974,-0.0556
0.3137,1.11,1.9998,5.5959,-9.2939,0.56,0.3083,-0.0574
0.325,1.13,2,5.4536,-9.173,0.57,0.3195,-0.0592
0.3365,1.15,2.0002,5.3141,-9.0464,0.58,0.3308,-0.061
0.3482,1.17,1.9982,5.1772,-8.914,0.59,0.3424,-0.0629
0.3601,1.19,2.0007,5.0429,-8.7754,0.6,0.3542,-0.0647
0.3722,1.21,2.0009,4.9113,-8.6306,0.61,0.3662,-0.0665
0.3845,1.23,2.001,4.7827,-8.4794,0.62,0.3783,-0.0683
0.397,1.25,1.9991,4.6567,-8.3213,0.63,0.3907,-0.0701
0.4097,1.27,1.9994,4.5335,-8.1558,0.64,0.4032,-0.0719
0.4226,1.29,1.9997,4.4128,-7.9828,0.65,0.416,-0.0737
0.4357,1.31,1.9999,4.2948,-7.8019,0.66,0.429,-0.0755
0.449,1.33,2.002,4.1798,-7.613,0.67,0.4422,-0.0772
0.4625,1.35,1.9984,4.0675,-7.4156,0.68,0.4556,-0.079
0.4762,1.37,1.9987,3.9576,-7.209,0.69,0.4692,-0.0807
0.4901,1.39,2.0026,3.8507,-6.9932,0.7,0.483,-0.0824
0.5042,1.41,1.9991,3.7465,-6.7679,0.71,0.497,-0.0841
0.5185,1.43,1.9994,3.6448,-6.5323,0.72,0.5112,-0.0857
0.533,1.45,1.9996,3.5458,-6.2861,0.73,0.5256,-0.0873
0.5477,1.47,2.0015,3.4495,-6.0289,0.74,0.5402,-0.0888
0.5626,1.49,1.9984,3.3558,-5.7603,0.75,0.555,-0.0903
0.5777,1.51,2.0019,3.2648,-5.4798,0.76,0.57,-0.0918
0.593,1.53,1.9988,3.1762,-5.1869,0.77,0.5853,-0.0931
0.6085,1.55,1.9991,3.0902,-4.8807,0.78,0.6007,-0.0945
0.6242,1.57,2.0024,3.007,-4.5613,0.79,0.6164,-0.0957
0.6401,1.59,1.9979,2.926,-4.2279,0.8,0.6322,-0.0969
0.6562,1.61,2.0012,2.8477,-3.8797,0.81,0.6483,-0.098
0.6725,1.63,1.9998,2.7718,-3.5166,0.82,0.6646,-0.099
0.689,1.65,1.9986,2.6984,-3.1374,0.83,0.6811,-0.0999
0.7057,1.67,2.0016,2.6274,-2.7419,0.84,0.6977,-0.1007
0.7226,1.69,2.0003,2.5589,-2.3299,0.85,0.7146,-0.1014
0.7397,1.71,1.999,2.4928,-1.9002,0.86,0.7317,-0.1019
0.757,1.73,2.0005,2.4291,-1.4523,0.87,0.749,-0.1024
0.7745,1.75,1.9993,2.3678,-0.9857,0.88,0.7665,-0.1027
0.7922,1.77,2.0007,2.3089,-0.4997,0.89,0.7842,-0.1028
0.8101,1.79,1.9995,2.2522,0.0061,0.9,0.8021,-0.1028
0.8282,1.81,2.0008,2.198,0.5322,0.91,0.8202,-0.1026
0.8465,1.83,1.9996,2.1461,1.0793,0.92,0.8385,-0.1023
0.865,1.85,1.9997,2.0964,1.648,0.93,0.857,-0.1018
0.8837,1.87,2.0009,2.0491,2.2386,0.94,0.8757,-0.101
0.9026,1.89,1.9996,2.0041,2.8515,0.95,0.8945,-0.1001
0.9217,1.91,1.9996,1.9614,3.4875,0.96,0.9136,-0.0989
0.941,1.93,2.0007,1.921,4.1465,0.97,0.9329,-0.0975
0.9604,1.9452,1.5177,1.883,4.8281,0.98,0.9522,-0.0959
0.9797,1.9314,-1.3802,1.8478,5.5265,0.99,0.9715,-0.094
0.9989,1.9138,-1.7566,1.8154,6.2344,1,0.9905,-0.092
1.0178,1.8975,-1.6278,1.7857,6.9509,1.01,1.0093,-0.0897
1.0367,1.8825,-1.5062,1.7585,7.6758,1.02,1.028,-0.0872
1.0553,1.8686,-1.3869,1.7336,8.4084,1.03,1.0465,-0.0844
1.0739,1.8559,-1.2721,1.7111,9.1484,1.04,1.0648,-0.0815
1.0924,1.8443,-1.1599,1.6907,9.8957,1.05,1.083,-0.0783
1.1107,1.8338,-1.0527,1.6724,10.6491,1.06,1.101,-0.0749
1.1289,1.8243,-0.9458,1.6561,11.4079,1.07,1.1189,-0.0713
1.1471,1.8159,-0.8428,1.6417,12.1724,1.08,1.1366,-0.0675
1.1652,1.8085,-0.7419,1.6292,12.9417,1.09,1.1542,-0.0634
1.1832,1.802,-0.6431,1.6184,13.7153,1.1,1.1717,-0.0592
1.2012,1.7966,-0.5458,1.6095,14.4928,1.11,1.1892,-0.0547
1.2191,1.7921,-0.4512,1.6023,15.2731,1.12,1.2064,-0.0499
1.237,1.7885,-0.3567,1.5967,16.0559,1.13,1.2236,-0.045
1.2548,1.7858,-0.2647,1.5928,16.841,1.14,1.2407,-0.0398
1.2727,1.7841,-0.1734,1.5905,17.6272,1.15,1.2577,-0.0344
1.2905,1.7833,-0.0833,1.5898,18.4143,1.16,1.2746,-0.0288
1.3083,1.7833,0.0059,1.5907,19.2015,1.17,1.2915,-0.0229
1.3262,1.7843,0.0943,1.5932,19.9882,1.18,1.3082,-0.0168
1.344,1.7861,0.1819,1.5972,20.7741,1.19,1.3249,-0.0105
1.3619,1.7888,0.2691,1.6028,21.5586,1.2,1.3416,-0.0039
1.3799,1.7923,0.3554,1.6099,22.3415,1.21,1.3582,0.0029
1.3978,1.7968,0.4425,1.6186,23.1217,1.22,1.3747,0.01
1.4158,1.802,0.5277,1.6289,23.8984,1.23,1.3912,0.0173
1.4339,1.8082,0.614,1.6408,24.6722,1.24,1.4076,0.0248
1.4521,1.8152,0.6998,1.6543,25.4418,1.25,1.424,0.0326
1.4703,1.823,0.7858,1.6694,26.2067,1.26,1.4403,0.0407
1.4886,1.8317,0.8713,1.6861,26.9668,1.27,1.4567,0.049
1.507,1.8413,0.9581,1.7046,27.7216,1.28,1.473,0.0575
1.5255,1.8518,1.044,1.7247,28.4705,1.29,1.4892,0.0664
1.5442,1.8631,1.1309,1.7466,29.2135,1.3,1.5055,0.0755
1.5629,1.8753,1.2191,1.7703,29.9496,1.31,1.5217,0.0848
1.5818,1.8883,1.3055,1.7958,30.6789,1.32,1.538,0.0944
1.6008,1.9023,1.3949,1.8232,31.4014,1.33,1.5542,0.1044
1.62,1.9171,1.4842,1.8525,32.1162,1.34,1.5705,0.1146
1.6393,1.9329,1.5743,1.8838,32.8229,1.35,1.5867,0.125
1.6588,1.9495,1.6642,1.9171,33.5216,1.36,1.603,0.1358
1.6785,1.9671,1.7571,1.9526,34.212,1.37,1.6192,0.1469
1.6984,1.9856,1.8489,1.9902,34.8937,1.38,1.6355,0.1582
1.7184,2.005,1.9417,2.0301,35.5669,1.39,1.6518,0.1699
1.7387,2.025,1.9962,2.0724,36.2312,1.4,1.6682,0.1818
1.7591,2.045,2.0008,2.117,36.8861,1.41,1.6845,0.1941
1.7797,2.0649,2.0005,2.1641,37.5308,1.42,1.7009,0.2067
1.8006,2.0849,1.999,2.2137,38.1657,1.43,1.7173,0.2196
1.8217,2.1049,1.9999,2.266,38.7905,1.44,1.7337,0.2328
1.8429,2.1249,2.0009,2.3209,39.4044,1.45,1.7501,0.2463
1.8644,2.1449,1.9994,2.3786,40.0073,1.46,1.7665,0.26
1.886,2.1649,2.0004,2.4391,40.5991,1.47,1.783,0.2741
1.9079,2.1849,2.0002,2.5025,41.1793,1.48,1.7994,0.2885
1.9299,2.2049,2,2.5689,41.7482,1.49,1.8159,0.3032
1.9521,2.2249,1.9998,2.6383,42.3055,1.5,1.8323,0.3182
1.9746,2.245,1.9996,2.7109,42.8515,1.51,1.8488,0.3334
1.9973,2.265,2.0007,2.7867,43.3857,1.52,1.8652,0.349
2.0201,2.2849,2.0005,2.8658,43.908,1.53,1.8817,0.3648
2.0432,2.3049,1.9991,2.9484,44.4188,1.54,1.8982,0.381
2.0664,2.325,2.0002,3.0344,44.9183,1.55,1.9146,0.3974
2.0899,2.345,2.0001,3.124,45.4062,1.56,1.9311,0.4141
2.1135,2.365,2,3.2173,45.8827,1.57,1.9476,0.4311
2.1374,2.385,1.9999,3.3144,46.348,1.58,1.964,0.4483
2.1614,2.405,2.0011,3.4153,46.8019,1.59,1.9805,0.4659
2.1856,2.4249,1.9997,3.5202,47.2447,1.6,1.9969,0.4837
2.2101,2.4449,1.9996,3.6292,47.6768,1.61,2.0134,0.5017
2.2348,2.465,1.9995,3.7425,48.0984,1.62,2.0299,0.5201
2.2596,2.485,2.0008,3.86,48.5095,1.63,2.0463,0.5387
2.2847,2.505,1.9994,3.9821,48.9102,1.64,2.0628,0.5576
2.3099,2.525,2.0007,4.1087,49.3008,1.65,2.0793,0.5767
2.3353,2.545,2.0006,4.2397,49.6812,1.66,2.0957,0.5961
2.361,2.5649,1.9993,4.3756,50.0519,1.67,2.1122,0.6158
2.3869,2.585,1.9992,4.5167,50.4133,1.68,2.1287,0.6357
2.4129,2.605,2.0018,4.6625,50.7652,1.69,2.1451,0.6559
2.4392,2.625,1.9979,4.8138,51.1081,1.7,2.1616,0.6763
2.4656,2.645,2.0018,4.9702,51.4421,1.71,2.1781,0.697
2.4923,2.665,1.9991,5.1321,51.7673,1.72,2.1946,0.7179
2.5191,2.685,2.0004,5.2997,52.084,1.73,2.2111,0.7391
2.5461,2.705,2.0004,5.4729,52.3923,1.74,2.2276,0.7605
2.5734,2.725,1.9991,5.6522,52.6926,1.75,2.2441,0.7822
2.6009,2.7455,2.0493,5.4557,52.4036,1.76,2.2609,0.804
2.6285,2.7649,1.9448,5.3744,51.8829,1.77,2.2779,0.8257
2.6564,2.7849,1.9988,5.2927,51.5699,1.78,2.2952,0.8475
2.6844,2.8049,2.0006,5.2108,51.2496,1.79,2.3128,0.8694
2.7126,2.8249,2.0008,5.1289,50.9218,1.8,2.3306,0.8913
2.7411,2.8449,1.9996,5.0468,50.5861,1.81,2.3487,0.9133
2.7698,2.8649,1.9985,4.9643,50.2419,1.82,2.367,0.9354
2.7986,2.8849,2.0016,4.8819,49.8893,1.83,2.3856,0.9574
2.8276,2.9049,1.9991,4.7993,49.5279,1.84,2.4044,0.9795
2.8569,2.9243,1.9391,4.7167,49.1573,1.85,2.4235,1.0016
2.8861,2.9179,-0.6396,4.6348,48.7792,1.86,2.4428,1.0236
2.915,2.8979,-1.9994,4.5538,48.3955,1.87,2.462,1.0452
2.9438,2.8779,-2.0007,4.474,48.0073,1.88,2.4813,1.0666
2.9724,2.8579,-1.9994,4.3953,47.6144,1.89,2.5005,1.0877
3.0008,2.8379,-1.9993,4.3175,47.2166,1.9,2.5198,1.1086
3.029,2.8179,-2.0007,4.2409,46.8139,1.91,2.5391,1.1291
3.0569,2.7979,-2.0006,4.1654,46.4066,1.92,2.5584,1.1494
3.0847,2.7779,-1.9993,4.091,45.9943,1.93,2.5777,1.1694
3.1123,2.7579,-1.9993,4.0174,45.5767,1.94,2.597,1.1891
3.1397,2.7379,-2.0019,3.9452,45.1541,1.95,2.6163,1.2085
3.1669,2.7179,-1.9979,3.8738,44.7263,1.96,2.6356,1.2276
3.1938,2.6979,-2.0018,3.8037,44.2932,1.97,2.6549,1.2464
3.2206,2.6779,-1.9978,3.7344,43.8545,1.98,2.6742,1.265
3.2472,2.6579,-2.0018,3.6664,43.4103,1.99,2.6935,1.2833
3.2736,2.6379,-1.9991,3.5995,42.9607,2,2.7129,1.3012
3.2998,2.6179,-2.0003,3.5335,42.5054,2.01,2.7322,1.3189
3.3257,2.5979,-2.0003,3.4687,42.0445,2.02,2.7514,1.3363
3.3515,2.5779,-2.0003,3.4048,41.578,2.03,2.7707,1.3534
3.3771,2.5579,-1.9989,3.3422,41.1053,2.04,2.79,1.3702
3.4025,2.5379,-2.0002,3.2805,40.6266,2.05,2.8093,1.3868
3.4276,2.5179,-2.0001,3.2199,40.1418,2.06,2.8285,1.403
3.4526,2.4979,-2.0001,3.1604,39.651,2.07,2.8477,1.4189
3.4774,2.4779,-2,3.1019,39.1541,2.08,2.867,1.4346
3.502,2.4579,-1.9999,3.0445,38.6509,2.09,2.8861,1.4499
3.5264,2.4379,-1.9999,2.9882,38.1413,2.1,2.9053,1.465
3.5505,2.4179,-1.9998,2.9329,37.6253,2.11,2.9245,1.4798
3.5745,2.3979,-1.9997,2.8786,37.1028,2.12,2.9436,1.4942
3.5983,2.3779,-2.001,2.8255,36.5739,2.13,2.9627,1.5084
3.6219,2.3579,-1.9983,2.7733,36.0383,2.14,2.9818,1.5223
3.6452,2.3379,-2.0022,2.7223,35.4962,2.15,3.0008,1.5358
3.6684,2.3179,-1.9981,2.6722,34.9475,2.16,3.0198,1.5491
3.6914,2.2979,-2.0007,2.6232,34.3918,2.17,3.0388,1.5621
3.7142,2.2779,-1.9993,2.5752,33.8293,2.18,3.0577,1.5748
3.7368,2.2579,-2.0005,2.5283,33.26,2.19,3.0766,1.5872
3.7592,2.2379,-2.0004,2.4824,32.6841,2.2,3.0954,1.5992
3.7813,2.2179,-2.0003,2.4375,32.1016,2.21,3.1142,1.611
3.8033,2.1979,-1.9975,2.3937,31.5121,2.22,3.1329,1.6225
3.8251,2.1781,-1.9817,2.3508,30.9154,2.23,3.1516,1.6337
3.8467,2.1586,-1.9538,2.3089,30.3119,2.24,3.1702,1.6446
3.8681,2.1393,-1.9254,2.268,29.7015,2.25,3.1888,1.6552
3.8893,2.1203,-1.8953,2.2281,29.0837,2.26,3.2074,1.6655
3.9103,2.1017,-1.8689,2.1892,28.459,2.27,3.2258,1.6755
3.9311,2.0833,-1.8371,2.1512,27.8272,2.28,3.2443,1.6853
3.9518,2.0652,-1.8088,2.1142,27.1879,2.29,3.2626,1.6947
3.9722,2.0474,-1.779,2.0781,26.5414,2.3,3.2809,1.7038
3.9925,2.0299,-1.7478,2.0428,25.8873,2.31,3.2992,1.7127
4.0127,2.0127,-1.7186,2.0085,25.2255,2.32,3.3174,1.7213
4.0326,1.9959,-1.6881,1.9752,24.5565,2.33,3.3356,1.7296
4.0524,1.9793,-1.6573,1.9427,23.8802,2.34,3.3537,1.7376
4.072,1.963,-1.6251,1.9111,23.196,2.35,3.3717,1.7453
4.0915,1.9471,-1.595,1.8803,22.5041,2.36,3.3897,1.7528
4.1108,1.9315,-1.5624,1.8504,21.8044,2.37,3.4076,1.7599
4.13,1.9161,-1.5317,1.8214,21.0968,2.38,3.4255,1.7668
4.149,1.9012,-1.4997,1.7932,20.3818,2.39,3.4433,1.7735
4.1679,1.8865,-1.4665,1.7658,19.659,2.4,3.4611,1.7798
4.1866,1.8721,-1.4351,1.7393,18.9283,2.41,3.4788,1.7859
4.2052,1.8581,-1.4015,1.7135,18.1898,2.42,3.4965,1.7917
4.2236,1.8444,-1.3696,1.6886,17.4435,2.43,3.5141,1.7972
4.2419,1.8311,-1.3365,1.6644,16.6899,2.44,3.5316,1.8025
4.2601,1.818,-1.3024,1.6411,15.9286,2.45,3.5491,1.8075
4.2782,1.8054,-1.2689,1.6184,15.159,2.46,3.5665,1.8122
4.2961,1.793,-1.2352,1.5966,14.3813,2.47,3.5839,1.8166
4.3139,1.781,-1.203,1.5755,13.5966,2.48,3.6012,1.8208
4.3316,1.7693,-1.1665,1.5551,12.8043,2.49,3.6184,1.8247
4.3492,1.758,-1.1339,1.5355,12.004,2.5,3.6356,1.8284
4.3667,1.747,-1.0987,1.5166,11.1965,2.51,3.6528,1.8318
4.384,1.7363,-1.0648,1.4984,10.3817,2.52,3.6698,1.8349
4.4013,1.726,-1.0293,1.481,9.5598,2.53,3.6869,1.8378
4.4184,1.7161,-0.9944,1.4642,8.7304,2.54,3.7038,1.8404
4.4355,1.7065,-0.9593,1.4481,7.8936,2.55,3.7207,1.8427
4.4525,1.6973,-0.9247,1.4327,7.0501,2.56,3.7376,1.8448
4.4693,1.6884,-0.8887,1.418,6.2,2.57,3.7544,1.8466
4.4861,1.6798,-0.8532,1.404,5.3431,2.58,3.7711,1.8482
4.5029,1.6717,-0.8175,1.3906,4.4794,2.59,3.7878,1.8495
4.5195,1.6638,-0.7816,1.3779,3.6091,2.6,3.8044,1.8506
4.5361,1.6564,-0.7462,1.3658,2.7331,2.61,3.8209,1.8513
4.5526,1.6493,-0.7096,1.3544,1.8515,2.62,3.8374,1.8519
4.569,1.6426,-0.6734,1.3437,0.9641,2.63,3.8538,1.8522
4.5853,1.6362,-0.6371,1.3335,0.071,2.64,3.8702,1.8522
4.6016,1.6302,-0.6007,1.324,-0.8275,2.65,3.8865,1.8519
4.6179,1.6245,-0.5642,1.3152,-1.7312,2.66,3.9027,1.8514
4.6341,1.6193,-0.5276,1.3069,-2.6397,2.67,3.9189,1.8507
4.6502,1.6143,-0.4909,1.2993,-3.5528,2.68,3.935,1.8497
4.6663,1.6098,-0.4545,1.2923,-4.4695,2.69,3.951,1.8484
4.6824,1.6056,-0.417,1.2859,-5.3902,2.7,3.967,1.8469
4.6984,1.6018,-0.3804,1.2801,-6.3152,2.71,3.983,1.8452
4.7144,1.5984,-0.3437,1.2749,-7.2429,2.72,3.9988,1.8432
4.7303,1.5953,-0.3062,1.2703,-8.1735,2.73,4.0146,1.8409
4.7463,1.5926,-0.2694,1.2663,-9.1075,2.74,4.0303,1.8384
4.7622,1.5903,-0.2322,1.2629,-10.0438,2.75,4.046,1.8356
4.7781,1.5884,-0.1952,1.2601,-10.9814,2.76,4.0616,1.8326
4.7939,1.5868,-0.1579,1.2579,-11.9206,2.77,4.0771,1.8293
4.8098,1.5856,-0.1208,1.2563,-12.8617,2.78,4.0926,1.8258
4.8256,1.5847,-0.0836,1.2552,-13.8036,2.79,4.1079,1.822
4.8415,1.5843,-0.0464,1.2548,-14.7461,2.8,4.1233,1.818
4.8573,1.5842,-0.0092,1.2549,-15.6893,2.81,4.1385,1.8137
4.8732,1.5845,0.028,1.2557,-16.6324,2.82,4.1537,1.8091
4.889,1.5851,0.0651,1.257,-17.5741,2.83,4.1688,1.8044
4.9049,1.5861,0.1022,1.2589,-18.5156,2.84,4.1839,1.7993
4.9208,1.5875,0.1394,1.2614,-19.4563,2.85,4.1988,1.794
4.9366,1.5893,0.1765,1.2645,-20.3954,2.86,4.2137,1.7885
4.9526,1.5914,0.2135,1.2682,-21.3325,2.87,4.2286,1.7827
4.9685,1.5939,0.2504,1.2725,-22.2671,2.88,4.2433,1.7767
4.9845,1.5968,0.2873,1.2774,-23.199,2.89,4.258,1.7704
5.0005,1.6,0.3239,1.2829,-24.1284,2.9,4.2726,1.7638
5.0165,1.6037,0.3609,1.2889,-25.055,2.91,4.2871,1.757
5.0326,1.6076,0.3976,1.2956,-25.9779,2.92,4.3016,1.75
5.0487,1.612,0.4341,1.3029,-26.8968,2.93,4.3159,1.7427
5.0649,1.6167,0.4703,1.3108,-27.8119,2.94,4.3302,1.7352
5.0811,1.6217,0.5073,1.3193,-28.7223,2.95,4.3444,1.7274
5.0974,1.6272,0.5425,1.3285,-29.6284,2.96,4.3586,1.7193
5.1137,1.633,0.5798,1.3382,-30.5299,2.97,4.3727,1.711
5.1301,1.6391,0.615,1.3486,-31.4259,2.98,4.3867,1.7025
5.1465,1.6456,0.6513,1.3596,-32.3167,2.99,4.4006,1.6937
5.1631,1.6525,0.6871,1.3712,-33.2016,3,4.4144,1.6846
5.1797,1.6597,0.7222,1.3835,-34.0808,3.01,4.4281,1.6753
5.1963,1.667,0.729,1.3965,-34.9542,3.02,4.4418,1.6658
5.2129,1.6572,-0.9832,1.4099,-35.8162,3.03,4.4552,1.6561
5.2293,1.6372,-1.9989,1.4237,-36.6603,3.04,4.4684,1.6463
5.2454,1.6172,-2.0003,1.4379,-37.4844,3.05,4.4812,1.6365
5.2614,1.5972,-2.0004,1.4525,-38.2879,3.06,4.4937,1.6266
5.2772,1.5772,-1.999,1.4674,-39.0716,3.07,4.506,1.6166
5.2928,1.5572,-2.0006,1.4825,-39.8359,3.08,4.5179,1.6067
5.3081,1.5372,-2.0007,1.498,-40.5803,3.09,4.5296,1.5967
5.3233,1.5172,-1.9977,1.5137,-41.3062,3.1,4.541,1.5866
5.3383,1.4972,-2.0025,1.5297,-42.0133,3.11,4.5521,1.5766
5.3531,1.4772,-1.9979,1.5458,-42.7019,3.12,4.563,1.5666
5.3676,1.4576,-1.9591,1.0518,-43.194,3.13,4.5736,1.5566
5.3821,1.4453,-1.2322,1.0372,-43.7993,3.14,4.584,1.5466
5.3964,1.4354,-0.9851,1.0235,-44.9067,3.15,4.5942,1.5365
5.4107,1.4261,-0.9328,1.0105,-46.0268,3.16,4.6041,1.5262
5.4249,1.4173,-0.8806,0.9984,-47.161,3.17,4.6138,1.5158
5.439,1.409,-0.8304,0.9871,-48.3079,3.18,4.6231,1.5053
5.453,1.4012,-0.7782,0.9765,-49.4661,3.19,4.6322,1.4947
5.4669,1.3939,-0.7268,0.9667,-50.6358,3.2,4.6411,1.4839
5.4808,1.3872,-0.6755,0.9577,-51.8165,3.21,4.6496,1.473
5.4946,1.381,-0.6242,0.9495,-53.0074,3.22,4.6579,1.462
5.5083,1.3752,-0.573,0.9419,-54.208,3.23,4.666,1.4508
5.522,1.37,-0.5216,0.9351,-55.4184,3.24,4.6738,1.4395
5.5357,1.3653,-0.471,0.929,-56.6378,3.25,4.6813,1.4281
5.5493,1.3611,-0.4206,0.9237,-57.8636,3.26,4.6885,1.4166
5.5629,1.3574,-0.3695,0.919,-59.0959,3.27,4.6955,1.4049
5.5764,1.3542,-0.3194,0.915,-60.3348,3.28,4.7022,1.3932
5.5899,1.3515,-0.2691,0.9117,-61.5794,3.29,4.7086,1.3813
5.6034,1.3493,-0.2194,0.9091,-62.8289,3.3,4.7148,1.3693
5.6169,1.3476,-0.1699,0.9071,-64.0813,3.31,4.7207,1.3572
5.6304,1.3464,-0.1206,0.9058,-65.3359,3.32,4.7263,1.3449
5.6438,1.3457,-0.0718,0.9052,-66.5918,3.33,4.7316,1.3326
5.6573,1.3455,-0.0233,0.9052,-67.8488,3.34,4.7367,1.3201
5.6707,1.3457,0.0247,0.9059,-69.1062,3.35,4.7415,1.3076
5.6842,1.3464,0.0723,0.9071,-70.363,3.36,4.746,1.2949
5.6977,1.3476,0.1194,0.9091,-71.6184,3.37,4.7503,1.2821
5.7112,1.3493,0.166,0.9116,-72.8705,3.38,4.7543,1.2692
5.7247,1.3514,0.212,0.9148,-74.1186,3.39,4.758,1.2562
5.7382,1.354,0.2571,0.9186,-75.3627,3.4,4.7614,1.2431
5.7518,1.357,0.3018,0.923,-76.603,3.41,4.7645,1.2299
5.7654,1.3605,0.3463,0.928,-77.8369,3.42,4.7674,1.2166
5.779,1.3643,0.389,0.9336,-79.0637,3.43,4.77,1.2032
5.7927,1.3687,0.4314,0.9398,-80.2845,3.44,4.7723,1.1897
5.8065,1.3734,0.4733,0.9465,-81.4977,3.45,4.7743,1.1761
5.8202,1.3785,0.5139,0.9539,-82.7019,3.46,4.7761,1.1625
5.8341,1.3841,0.5532,0.9618,-83.8974,3.47,4.7775,1.1487
5.848,1.39,0.5919,0.9703,-85.0845,3.48,4.7787,1.1348
5.862,1.3963,0.63,0.9794,-86.262,3.49,4.7796,1.1209
5.876,1.4029,0.6665,0.989,-87.4285,3.5,4.7803,1.1069
5.8901,1.41,0.7013,0.9991,-88.5845,3.51,4.7806,1.0928
5.9042,1.4173,0.7359,1.0098,-89.7297,3.52,4.7807,1.0786
5.9185,1.425,0.7676,1.0209,-90.8645,3.53,4.7805,1.0644
5.9328,1.433,0.8006,1.0326,-91.988,3.54,4.78,1.0501
5.9472,1.4413,0.8295,1.0448,-93.0992,3.55,4.7792,1.0357
5.9617,1.4499,0.858,1.0574,-94.1994,3.56,4.7781,1.0212
5.9763,1.4587,0.8849,1.0705,-95.2885,3.57,4.7768,1.0067
5.991,1.4678,0.9108,1.0841,-96.3656,3.58,4.7752,0.9921
6.0058,1.4772,0.9338,1.098,-97.4308,3.59,4.7733,0.9774
6.0206,1.4867,0.9557,1.1124,-98.4847,3.6,4.7711,0.9627
6.0356,1.4965,0.9764,1.1271,-99.5266,3.61,4.7686,0.948
6.0507,1.5064,0.9939,1.1422,-100.5566,3.62,4.7658,0.9332
6.0658,1.5165,1.0101,1.1577,-101.5754,3.63,4.7628,0.9183
6.0811,1.5268,1.025,1.1734,-102.5826,3.64,4.7595,0.9034
6.0965,1.5371,1.0365,1.1894,-103.5781,3.65,4.7558,0.8885
6.1119,1.5476,1.0465,1.2057,-104.5629,3.66,4.752,0.8735
6.1275,1.5582,1.0544,1.2222,-105.5371,3.67,4.7478,0.8585
6.1432,1.5688,1.0607,1.2388,-106.5004,3.68,4.7433,0.8434
6.159,1.5794,1.0633,1.2557,-107.4528,3.69,4.7386,0.8284
6.1749,1.59,1.0643,1.2726,-108.3954,3.7,4.7336,0.8133
6.1909,1.6007,1.0636,1.2896,-109.3277,3.71,4.7283,0.7982
6.207,1.6113,1.0591,1.3066,-110.2501,3.72,4.7227,0.7831
6.2232,1.6218,1.0535,1.3236,-111.1628,3.73,4.7168,0.7679
6.2396,1.6322,1.0441,1.3406,-112.0663,3.74,4.7107,0.7528
6.256,1.6426,1.0328,1.3574,-112.9613,3.75,4.7043,0.7377
6.2725,1.6528,1.0197,1.3742,-113.8477,3.76,4.6976,0.7226
6.2891,1.6628,1.0034,1.3907,-114.7253,3.77,4.6907,0.7075
6.3059,1.6726,0.984,1.407,-115.5949,3.78,4.6834,0.6924
6.3227,1.6823,0.9633,1.423,-116.4571,3.79,4.6759,0.6773
6.3396,1.6917,0.9389,1.4387,-117.3121,3.8,4.6682,0.6623
6.3566,1.7008,0.9137,1.454,-118.1599,3.81,4.6602,0.6473
6.3737,1.7096,0.8839,1.4688,-119.0008,3.82,4.6519,0.6323
6.3909,1.7182,0.8539,1.4832,-119.8353,3.83,4.6433,0.6174
6.4082,1.7264,0.8194,1.4971,-120.6638,3.84,4.6345,0.6026
6.4255,1.7342,0.7847,1.5103,-121.4867,3.85,4.6255,0.5878
6.4429,1.7417,0.7463,1.523,-122.304,3.86,4.6161,0.5731
6.4604,1.7487,0.7063,1.535,-123.1166,3.87,4.6066,0.5584
6.478,1.7554,0.6648,1.5463,-123.9244,3.88,4.5968,0.5439
6.4956,1.7616,0.6209,1.5568,-124.7275,3.89,4.5868,0.5294
6.5133,1.7674,0.5748,1.5666,-125.5268,3.9,4.5765,0.515
6.531,1.7726,0.5278,1.5755,-126.3226,3.91,4.566,0.5007
6.5488,1.7774,0.479,1.5836,-127.1151,3.92,4.5553,0.4866
6.5666,1.7817,0.4287,1.5908,-127.9047,3.93,4.5443,0.4725
6.5844,1.7855,0.3773,1.597,-128.6918,3.94,4.5332,0.4586
6.6023,1.7887,0.3249,1.6024,-129.4765,3.95,4.5218,0.4448
6.6202,1.7914,0.2713,1.6067,-130.2592,3.96,4.5102,0.4311
6.6382,1.7936,0.2172,1.6101,-131.0404,3.97,4.4984,0.4176
6.6561,1.7952,0.1623,1.6126,-131.8205,3.98,4.4865,0.4042
6.6741,1.7963,0.1073,1.614,-132.6001,3.99,4.4743,0.3909
6.692,1.7968,0.0519,1.6144,-133.3787,4,4.462,0.3779
6.71,1.7968,-0.0035,1.6139,-134.1572,4.01,4.4494,0.365
6.728,1.7962,-0.0589,1.6123,-134.9361,4.02,4.4368,0.3523
6.7459,1.7951,-0.1138,1.6098,-135.7154,4.03,4.4239,0.3398
6.7639,1.7934,-0.1684,1.6063,-136.4955,4.04,4.4109,0.3274
6.7818,1.7912,-0.2221,1.6018,-137.277,4.05,4.3977,0.3153
6.7997,1.7884,-0.2752,1.5964,-138.0603,4.06,4.3844,0.3033
6.8175,1.7851,-0.3274,1.5901,-138.8449,4.07,4.371,0.2916
6.8353,1.7814,-0.3778,1.583,-139.6318,4.08,4.3574,0.28
6.8531,1.7771,-0.4276,1.5749,-140.4219,4.09,4.3437,0.2687
6.8708,1.7723,-0.476,1.5661,-141.2146,4.1,4.3299,0.2576
6.8885,1.7671,-0.5223,1.5564,-142.0105,4.11,4.316,0.2467
6.9061,1.7614,-0.5675,1.5461,-142.8099,4.12,4.302,0.2361
6.9237,1.7553,-0.6102,1.535,-143.6134,4.13,4.2878,0.2257
6.9412,1.7488,-0.6517,1.5232,-144.4213,4.14,4.2736,0.2155
6.9586,1.7419,-0.6908,1.5109,-145.2336,4.15,4.2593,0.2055
6.9759,1.7346,-0.7278,1.4979,-146.0506,4.16,4.2449,0.1959
6.9932,1.727,-0.7626,1.4845,-146.8729,4.17,4.2304,0.1864
7.0104,1.719,-0.7952,1.4706,-147.7007,4.18,4.2159,0.1772
7.0275,1.7108,-0.8255,1.4562,-148.5346,4.19,4.2013,0.1683
7.0445,1.7022,-0.8535,1.4414,-149.3748,4.2,4.1867,0.1596
7.0614,1.6935,-0.8796,1.4263,-150.2213,4.21,4.172,0.1512
7.0783,1.6844,-0.9022,1.4109,-151.0744,4.22,4.1572,0.1431
7.095,1.6752,-0.9229,1.3953,-151.935,4.23,4.1424,0.1352
7.1117,1.6658,-0.9418,1.3795,-152.803,4.24,4.1276,0.1276
7.1283,1.6562,-0.9577,1.3635,-153.678,4.25,4.1128,0.1202
7.1447,1.6465,-0.9705,1.3474,-154.561,4.26,4.0979,0.1132
7.1611,1.6367,-0.9821,1.3313,-155.4523,4.27,4.083,0.1064
7.1773,1.6268,-0.9907,1.3151,-156.3516,4.28,4.0681,0.0998
7.1935,1.6168,-0.9963,1.299,-157.2597,4.29,4.0532,0.0936
7.2096,1.6068,-1.0008,1.2829,-158.1769,4.3,4.0383,0.0876
7.2256,1.5968,-1.0017,1.2669,-159.1036,4.31,4.0234,0.0819
7.2414,1.5868,-1.0023,1.251,-160.0392,4.32,4.0085,0.0765
7.2572,1.5768,-0.998,1.2353,-160.9841,4.33,3.9936,0.0714
7.2729,1.5668,-0.9936,1.2198,-161.939,4.34,3.9787,0.0665
7.2884,1.557,-0.9863,1.2045,-162.9034,4.35,3.9638,0.0619
7.3039,1.5472,-0.9763,1.1895,-163.8782,4.36,3.9489,0.0576
7.3193,1.5376,-0.9656,1.1747,-164.8635,4.37,3.9341,0.0536
7.3346,1.528,-0.9523,1.1603,-165.8588,4.38,3.9193,0.0499
7.3498,1.5187,-0.9371,1.1462,-166.864,4.39,3.9045,0.0464
7.3648,1.5095,-0.92,1.1324,-167.8793,4.4,3.8897,0.0433
7.3798,1.5005,-0.9006,1.1191,-168.9054,4.41,3.875,0.0404
7.3948,1.4917,-0.8806,1.1061,-169.9422,4.42,3.8603,0.0378
7.4096,1.4831,-0.8584,1.0935,-170.989,4.43,3.8457,0.0355
7.4243,1.4747,-0.834,1.0814,-172.0464,4.44,3.831,0.0334
7.439,1.4666,-0.8093,1.0697,-173.1144,4.45,3.8165,0.0317
7.4536,1.4588,-0.7824,1.0585,-174.1921,4.46,3.802,0.0302
7.4682,1.4627,0.3872,1.1898,-175.4116,4.47,3.7874,0.029
7.483,1.4813,1.8612,1.1967,-176.3816,4.48,3.7726,0.0281
7.4981,1.5013,1.9992,1.2045,-177.3263,4.49,3.7576,0.0274
7.5133,1.5213,2.0011,1.2135,-178.2754,4.5,3.7424,0.0269
7.5287,1.5413,2.0008,1.2234,-179.2269,4.51,3.727,0.0267
7.5443,1.5613,1.9985,1.2345,179.8191,4.52,3.7114,0.0268
7.56,1.5751,1.3828,1.2467,178.8653,4.53,3.6956,0.0271
7.5759,1.5832,0.8054,1.2599,177.9174,4.54,3.6798,0.0276
7.5918,1.5919,0.87,1.2743,176.9779,4.55,3.6639,0.0285
7.6078,1.6012,0.9342,1.2898,176.0464,4.56,3.6479,0.0296
7.6239,1.6112,1.001,1.3065,175.1235,4.57,3.6319,0.031
7.6401,1.6219,1.0675,1.3243,174.2107,4.58,3.6158,0.0326
7.6565,1.6332,1.1337,1.3434,173.3075,4.59,3.5995,0.0345
7.6729,1.6453,1.2029,1.3637,172.4145,4.6,3.5832,0.0367
7.6895,1.658,1.2707,1.3853,171.5321,4.61,3.5668,0.0391
7.7062,1.6714,1.3407,1.4083,170.6599,4.62,3.5504,0.0418
7.7231,1.6855,1.4117,1.4327,169.7984,4.63,3.5338,0.0448
7.7401,1.7003,1.4838,1.4586,168.948,4.64,3.5171,0.0481
7.7572,1.7159,1.5572,1.4859,168.109,4.65,3.5003,0.0516
7.7746,1.7322,1.6304,1.5149,167.2811,4.66,3.4834,0.0554
7.792,1.7493,1.7096,1.5454,166.4654,4.67,3.4664,0.0595
7.8097,1.7671,1.784,1.5776,165.6623,4.68,3.4493,0.0639
7.8276,1.7858,1.8633,1.6117,164.8704,4.69,3.432,0.0685
7.8456,1.8052,1.9455,1.6475,164.0909,4.7,3.4147,0.0735
7.8639,1.8252,1.9936,1.6853,163.3234,4.71,3.3972,0.0787
7.8823,1.8452,2.0031,1.725,162.5687,4.72,3.3796,0.0843
7.901,1.8652,1.9975,1.7669,161.8272,4.73,3.3618,0.0901
7.9198,1.8852,2.0009,1.8109,161.0984,4.74,3.344,0.0962
7.9389,1.9052,2.0007,1.8572,160.3837,4.75,3.3261,0.1026
7.9581,1.9252,1.9988,1.9058,159.6827,4.76,3.308,0.1093
7.9776,1.9452,2.0004,1.9568,158.9953,4.77,3.2898,0.1162
7.9972,1.9652,2.0003,2.0104,158.3224,4.78,3.2716,0.1235
8.0171,1.9852,2.0002,2.0666,157.6639,4.79,3.2532,0.131
8.0371,2.0052,2.0001,2.1256,157.0199,4.8,3.2348,0.1389
8.0574,2.0252,2,2.1875,156.3904,4.81,3.2162,0.147
8.0778,2.0452,1.9999,2.2524,155.7753,4.82,3.1976,0.1554
8.0985,2.0652,1.9998,2.3206,155.1746,4.83,3.1788,0.164
8.1194,2.0852,1.9997,2.3921,154.5882,4.84,3.16,0.173
8.1404,2.1052,2.0013,2.467,154.0167,4.85,3.1411,0.1822
8.1617,2.1252,1.9979,2.5459,153.4594,4.86,3.122,0.1917
8.1831,2.1452,2.0012,2.6286,152.9163,4.87,3.1029,0.2015
8.2048,2.1652,2.0012,2.7153,152.388,4.88,3.0838,0.2115
8.2266,2.1852,1.9978,2.8067,151.8738,4.89,3.0645,0.2218
8.2487,2.2052,2.0011,2.9027,151.3733,4.9,3.0451,0.2324
8.2709,2.2252,2.0011,3.0036,150.8874,4.91,3.0257,0.2432
8.2934,2.2452,1.9978,3.11,150.4151,4.92,3.0062,0.2543
8.316,2.2652,2.0011,3.222,149.9563,4.93,2.9866,0.2656
8.3389,2.2852,2.001,3.3401,149.5117,4.94,2.9669,0.2772
8.3619,2.3052,1.9978,3.4651,149.0802,4.95,2.9471,0.2891
8.3852,2.3252,2.0011,3.597,148.6619,4.96,2.9272,0.3012
8.4086,2.3452,2.0011,3.7366,148.2573,4.97,2.9073,0.3135
8.4323,2.3652,1.9979,3.8848,147.8656,4.98,2.8873,0.3261
8.4561,2.3852,2.0012,4.0419,147.4867,4.99,2.8671,0.3389
8.4802,2.4052,1.9996,4.2093,147.1207,5,2.8469,0.352
8.5045,2.4252,1.9997,4.3877,146.7674,5.01,2.8267,0.3653
8.5289,2.4452,2.0013,4.5779,146.4268,5.02,2.8063,0.3788
8.5536,2.4652,1.9982,4.782,146.0986,5.03,2.7858,0.3925
8.5784,2.4852,2.0014,5.0009,145.7827,5.04,2.7653,0.4065
8.6034,2.5052,1.9999,5.2363,145.4793,5.05,2.7447,0.4207
8.6287,2.5252,1.9985,5.4911,145.1877,5.06,2.7239,0.4351
8.6541,2.5452,2.0016,5.7669,144.9083,5.07,2.7031,0.4497
8.6798,2.5652,1.9986,6.0671,144.6409,5.08,2.6822,0.4646
8.7057,2.5852,2.0003,6.3954,144.3853,5.09,2.6611,0.4796
8.7317,2.6052,2.0003,6.7554,144.1417,5.1,2.64,0.4949
8.7579,2.6252,2.0004,7.1526,143.9099,5.11,2.6188,0.5104
8.7844,2.6452,1.9991,7.5947,143.6899,5.12,2.5975,0.526
8.811,2.6652,2.0007,8.0876,143.4816,5.13,2.5761,0.5419
8.8379,2.6852,1.9993,8.644,143.285,5.14,2.5546,0.5579
8.8649,2.7052,2.0009,9.2746,143.1001,5.15,2.5329,0.5742
8.8922,2.7252,1.9981,10.0016,142.927,5.16,2.5112,0.5906
8.9197,2.7452,2.0011,10.8424,142.7655,5.17,2.4893,0.6072
8.9473,2.7652,1.9998,11.8333,142.6159,5.18,2.4674,0.624
8.9752,2.7852,2,13.019,142.4781,5.19,2.4453,0.641
9.0032,2.8052,2.0001,14.461,142.3523,5.2,2.4231,0.6581
9.0315,2.8252,2.0003,16.2619,142.2385,5.21,2.4007,0.6754
9.0599,2.8452,1.999,18.5724,142.1368,5.22,2.3783,0.6929
9.0886,2.8652,2.0006,21.6536,142.0473,5.23,2.3557,0.7105
9.1174,2.8852,1.9994,26.0046,141.9703,5.24,2.333,0.7283
9.1465,2.9052,1.9996,32.5805,141.9058,5.25,2.3101,0.7462
9.1757,2.9252,2.0011,43.6534,141.854,5.26,2.2871,0.7642
9.205,2.9282,0.3048,66.2695,141.8154,5.27,2.264,0.7824
9.2341,2.9083,-1.989,138.4139,141.79,5.28,2.2412,0.8003
9.263,2.8883,-1.9991,Infinity,141.7779,5.29,2.2185,0.8182
9.2917,2.8683,-2.0007,118.7324,141.7788,5.3,2.196,0.836
9.3201,2.8483,-1.9995,62.2626,141.7925,5.31,2.1736,0.8536
9.3484,2.8283,-1.9997,42.0412,141.8188,5.32,2.1514,0.8711
9.3765,2.8083,-2.0012,31.7644,141.8574,5.33,2.1293,0.8884
9.4044,2.7883,-2,25.5432,141.9083,5.34,2.1073,0.9056
9.4321,2.7683,-1.9987,21.3381,141.9714,5.35,2.0855,0.9227
9.4596,2.7483,-2.0017,18.3248,142.0465,5.36,2.0639,0.9396
9.4868,2.7283,-1.999,16.0453,142.1335,5.37,2.0423,0.9563
9.5139,2.7083,-2.0006,14.2638,142.2323,5.38,2.0209,0.9729
9.5408,2.6883,-1.9993,12.8256,142.343,5.39,1.9996,0.9893
9.5675,2.6683,-2.0009,11.644,142.4654,5.4,1.9785,1.0056
9.594,2.6483,-1.9995,10.6507,142.5996,5.41,1.9574,1.0217
9.6203,2.6283,-2.0011,9.8075,142.7455,5.42,1.9365,1.0376
9.6463,2.6083,-1.9998,9.0789,142.9031,5.43,1.9157,1.0533
9.6722,2.5883,-1.9984,8.4422,143.0726,5.44,1.895,1.0689
9.6979,2.5683,-2.0015,7.8826,143.2539,5.45,1.8744,1.0842
9.7234,2.5483,-2.0001,7.3851,143.447,5.46,1.854,1.0994
9.7487,2.5283,-2.0002,6.94,143.6519,5.47,1.8336,1.1144
9.7738,2.5083,-1.9988,6.5388,143.869,5.48,1.8133,1.1292
9.7986,2.4883,-2.0019,6.1757,144.0982,5.49,1.7932,1.1438
9.8233,2.4683,-1.9989,5.8448,144.3394,5.5,1.7731,1.1582
9.8478,2.4483,-2.0006,5.5421,144.593,5.51,1.7532,1.1723
9.8721,2.4283,-1.9991,5.2638,144.8592,5.52,1.7333,1.1863
9.8962,2.4083,-2.0007,5.0075,145.1379,5.53,1.7136,1.2001
9.9201,2.3883,-1.9992,4.7699,145.4294,5.54,1.6939,1.2136
9.9437,2.3683,-2.0009,4.5494,145.7338,5.55,1.6743,1.227
9.9672,2.3483,-1.9994,4.3442,146.0512,5.56,1.6548,1.2401
9.9905,2.3283,-2.001,4.1529,146.3818,5.57,1.6354,1.253
10.0136,2.3083,-1.9995,3.9738,146.7257,5.58,1.6162,1.2656
10.0365,2.2883,-1.9995,3.8058,147.0835,5.59,1.5969,1.2781
10.0591,2.2683,-2.0012,3.6483,147.4549,5.6,1.5778,1.2903
10.0817,2.2483,-1.998,3.4997,147.8406,5.61,1.5588,1.3023
10.1039,2.2283,-2.0012,3.3599,148.2407,5.62,1.5398,1.314
10.126,2.2083,-2.0013,3.2282,148.6547,5.63,1.521,1.3255
10.1479,2.1883,-1.9981,3.1035,149.0836,5.64,1.5022,1.3367
10.1696,2.1683,-2.0013,2.9858,149.5276,5.65,1.4835,1.3477
10.1911,2.1483,-1.9981,2.874,149.9868,5.66,1.4649,1.3585
10.2124,2.1283,-2.0013,2.7683,150.4617,5.67,1.4464,1.369
10.2334,2.1083,-2.0013,2.6681,150.9515,5.68,1.428,1.3792
10.2543,2.0883,-1.998,2.5729,151.4573,5.69,1.4096,1.3892
10.275,2.0683,-2.0013,2.4826,151.9794,5.7,1.3914,1.3989
10.2955,2.0483,-1.9979,2.3966,152.5179,5.71,1.3732,1.4083
10.3158,2.0283,-2.0012,2.315,153.0732,5.72,1.3551,1.4175
10.3358,2.0083,-2.0012,2.2375,153.6446,5.73,1.3371,1.4264
10.3557,1.9883,-1.9978,2.1637,154.2331,5.74,1.3192,1.4351
10.3754,1.9683,-2.0011,2.0935,154.839,5.75,1.3014,1.4435
10.3949,1.9483,-2.001,2.0268,155.4615,5.76,1.2837,1.4515
10.4142,1.9283,-1.9975,1.9632,156.1018,5.77,1.266,1.4594
10.4333,1.9083,-2.0025,1.9029,156.7595,5.78,1.2485,1.4669
10.4521,1.8883,-1.999,1.8455,157.4343,5.79,1.2311,1.4741
10.4708,1.8683,-1.9988,1.7908,158.1273,5.8,1.2137,1.4811
10.4893,1.8483,-2.0004,1.7389,158.8382,5.81,1.1965,1.4878
10.5076,1.8283,-2.0003,1.6896,159.5663,5.82,1.1793,1.4941
10.5257,1.8083,-2.0001,1.6428,160.3118,5.83,1.1623,1.5002
10.5436,1.7883,-1.9999,1.5983,161.0745,5.84,1.1454,1.506
10.5612,1.7683,-1.9998,1.5561,161.8545,5.85,1.1286,1.5115
10.5787,1.7483,-1.9995,1.5161,162.6516,5.86,1.1119,1.5168
10.596,1.7283,-2.0011,1.4783,163.4652,5.87,1.0953,1.5217
10.6131,1.7083,-1.9991,1.4424,164.2948,5.88,1.0789,1.5263
10.63,1.6884,-1.9995,1.4086,165.1405,5.89,1.0626,1.5306
10.6467,1.6688,-1.958,1.3766,166.0018,5.9,1.0464,1.5347
10.6632,1.65,-1.8751,1.3464,166.8784,5.91,1.0303,1.5384
10.6795,1.6321,-1.7877,1.3179,167.7701,5.92,1.0144,1.5419
10.6956,1.6151,-1.7037,1.291,168.6773,5.93,0.9985,1.545
10.7116,1.5989,-1.6213,1.2657,169.5995,5.94,0.9828,1.5479
10.7275,1.5835,-1.5418,1.242,170.5356,5.95,0.9672,1.5505
10.7432,1.5689,-1.4593,1.2197,171.4859,5.96,0.9517,1.5529
10.7587,1.555,-1.3823,1.1988,172.4509,5.97,0.9362,1.5549
10.7741,1.542,-1.3051,1.1793,173.429,5.98,0.9209,1.5567
10.7894,1.5297,-1.2277,1.161,174.4206,5.99,0.9057,1.5581
10.8046,1.5182,-1.1525,1.1441,175.4262,6,0.8906,1.5594
10.8197,1.5074,-1.0803,1.1284,176.4431,6.01,0.8755,1.5603
10.8346,1.4974,-1.0038,1.1139,177.4717,6.02,0.8606,1.561
10.8495,1.488,-0.932,1.1005,178.5131,6.03,0.8457,1.5613
10.8643,1.4794,-0.8608,1.0884,179.5648,6.04,0.8309,1.5615
10.879,1.4715,-0.7886,1.0773,-179.3742,6.05,0.8162,1.5613
10.8937,1.4644,-0.7178,1.0673,-178.3036,6.06,0.8016,1.5609
10.9083,1.4579,-0.6469,1.0583,-177.2232,6.07,0.787,1.5602
10.9228,1.4521,-0.5784,1.0505,-176.135,6.08,0.7725,1.5592
10.9373,1.447,-0.5079,1.0436,-175.0398,6.09,0.7581,1.5579
10.9517,1.4426,-0.44,1.0378,-173.9387,6.1,0.7437,1.5564
10.9661,1.4389,-0.3707,1.0329,-172.8326,6.11,0.7295,1.5546
10.9804,1.4359,-0.3026,1.029,-171.7203,6.12,0.7152,1.5525
10.9947,1.4335,-0.2353,1.0262,-170.605,6.13,0.7011,1.5502
11.0092,1.4408,0.7208,4.1561,-170.3097,6.14,0.6869,1.5478
11.0238,1.4609,2.017,4.0688,-170.1291,6.15,0.6725,1.5453
11.0386,1.4809,2.0002,3.9818,-169.906,6.16,0.6579,1.5427
11.0536,1.5009,1.9987,3.8949,-169.6745,6.17,0.6432,1.54
11.0688,1.5209,2.0008,3.8082,-169.4341,6.18,0.6282,1.5372
11.0842,1.5409,2.0011,3.722,-169.1847,6.19,0.6131,1.5343
11.0998,1.5609,1.998,3.6359,-168.9257,6.2,0.5978,1.5313
11.1156,1.5809,2,3.55,-168.6562,6.21,0.5823,1.5282
11.1316,1.6009,2.002,3.4646,-168.3765,6.22,0.5666,1.525
11.1479,1.6209,1.9975,3.3796,-168.0855,6.23,0.5507,1.5216
11.1643,1.6409,2.0011,3.295,-167.7826,6.24,0.5347,1.5181
11.1809,1.6609,2.0014,3.2111,-167.4678,6.25,0.5185,1.5145
11.1977,1.6809,1.9987,3.1275,-167.1399,6.26,0.5021,1.5108
11.2147,1.7009,1.9991,3.0445,-166.798,6.27,0.4855,1.5069
11.2319,1.7209,2.001,2.9622,-166.4417,6.28,0.4688,1.5029
11.2493,1.7409,1.9999,2.8805,-166.0702,6.29,0.4519,1.4987
11.2669,1.7609,2.0003,2.7996,-165.6827,6.3,0.4348,1.4943
11.2847,1.7809,1.9994,2.7193,-165.2781,6.31,0.4176,1.4898
11.3027,1.8009,1.9998,2.6399,-164.8552,6.32,0.4002,1.4851
11.3209,1.8209,2.0003,2.5613,-164.4131,6.33,0.3827,1.4802
11.3393,1.8409,1.9995,2.4836,-163.9506,6.34,0.365,1.4751
11.358,1.8609,2,2.4067,-163.4664,6.35,0.3472,1.4698
11.3768,1.8809,2.0005,2.331,-162.9593,6.36,0.3292,1.4643
11.3958,1.9009,1.9997,2.2562,-162.4278,6.37,0.3111,1.4586
11.415,1.9209,2.0002,2.1826,-161.8703,6.38,0.2928,1.4526
11.4342,1.924,0.3088,2.1106,-161.2874,6.39,0.2746,1.4464
11.4533,1.9041,-1.9884,2.0414,-160.6843,6.4,0.2566,1.4401
11.4721,1.8841,-1.999,1.9746,-160.0641,6.41,0.2389,1.4337
11.4907,1.8641,-2.0001,1.9103,-159.4258,6.42,0.2214,1.4272
11.5092,1.8441,-2,1.8485,-158.7692,6.43,0.2043,1.4205
11.5274,1.8241,-2,1.789,-158.094,6.44,0.1873,1.4137
11.5455,1.8041,-1.9999,1.7318,-157.3996,6.45,0.1707,1.4067
11.5633,1.7841,-1.9998,1.6769,-156.6855,6.46,0.1543,1.3997
11.5809,1.7641,-2.0009,1.6243,-155.9516,6.47,0.1382,1.3925
11.5984,1.7441,-1.9983,1.5737,-155.197,6.48,0.1223,1.3852
11.6156,1.7241,-2.0018,1.5253,-154.4217,6.49,0.1068,1.3777
11.6327,1.7041,-1.9992,1.479,-153.6257,6.5,0.0915,1.3702
11.6495,1.6841,-1.9991,1.4346,-152.8076,6.51,0.0765,1.3625
11.6662,1.6641,-2.0013,1.3922,-151.968,6.52,0.0619,1.3546
11.6826,1.6441,-1.9987,1.3517,-151.1064,6.53,0.0475,1.3467
11.6988,1.6241,-2.0008,1.3132,-150.2226,6.54,0.0334,1.3386
11.7149,1.6041,-1.9994,1.2764,-149.3168,6.55,0.0196,1.3304
11.7307,1.5841,-2.0003,1.2415,-148.3888,6.56,0.0061,1.3221
11.7464,1.5641,-2,1.2083,-147.4389,6.57,-0.0071,1.3137
11.7618,1.5441,-1.9997,1.1768,-146.4671,6.58,-0.02,1.3052
11.777,1.5243,-1.986,1.147,-145.4739,6.59,-0.0325,1.2966
11.7921,1.5051,-1.9148,1.1187,-144.4587,6.6,-0.0448,1.2878
11.807,1.4868,-1.836,1.092,-143.4215,6.61,-0.0567,1.2789
11.8217,1.4692,-1.7541,1.0669,-142.3633,6.62,-0.0684,1.27
11.8362,1.4525,-1.6739,1.0432,-141.2834,6.63,-0.0797,1.2609
11.8505,1.4365,-1.5931,1.0208,-140.1815,6.64,-0.0907,1.2517
11.8648,1.4214,-1.5147,0.9999,-139.0579,6.65,-0.1015,1.2424
11.8788,1.4071,-1.4347,0.9802,-137.9129,6.66,-0.1119,1.2329
11.8928,1.3935,-1.3569,0.9619,-136.747,6.67,-0.1221,1.2234
11.9066,1.3807,-1.2777,0.9448,-135.5606,6.68,-0.1319,1.2137
11.9203,1.3687,-1.1996,0.9289,-134.3538,6.69,-0.1415,1.2039
11.9338,1.3575,-1.1218,0.9142,-133.1271,6.7,-0.1508,1.194
11.9473,1.3471,-1.0449,0.9006,-131.8821,6.71,-0.1597,1.184
11.9607,1.3374,-0.9663,0.8882,-130.619,6.72,-0.1685,1.1739
11.974,1.3285,-0.8898,0.8769,-129.3378,6.73,-0.1769,1.1636
11.9872,1.3204,-0.8128,0.8667,-128.0405,6.74,-0.185,1.1532
12.0003,1.313,-0.7355,0.8575,-126.7274,6.75,-0.1929,1.1427
12.0134,1.3064,-0.6593,0.8494,-125.3996,6.76,-0.2004,1.132
12.0264,1.3006,-0.5827,0.8423,-124.0594,6.77,-0.2077,1.1212
12.0393,1.2955,-0.5063,0.8362,-122.7083,6.78,-0.2147,1.1103
12.0522,1.2912,-0.4297,0.8312,-121.3467,6.79,-0.2214,1.0993
12.0651,1.2877,-0.3538,0.8271,-119.9763,6.8,-0.2279,1.0881
12.078,1.2849,-0.2777,0.824,-118.5995,6.81,-0.234,1.0769
12.0908,1.2829,-0.2016,0.8219,-117.2172,6.82,-0.2399,1.0655
12.1036,1.2816,-0.1257,0.8208,-115.83,6.83,-0.2455,1.0539
12.1164,1.2811,-0.0499,0.8207,-114.4416,6.84,-0.2508,1.0423
12.1292,1.2814,0.026,0.8215,-113.0536,6.85,-0.2558,1.0305
12.1421,1.2824,0.1017,0.8233,-111.666,6.86,-0.2605,1.0186
12.1549,1.2842,0.1775,0.826,-110.2814,6.87,-0.265,1.0065
12.1678,1.2867,0.2533,0.8298,-108.9024,6.88,-0.2691,0.9943
12.1807,1.29,0.3287,0.8345,-107.5297,6.89,-0.273,0.982
12.1936,1.2941,0.4046,0.8402,-106.165,6.9,-0.2766,0.9696
12.2066,1.2989,0.4799,0.8469,-104.8098,6.91,-0.28,0.957
12.2196,1.3044,0.5559,0.8547,-103.4656,6.92,-0.283,0.9444
12.2327,1.3107,0.6315,0.8635,-102.1347,6.93,-0.2857,0.9316
12.2459,1.3178,0.7067,0.8733,-100.8176,6.94,-0.2882,0.9186
12.2592,1.3256,0.7823,0.8841,-99.5145,6.95,-0.2904,0.9055
12.2725,1.3342,0.8586,0.8961,-98.2276,6.96,-0.2923,0.8923
12.286,1.3435,0.9337,0.9092,-96.9578,6.97,-0.2939,0.879
12.2995,1.3536,1.0094,0.9233,-95.7053,6.98,-0.2953,0.8655
12.3131,1.3645,1.086,0.9387,-94.4719,6.99,-0.2964,0.8519
12.3269,1.3761,1.1611,0.9552,-93.2582,7,-0.2971,0.8382
12.3408,1.3885,1.2371,0.9729,-92.0642,7.01,-0.2976,0.8243
12.3548,1.4016,1.3122,0.9918,-90.8896,7.02,-0.2979,0.8103
12.369,1.4155,1.3903,1.012,-89.7357,7.03,-0.2978,0.7961
12.3833,1.4302,1.4656,1.0335,-88.6038,7.04,-0.2974,0.7818
12.3977,1.4456,1.541,1.0564,-87.4927,7.05,-0.2968,0.7674
12.4123,1.4618,1.6186,1.0806,-86.4026,7.06,-0.2959,0.7528
12.4271,1.4787,1.6953,1.1062,-85.3345,7.07,-0.2947,0.7381
12.4421,1.4964,1.7709,1.1333,-84.2878,7.08,-0.2932,0.7232
12.4572,1.5149,1.8492,1.1618,-83.2626,7.09,-0.2914,0.7082
12.4726,1.5342,1.9238,1.192,-82.2582,7.1,-0.2894,0.6929
12.4881,1.554,1.9895,1.2237,-81.2747,7.11,-0.287,0.6776
12.5039,1.574,2.0009,1.2571,-80.3133,7.12,-0.2843,0.6621
12.5198,1.594,1.9992,1.2921,-79.3732,7.13,-0.2814,0.6464
12.5359,1.614,2.0003,1.3288,-78.4542,7.14,-0.2782,0.6306
12.5523,1.634,2,1.3672,-77.5568,7.15,-0.2747,0.6146
12.5687,1.6395,0.551,1.4071,-76.6843,7.16,-0.2709,0.5987
12.5849,1.62,-1.9568,1.4477,-75.8466,7.17,-0.2669,0.583
12.6009,1.6,-1.9989,1.489,-75.0482,7.18,-0.2628,0.5675
12.6167,1.58,-2.0012,1.531,-74.2869,7.19,-0.2585,0.5523
12.6323,1.56,-1.9989,1.5735,-73.5606,7.2,-0.2541,0.5373
12.6477,1.54,-1.9996,1.6166,-72.8669,7.21,-0.2496,0.5226
12.6629,1.52,-2.0021,1.6602,-72.205,7.22,-0.2449,0.5082
12.6779,1.5,-1.9996,1.7041,-71.5729,7.23,-0.2402,0.4939
12.6927,1.48,-1.9986,1.7485,-70.9681,7.24,-0.2353,0.4799
12.7073,1.46,-2.001,1.7932,-70.3894,7.25,-0.2304,0.4662
12.7217,1.44,-2,1.8382,-69.8358,7.26,-0.2255,0.4527
12.7359,1.42,-2.0007,1.8835,-69.3059,7.27,-0.2205,0.4394
12.7499,1.4,-1.9995,1.9289,-68.7983,7.28,-0.2154,0.4263
12.7637,1.38,-2.0002,1.9745,-68.3116,7.29,-0.2103,0.4135
12.7773,1.36,-1.9989,2.0203,-67.8448,7.3,-0.2052,0.4009
12.7907,1.34,-2.0015,2.066,-67.3969,7.31,-0.2,0.3885
12.8039,1.32,-2.0002,2.1118,-66.9675,7.32,-0.1949,0.3764
12.8169,1.3,-1.9987,2.1577,-66.5549,7.33,-0.1897,0.3645
12.8297,1.28,-2.0014,2.2035,-66.1585,7.34,-0.1845,0.3528
12.8423,1.26,-1.9999,2.2492,-65.7779,7.35,-0.1793,0.3413
12.8547,1.24,-2.0005,2.2948,-65.412,7.36,-0.1742,0.33
12.8669,1.22,-1.9987,2.3403,-65.06,7.37,-0.169,0.3189
12.8789,1.2,-2.0016,2.3856,-64.7215,7.38,-0.1639,0.3081
12.8907,1.18,-1.9998,2.4306,-64.3959,7.39,-0.1588,0.2974
12.9023,1.16,-1.9978,2.4756,-64.0822,7.4,-0.1537,0.287
12.9137,1.14,-2.0034,2.5201,-63.7803,7.41,-0.1487,0.2768
12.9249,1.12,-1.9988,2.5644,-63.4899,7.42,-0.1437,0.2668
12.9359,1.1,-1.9992,2.6084,-63.21,7.43,-0.1388,0.2569
12.9467,1.0799,-1.9997,2.6521,-62.9401,7.44,-0.1338,0.2473
12.9573,1.06,-2.0031,2.6953,-62.6804,7.45,-0.129,0.2379
12.9677,1.04,-1.9978,2.7381,-62.4302,7.46,-0.1242,0.2287
12.9779,1.0199,-1.9982,2.7806,-62.1886,7.47,-0.1194,0.2196
12.9879,0.9999,-2.0048,2.8225,-61.9561,7.48,-0.1147,0.2108
12.9977,0.98,-1.9959,2.8641,-61.732,7.49,-0.1101,0.2022
13.0073,0.9599,-2.0027,2.905,-61.5159,7.5,-0.1055,0.1938
13.0167,0.9399,-1.9966,2.9456,-61.3074,7.51,-0.101,0.1855
13.0259,0.9199,-2.0038,2.9854,-61.1064,7.52,-0.0965,0.1775
13.0349,0.8999,-2.0009,3.0247,-60.9131,7.53,-0.0922,0.1696
13.0437,0.88,-1.9977,3.0634,-60.7267,7.54,-0.0879,0.1619
13.0523,0.8599,-1.9979,3.1017,-60.5466,7.55,-0.0836,0.1544
13.0607,0.8399,-2.0021,3.1392,-60.373,7.56,-0.0795,0.1471
13.0689,0.8199,-2.0028,3.176,-60.2061,7.57,-0.0754,0.14
13.0769,0.7999,-1.9951,3.2123,-60.0451,7.58,-0.0714,0.1331
13.0847,0.7799,-2.0036,3.2478,-59.89,7.59,-0.0675,0.1263
13.0923,0.7599,-1.9999,3.2826,-59.7408,7.6,-0.0637,0.1198
13.0997,0.7399,-2.0003,3.3166,-59.5972,7.61,-0.0599,0.1134
13.1069,0.7199,-1.996,3.3501,-59.4588,7.62,-0.0562,0.1072
13.1139,0.6999,-2.0058,3.3826,-59.3257,7.63,-0.0527,0.1012
13.1207,0.6799,-1.9966,3.4145,-59.1979,7.64,-0.0492,0.0953
13.1273,0.6599,-2.0019,3.4455,-59.0749,7.65,-0.0458,0.0897
13.1337,0.6399,-1.9971,3.4758,-58.9568,7.66,-0.0425,0.0842
13.1399,0.6199,-2.0027,3.5052,-58.8433,7.67,-0.0393,0.0789
13.1459,0.5999,-1.9976,3.5339,-58.7345,7.6801,-0.0362,0.0737
13.1517,0.5799,-2.0037,3.5616,-58.6302,7.69,-0.0332,0.0688
13.1573,0.5599,-1.9983,3.5886,-58.5304,7.7,-0.0302,0.064
13.1627,0.5399,-1.9984,3.6148,-58.4348,7.7101,-0.0274,0.0594
13.1679,0.5199,-2.0054,3.6398,-58.3435,7.72,-0.0247,0.055
13.1729,0.4999,-1.9922,3.6643,-58.2562,7.7301,-0.0221,0.0507
13.1777,0.4798,-2.0064,3.6877,-58.1728,7.74,-0.0195,0.0467
13.1823,0.4599,-1.9998,3.7101,-58.0937,7.75,-0.0171,0.0428
13.1867,0.4399,-2.0002,3.7317,-58.0184,7.76,-0.0148,0.039
13.1909,0.4199,-1.992,3.7526,-57.9466,7.7701,-0.0125,0.0355
13.1949,0.3998,-2.0091,3.7723,-57.8786,7.78,-0.0104,0.0321
13.1986,0.3799,-2.0014,3.791,-57.8147,7.79,-0.0084,0.0289
13.2023,0.3599,-1.9919,3.809,-57.7541,7.8,-0.0065,0.0258
13.2057,0.3398,-2.0015,3.826,-57.6969,7.8101,-0.0046,0.023
13.2089,0.3198,-2.0021,3.8419,-57.6433,7.8201,-0.0029,0.0202
13.2119,0.2998,-2.0029,3.8569,-57.5934,7.8301,-0.0013,0.0177
13.2147,0.2798,-1.9907,3.871,-57.5467,7.8401,0.0002,0.0153
13.2172,0.2598,-2.0175,3.884,-57.5035,7.85,0.0016,0.0132
13.2196,0.2399,-1.9911,3.896,-57.4639,7.86,0.0028,0.0112
13.2219,0.2198,-1.989,3.9072,-57.4272,7.8701,0.004,0.0093
13.2239,0.1997,-2.0046,3.9174,-57.3937,7.8802,0.0051,0.0076
13.2257,0.1796,-2.0066,3.9265,-57.3637,7.8902,0.0061,0.0061
13.2272,0.1597,-2.0098,3.9344,-57.3371,7.9001,0.0069,0.0048
13.2286,0.1398,-1.9868,3.9415,-57.3136,7.9101,0.0077,0.0036
13.2299,0.1196,-1.9803,3.9476,-57.293,7.9203,0.0084,0.0025
13.2308,0.0996,-2.0482,3.9526,-57.2758,7.9301,0.0089,0.0017
13.2317,0.0794,-1.9355,3.9568,-57.2617,7.9405,0.0093,0.001
13.2322,0.0592,-2.0721,3.9598,-57.2507,7.9502,0.0096,0.0005
13.2326,0.0395,-1.9687,3.9617,-57.2431,7.9603,0.0099,0.0002
13.2329,0.0147,-1.6832,3.9627,-57.2384,7.975,0.01,0