0,0,0,14.1959,-11.017,0,0,0
0.0001,0.0082,0.75,14.1928,-11.0168,0.011,0.0001,0
0.0003,0.0157,0.7871,14.1864,-11.0163,0.0205,0.0003,-0.0001
0.0005,0.0253,1.0018,14.1741,-11.0155,0.03,0.0005,-0.0001
0.0009,0.0352,0.9638,14.1557,-11.0143,0.0403,0.0009,-0.0002
0.0013,0.0453,1.0151,14.1341,-11.0126,0.0503,0.0013,-0.0003
0.0019,0.0552,1.0077,14.104,-11.0105,0.0601,0.0018,-0.0004
0.0025,0.0651,0.9832,14.0707,-11.008,0.0702,0.0025,-0.0005
0.0033,0.0752,1.0081,14.0319,-11.0051,0.0802,0.0032,-0.0006
0.0041,0.0851,1.0055,13.9901,-11.0018,0.0901,0.004,-0.0008
0.0051,0.0951,0.989,13.9452,-10.998,0.1002,0.005,-0.001
0.0061,0.1052,1.0056,13.8926,-10.9938,0.1102,0.006,-0.0012
0.0073,0.1151,1.0043,13.8349,-10.9892,0.1201,0.0071,-0.0014
0.0085,0.1251,0.9918,13.7721,-10.9841,0.1302,0.0084,-0.0016
0.0099,0.1351,1.0043,13.7045,-10.9785,0.1401,0.0097,-0.0019
0.0113,0.1451,1.0035,13.6372,-10.9726,0.1501,0.0111,-0.0022
0.0129,0.1551,0.9935,13.5606,-10.9662,0.1601,0.0126,-0.0025
0.0145,0.1651,1.0035,13.4844,-10.9592,0.1701,0.0143,-0.0028
0.0163,0.1751,0.9947,13.4017,-10.9518,0.1802,0.016,-0.0031
0.0181,0.1851,1.0114,13.3154,-10.944,0.19,0.0178,-0.0034
0.0201,0.1951,0.9873,13.2251,-10.9356,0.2001,0.0197,-0.0038
0.0221,0.2051,1.0105,13.1317,-10.9268,0.21,0.0217,-0.0042
0.0243,0.215,0.9955,13.0371,-10.9174,0.22,0.0238,-0.0046
0.0265,0.2251,0.9961,12.9352,-10.9075,0.2301,0.026,-0.005
0.0289,0.2351,1.0029,12.8307,-10.897,0.2401,0.0284,-0.0055
0.0313,0.2451,1.0026,12.7238,-10.8861,0.2501,0.0308,-0.006
0.0339,0.2551,0.9966,12.6146,-10.8745,0.2601,0.0333,-0.0064
0.0365,0.2651,1.0025,12.5015,-10.8624,0.2701,0.0359,-0.0069
0.0393,0.2751,1.0023,12.3868,-10.8498,0.28,0.0386,-0.0074
0.0421,0.285,0.997,12.2704,-10.8366,0.29,0.0414,-0.008
0.0451,0.295,0.9973,12.149,-10.8227,0.3001,0.0443,-0.0085
0.0481,0.3051,1.0024,12.0285,-10.8081,0.3101,0.0473,-0.0091
0.0513,0.315,1.0022,11.9038,-10.793,0.32,0.0503,-0.0097
0.0545,0.325,0.9976,11.7785,-10.7773,0.33,0.0535,-0.0103
0.0579,0.335,0.9979,11.6496,-10.7608,0.3401,0.0568,-0.0109
0.0613,0.3451,1.0023,11.5192,-10.7436,0.3501,0.0602,-0.0116
0.0649,0.3551,1.0022,11.389,-10.7257,0.36,0.0637,-0.0122
0.0685,0.365,0.998,11.2576,-10.7072,0.37,0.0673,-0.0129
0.0723,0.375,0.9983,11.1238,-10.6878,0.3801,0.071,-0.0136
0.0761,0.385,1.0022,10.9908,-10.6677,0.39,0.0748,-0.0143
0.0801,0.395,0.9984,10.8535,-10.6468,0.4001,0.0787,-0.0151
0.0841,0.405,1.0022,10.7174,-10.6251,0.41,0.0826,-0.0158
0.0883,0.415,0.9986,10.5802,-10.6026,0.42,0.0867,-0.0166
0.0925,0.425,0.9987,10.4422,-10.5792,0.4301,0.0909,-0.0173
0.0969,0.4351,1.0022,10.3047,-10.5549,0.44,0.0952,-0.0181
0.1013,0.445,0.9988,10.1658,-10.5297,0.4501,0.0995,-0.019
0.1059,0.455,1.0021,10.028,-10.5036,0.46,0.104,-0.0198
0.1105,0.465,0.9989,9.8892,-10.4766,0.47,0.1086,-0.0206
0.1153,0.475,0.9991,9.7498,-10.4486,0.48,0.1132,-0.0215
0.1201,0.485,0.9992,9.611,-10.4195,0.49,0.118,-0.0224
0.1251,0.495,1.0022,9.4722,-10.3893,0.5,0.1229,-0.0233
0.1301,0.505,0.9964,9.3326,-10.3581,0.51,0.1279,-0.0242
0.1353,0.515,1.0022,9.1943,-10.3257,0.5201,0.1329,-0.0251
0.1405,0.525,1.0022,9.0567,-10.2923,0.53,0.1381,-0.026
0.1459,0.535,0.9968,8.9197,-10.2577,0.54,0.1434,-0.027
0.1513,0.545,1.0022,8.783,-10.2218,0.55,0.1487,-0.0279
0.1569,0.555,0.9996,8.6461,-10.1847,0.56,0.1542,-0.0289
0.1625,0.565,0.9972,8.5105,-10.1463,0.57,0.1598,-0.0299
0.1683,0.575,1.0023,8.3759,-10.1064,0.58,0.1654,-0.0309
0.1741,0.585,1.0022,8.2424,-10.0654,0.59,0.1712,-0.032
0.1801,0.595,0.9974,8.1089,-10.023,0.6,0.177,-0.033
0.1861,0.605,0.9999,7.9773,-9.9789,0.61,0.183,-0.034
0.1923,0.615,1,7.8463,-9.9334,0.62,0.189,-0.0351
0.1985,0.625,1,7.7154,-9.8864,0.63,0.1952,-0.0362
0.2049,0.635,1.0001,7.5864,-9.8377,0.64,0.2015,-0.0373
0.2113,0.645,1.0001,7.4589,-9.7874,0.65,0.2078,-0.0384
0.2179,0.655,1.0002,7.3322,-9.7354,0.66,0.2143,-0.0395
0.2245,0.665,1.0002,7.2068,-9.6817,0.67,0.2208,-0.0406
0.2313,0.675,1.0003,7.0822,-9.6262,0.68,0.2275,-0.0417
0.2381,0.685,1.0003,6.9596,-9.5689,0.69,0.2342,-0.0428
0.2451,0.695,0.9984,6.8376,-9.5096,0.7,0.2411,-0.044
0.2521,0.705,1.0004,6.7168,-9.4483,0.71,0.248,-0.0452
0.2593,0.715,1.0005,6.5981,-9.385,0.72,0.2551,-0.0463
0.2665,0.725,1.0005,6.4809,-9.3196,0.73,0.2622,-0.0475
0.2739,0.735,0.9987,6.3645,-9.252,0.74,0.2695,-0.0487
0.2813,0.745,1.0006,6.2496,-9.1821,0.75,0.2769,-0.0499
0.2889,0.755,1.0007,6.1363,-9.1101,0.76,0.2843,-0.0511
0.2965,0.765,0.9989,6.0243,-9.0356,0.77,0.2919,-0.0523
0.3043,0.775,1.0008,5.9139,-8.9586,0.78,0.2995,-0.0535
0.3121,0.785,0.9991,5.8048,-8.8791,0.79,0.3073,-0.0547
0.3201,0.795,1.0009,5.6972,-8.7969,0.8,0.3151,-0.0559
0.3281,0.805,0.9992,5.5912,-8.7121,0.81,0.3231,-0.0571
0.3363,0.815,1.0009,5.4867,-8.6245,0.82,0.3311,-0.0583
0.3445,0.825,0.9993,5.3838,-8.5341,0.83,0.3393,-0.0596
0.3529,0.835,0.9994,5.2821,-8.4406,0.84,0.3476,-0.0608
0.3613,0.845,1.0011,5.1821,-8.3441,0.85,0.3559,-0.062
0.3699,0.855,0.9995,5.0836,-8.2445,0.86,0.3644,-0.0632
0.3785,0.865,0.9996,4.9866,-8.1416,0.87,0.373,-0.0645
0.3873,0.875,1.0012,4.8914,-8.0354,0.88,0.3816,-0.0657
0.3961,0.885,0.9997,4.7974,-7.9259,0.89,0.3904,-0.0669
0.4051,0.895,0.9998,4.7051,-7.8128,0.9,0.3992,-0.0681
0.4141,0.905,0.9998,4.6142,-7.6959,0.91,0.4082,-0.0693
0.4233,0.915,0.9999,4.5249,-7.5753,0.92,0.4173,-0.0705
0.4325,0.925,1,4.437,-7.4507,0.93,0.4264,-0.0717
0.4419,0.935,1,4.3507,-7.3222,0.94,0.4357,-0.0729
0.4513,0.945,1.0001,4.2659,-7.1894,0.95,0.4451,-0.0741
0.4609,0.955,0.9988,4.1824,-7.0523,0.96,0.4546,-0.0753
0.4705,0.965,1.0015,4.1005,-6.9108,0.97,0.4642,-0.0765
0.4803,0.975,1.0002,4.0202,-6.765,0.98,0.4738,-0.0776
0.4901,0.985,0.999,3.9413,-6.6144,0.99,0.4836,-0.0787
0.5001,0.995,1.0004,3.8638,-6.4589,1,0.4935,-0.0799
0.5101,1,0.4991,3.7882,-6.2989,1.01,0.5035,-0.0809
0.5201,1,0,3.7147,-6.1351,1.02,0.5134,-0.082
0.5301,1,0,3.6433,-5.9676,1.03,0.5233,-0.0831
0.5401,1,0,3.5738,-5.7965,1.04,0.5333,-0.0841
0.5501,1,0,3.5066,-5.622,1.05,0.5432,-0.085
0.5601,1,0,3.4409,-5.4438,1.06,0.5532,-0.086
0.5701,1,0,3.3773,-5.2618,1.07,0.5632,-0.0869
0.5801,1,0,3.3153,-5.0762,1.08,0.5731,-0.0878
0.5901,1,0,3.2551,-4.8865,1.09,0.5831,-0.0887
0.6001,1,0,3.1966,-4.6932,1.1,0.593,-0.0895
0.6101,1,0,3.1396,-4.4959,1.11,0.603,-0.0903
0.6201,1,0,3.0843,-4.2946,1.12,0.613,-0.091
0.6301,1,0,3.0304,-4.0895,1.13,0.623,-0.0917
0.6401,1,0,2.9781,-3.8803,1.14,0.6329,-0.0924
0.6501,1,0,2.9273,-3.667,1.15,0.6429,-0.093
0.6601,1,0,2.8778,-3.4495,1.16,0.6529,-0.0936
0.6701,1,0,2.8297,-3.228,1.17,0.6629,-0.0942
0.6801,1,0,2.7829,-3.0022,1.18,0.6729,-0.0947
0.6901,1,0,2.7375,-2.7722,1.19,0.6829,-0.0952
0.7001,1,0,2.6932,-2.5377,1.2,0.6929,-0.0956
0.7101,1,0,2.6503,-2.2992,1.21,0.7028,-0.096
0.7201,1,0,2.6084,-2.0562,1.22,0.7128,-0.0964
0.7301,1,0,2.5679,-1.8087,1.23,0.7228,-0.0967
0.7401,1,0,2.5284,-1.557,1.24,0.7328,-0.097
0.7501,1,0,2.4901,-1.3008,1.25,0.7428,-0.0972
0.7601,1,0,2.4529,-1.0402,1.26,0.7528,-0.0974
0.7701,1,0,2.4167,-0.7751,1.27,0.7628,-0.0975
0.7801,1,0,2.3815,-0.5053,1.28,0.7728,-0.0976
0.7901,1,0,2.3474,-0.2311,1.29,0.7828,-0.0977
0.8001,1,0,2.3142,0.0478,1.3,0.7928,-0.0977
0.8101,1,0,2.2821,0.3311,1.31,0.8028,-0.0976
0.8201,1,0,2.2509,0.6188,1.32,0.8128,-0.0975
0.8301,1,0,2.2206,0.9113,1.33,0.8228,-0.0973
0.8401,1,0,2.1912,1.2086,1.34,0.8328,-0.0971
0.8501,1,0,2.1627,1.5104,1.35,0.8428,-0.0969
0.8601,1,0,2.1351,1.8167,1.36,0.8528,-0.0965
0.8701,1,0,2.1084,2.1274,1.37,0.8628,-0.0962
0.8801,1,0,2.0825,2.4427,1.38,0.8728,-0.0957
0.8901,1,0,2.0574,2.7628,1.39,0.8828,-0.0953
0.9001,1,0,2.0331,3.0874,1.4,0.8928,-0.0947
0.9101,1,0,2.0096,3.4165,1.41,0.9027,-0.0941
0.9201,1,0,1.9869,3.75,1.42,0.9127,-0.0935
0.9301,1,0,1.965,4.0881,1.43,0.9227,-0.0928
0.9401,1,0,1.9438,4.4306,1.44,0.9327,-0.092
0.9501,1,0,1.9234,4.7775,1.45,0.9426,-0.0912
0.9601,1,0,1.9037,5.1289,1.46,0.9526,-0.0903
0.9701,1,0,1.8847,5.4842,1.47,0.9625,-0.0893
0.9801,1,0,1.8664,5.8439,1.48,0.9725,-0.0883
0.9901,1,0,1.8488,6.2079,1.49,0.9824,-0.0872
1.0001,1,0,1.8319,6.5758,1.5,0.9924,-0.0861
1.0101,1,0,1.8156,6.948,1.51,1.0023,-0.0849
1.0201,1,0,1.8001,7.3243,1.52,1.0122,-0.0836
1.0301,1,0,1.7851,7.7044,1.53,1.0221,-0.0822
1.0401,1,0,1.7709,8.0882,1.54,1.032,-0.0808
1.0501,1,0,1.7572,8.4756,1.55,1.0419,-0.0794
1.0601,1,0,1.7442,8.8665,1.56,1.0518,-0.0778
1.0701,1,0,1.7318,9.2609,1.57,1.0617,-0.0762
1.0801,1,0,1.7201,9.6588,1.58,1.0715,-0.0745
1.0901,1,0,1.7089,10.0599,1.59,1.0814,-0.0728
1.1001,1,0,1.6983,10.4643,1.6,1.0912,-0.071
1.1101,1,0,1.6884,10.8719,1.61,1.101,-0.0691
1.1201,1,0,1.679,11.2822,1.62,1.1108,-0.0671
1.1301,1,0,1.6701,11.6954,1.63,1.1206,-0.0651
1.1401,1,0,1.6619,12.1111,1.64,1.1304,-0.063
1.1501,1,0,1.6542,12.5291,1.65,1.1402,-0.0608
1.1601,1,0,1.6471,12.9498,1.66,1.1499,-0.0586
1.1701,1,0,1.6406,13.3727,1.67,1.1596,-0.0563
1.1801,1,0,1.6346,13.7976,1.68,1.1694,-0.0539
1.1901,1,0,1.6291,14.2244,1.69,1.179,-0.0514
1.2001,1,0,1.6242,14.653,1.7,1.1887,-0.0489
1.2101,1,0,1.6198,15.0833,1.71,1.1984,-0.0463
1.2201,1,0,1.616,15.5148,1.72,1.208,-0.0436
1.2301,1,0,1.6127,15.9472,1.73,1.2176,-0.0409
1.2401,1,0,1.6099,16.3809,1.74,1.2272,-0.0381
1.2501,1,0,1.6076,16.8159,1.75,1.2368,-0.0352
1.2601,1,0,1.6059,17.2515,1.76,1.2463,-0.0322
1.2701,1,0,1.6047,17.6876,1.77,1.2559,-0.0292
1.2801,1,0,1.6039,18.1241,1.78,1.2654,-0.026
1.2901,1,0,1.6037,18.5609,1.79,1.2749,-0.0229
1.3001,1,0,1.604,18.9977,1.8,1.2843,-0.0196
1.3101,1,0,1.6048,19.4346,1.81,1.2938,-0.0163
1.3201,1,0,1.6062,19.8709,1.82,1.3031,-0.0129
1.3301,1,0,1.608,20.3069,1.83,1.3125,-0.0094
1.3401,1,0,1.6103,20.7426,1.84,1.3219,-0.0059
1.3501,1,0,1.6131,21.1769,1.85,1.3312,-0.0023
1.3601,1,0,1.6164,21.6106,1.86,1.3405,0.0014
1.3701,1,0,1.6202,22.0435,1.87,1.3498,0.0052
1.3801,1,0,1.6244,22.4747,1.88,1.359,0.009
1.3901,1,0,1.6292,22.9045,1.89,1.3682,0.0129
1.4001,1,0,1.6345,23.3333,1.9,1.3774,0.0169
1.4101,1,0,1.6402,23.7604,1.91,1.3866,0.0209
1.4201,1,0,1.6464,24.1853,1.92,1.3957,0.025
1.4301,1,0,1.6531,24.608,1.93,1.4048,0.0291
1.4401,1,0,1.6603,25.0292,1.94,1.4138,0.0334
1.4501,1,0,1.668,25.4479,1.95,1.4229,0.0377
1.4601,1,0,1.6762,25.864,1.96,1.4319,0.042
1.4701,1,0,1.6848,26.278,1.97,1.4408,0.0465
1.4801,1,0,1.6939,26.6892,1.98,1.4497,0.0509
1.4901,1,0,1.7035,27.0981,1.99,1.4587,0.0555
1.5001,1,0,1.7136,27.504,2,1.4675,0.0601
1.5101,1,0,1.7241,27.9071,2.01,1.4764,0.0648
1.5201,1,0,1.7352,28.3075,2.02,1.4852,0.0696
1.5301,1,0,1.7467,28.7049,2.03,1.494,0.0744
1.5401,1,0,1.7587,29.0987,2.04,1.5027,0.0792
1.5501,1,0,1.7711,29.4892,2.05,1.5114,0.0841
1.5601,1,0,1.7841,29.8765,2.06,1.5201,0.0891
1.5701,1,0,1.7975,30.2605,2.07,1.5287,0.0942
1.5801,1,0,1.8113,30.6412,2.08,1.5373,0.0993
1.5901,1,0,1.8257,31.018,2.09,1.5459,0.1044
1.6001,1,0,1.8406,31.3915,2.1,1.5544,0.1096
1.6101,1,0,1.8559,31.7619,2.11,1.5629,0.1149
1.6201,1,0,1.8717,32.1283,2.12,1.5714,0.1202
1.6301,1,0,1.888,32.4909,2.13,1.5798,0.1256
1.6401,1,0,1.9047,32.8499,2.14,1.5882,0.131
1.6501,1,0,1.922,33.2053,2.15,1.5966,0.1365
1.6601,1,0,1.9397,33.5567,2.16,1.6049,0.142
1.6701,1,0,1.9579,33.9042,2.17,1.6132,0.1476
1.6801,1,0,1.9766,34.2484,2.18,1.6215,0.1532
1.6901,1,0,1.9957,34.5886,2.19,1.6297,0.1589
1.7001,1,0,2.0154,34.9248,2.2,1.6379,0.1646
1.7101,1,0,2.0355,35.2574,2.21,1.6461,0.1704
1.7201,1,0,2.0561,35.586,2.22,1.6542,0.1762
1.7301,1,0,2.0773,35.9109,2.23,1.6623,0.1821
1.7401,1,0,2.0988,36.2318,2.24,1.6704,0.188
1.7501,1,0,2.1209,36.5487,2.25,1.6784,0.1939
1.7601,1,0,2.1435,36.862,2.26,1.6864,0.1999
1.7701,1,0,2.1666,37.1717,2.27,1.6944,0.206
1.7801,1,0,2.1901,37.4775,2.28,1.7023,0.2121
1.7901,1,0,2.2141,37.7793,2.29,1.7102,0.2182
1.8001,1,0,2.2387,38.0775,2.3,1.7181,0.2244
1.8101,1,0,2.2637,38.3718,2.31,1.7259,0.2306
1.8201,1,0,2.2892,38.6623,2.32,1.7337,0.2368
1.8301,1,0,2.3152,38.9492,2.33,1.7415,0.2431
1.8401,1,0,2.3417,39.2326,2.34,1.7493,0.2494
1.8501,1,0,2.3687,39.5123,2.35,1.757,0.2558
1.8601,1,0,2.3962,39.7881,2.36,1.7647,0.2622
1.8701,1,0,2.4242,40.0602,2.37,1.7723,0.2686
1.8801,1,0,2.4527,40.3288,2.38,1.7799,0.2751
1.8901,1,0,2.4817,40.5942,2.39,1.7875,0.2816
1.9001,1,0,2.5113,40.8558,2.4,1.7951,0.2881
1.9101,1,0,2.5413,41.1141,2.41,1.8026,0.2947
1.9201,1,0,2.5718,41.3689,2.42,1.8101,0.3013
1.9301,1,0,2.6029,41.62,2.43,1.8176,0.308
1.9401,1,0,2.6344,41.8679,2.44,1.825,0.3146
1.9501,1,0,2.6665,42.1126,2.45,1.8325,0.3213
1.9601,1,0,2.6991,42.3542,2.46,1.8399,0.3281
1.9701,1,0,2.7323,42.5923,2.47,1.8472,0.3349
1.9801,1,0,2.7658,42.827,2.48,1.8546,0.3416
1.9901,1,0,2.8,43.0586,2.49,1.8619,0.3485
2.0001,1,0,2.8347,43.2871,2.5,1.8692,0.3553
2.0101,1,0,2.8699,43.5124,2.51,1.8764,0.3622
2.0201,1,0,2.9056,43.7347,2.52,1.8836,0.3691
2.0301,1,0,2.9418,43.954,2.53,1.8908,0.3761
2.0401,1,0,2.9785,44.1702,2.54,1.898,0.383
2.0501,1,0,3.0159,44.3834,2.55,1.9051,0.39
2.0601,1,0,3.0537,44.5939,2.56,1.9123,0.3971
2.0701,1,0,3.092,44.8012,2.57,1.9194,0.4041
2.0801,1,0,3.131,45.0057,2.58,1.9264,0.4112
2.0901,1,0,3.1703,45.2075,2.59,1.9335,0.4183
2.1001,1,0,3.2103,45.4066,2.6,1.9405,0.4254
2.1101,1,0,3.2509,45.603,2.61,1.9475,0.4325
2.1201,1,0,3.292,45.7967,2.62,1.9545,0.4397
2.1301,1,0,3.3336,45.9878,2.63,1.9614,0.4469
2.1401,1,0,3.3757,46.1761,2.64,1.9683,0.4541
2.1501,1,0,3.4184,46.3618,2.65,1.9752,0.4613
2.1601,1,0,3.4619,46.5453,2.66,1.9821,0.4686
2.1701,1,0,3.5055,46.7259,2.67,1.989,0.4759
2.1801,1,0,3.5499,46.9042,2.68,1.9958,0.4832
2.1901,1,0,3.5949,47.0802,2.69,2.0026,0.4905
2.2001,1,0,3.6403,47.2536,2.7,2.0094,0.4978
2.2101,1,0,3.6864,47.4246,2.71,2.0162,0.5052
2.2201,1,0,3.7331,47.5936,2.72,2.0229,0.5126
2.2301,1,0,3.7803,47.7602,2.73,2.0296,0.52
2.2401,1,0,3.828,47.9243,2.74,2.0363,0.5274
2.2501,1,0,3.8764,48.0864,2.75,2.043,0.5349
2.2601,1,0,3.9252,48.2462,2.76,2.0497,0.5423
2.2701,1,0,3.9748,48.4039,2.77,2.0563,0.5498
2.2801,1,0,4.0249,48.5596,2.78,2.0629,0.5573
2.2901,1,0,4.0753,48.713,2.79,2.0695,0.5648
2.3001,1,0,4.1268,48.8644,2.8,2.0761,0.5724
2.3101,1,0,4.1784,49.0138,2.81,2.0827,0.5799
2.3201,1,0,4.2309,49.1611,2.82,2.0892,0.5875
2.3301,1,0,4.2838,49.3067,2.83,2.0957,0.595
2.3401,1,0,4.3375,49.4502,2.84,2.1022,0.6026
2.3501,1,0,4.3917,49.5919,2.85,2.1087,0.6103
2.3601,1,0,4.4465,49.7317,2.86,2.1152,0.6179
2.3701,1,0,4.5019,49.8696,2.87,2.1216,0.6255
2.3801,1,0,4.5579,50.0058,2.88,2.1281,0.6332
2.3901,1,0,4.6145,50.1401,2.89,2.1345,0.6409
2.4001,1,0,4.6716,50.2725,2.9,2.1408,0.6486
2.4101,1,0,4.7295,50.4033,2.91,2.1472,0.6563
2.4201,1,0,4.788,50.5326,2.92,2.1536,0.664
2.4301,1,0,4.847,50.66,2.93,2.1599,0.6717
2.4401,1,0,4.9066,50.7857,2.94,2.1662,0.6795
2.4501,1,0,4.9669,50.9098,2.95,2.1725,0.6872
2.4601,1,0,5.0279,51.0324,2.96,2.1788,0.695
2.4701,1,0,5.0895,51.1536,2.97,2.1851,0.7028
2.4801,1,0,5.1516,51.273,2.98,2.1914,0.7106
2.4901,1,0,5.2142,51.3908,2.99,2.1976,0.7184
2.5001,1,0,5.2777,51.5071,3,2.2038,0.7262
2.5101,1,0,5.3419,51.6221,3.01,2.21,0.7341
2.5201,1,0,5.4066,51.7356,3.02,2.2162,0.7419
2.5301,1,0,5.4718,51.8476,3.03,2.2224,0.7498
2.5401,1,0,5.5381,51.9582,3.04,2.2286,0.7577
2.5501,1,0,5.6047,52.0674,3.05,2.2347,0.7655
2.5601,1,0,5.672,52.1754,3.06,2.2409,0.7735
2.5701,1,0,5.7401,52.282,3.07,2.247,0.7814
2.5801,1,0,5.8088,52.3871,3.08,2.2531,0.7893
2.5901,1.0005,0.0519,5.507,52.4529,3.09,2.2592,0.7972
2.6001,1,-0.0545,5.4769,52.3602,3.1,2.2653,0.8051
2.6101,1,0,5.447,52.2497,3.11,2.2714,0.813
2.6201,1,0,5.4171,52.1387,3.12,2.2775,0.8209
2.6301,1,0,5.3871,52.027,3.13,2.2837,0.8288
2.6401,1,0,5.3572,51.9145,3.14,2.2898,0.8367
2.6501,1,0,5.3275,51.8013,3.15,2.296,0.8445
2.6601,1,0,5.2977,51.6876,3.16,2.3022,0.8524
2.6701,1,0,5.2681,51.5732,3.17,2.3084,0.8602
2.6801,1,0,5.2385,51.4581,3.18,2.3147,0.868
2.6901,1,0,5.2088,51.3422,3.19,2.3209,0.8759
2.7001,1,0,5.1793,51.2256,3.2,2.3272,0.8836
2.7101,1,0,5.1499,51.1084,3.21,2.3335,0.8914
2.7201,1,0,5.1204,50.9903,3.22,2.3398,0.8992
2.7301,1,0,5.0909,50.8715,3.23,2.3461,0.907
2.7401,1,0,5.0617,50.7522,3.24,2.3524,0.9147
2.7501,1,0,5.0323,50.6321,3.25,2.3588,0.9225
2.7601,1,0,5.0033,50.5113,3.26,2.3651,0.9301
2.7701,1,0,4.9741,50.3898,3.27,2.3715,0.9379
2.7801,1,0,4.945,50.2673,3.28,2.3779,0.9456
2.7901,1,0,4.9161,50.1442,3.29,2.3843,0.9532
2.8001,1,0,4.8871,50.0203,3.3,2.3907,0.9609
2.8101,1,0,4.8581,49.8958,3.31,2.3971,0.9685
2.8201,1,0,4.8293,49.7702,3.32,2.4036,0.9762
2.8301,1,0,4.8005,49.6437,3.33,2.4101,0.9838
2.8401,1,0,4.7718,49.5165,3.34,2.4166,0.9914
2.8501,1,0,4.7432,49.3888,3.35,2.4231,0.999
2.8601,1,0,4.7145,49.2601,3.36,2.4296,1.0066
2.8701,1,0,4.686,49.1304,3.37,2.4362,1.0141
2.8801,1,0,4.6576,49.0002,3.38,2.4427,1.0217
2.8901,1,0,4.6291,48.869,3.39,2.4493,1.0292
2.9001,1,0,4.6008,48.7367,3.4,2.4559,1.0367
2.9101,1,0,4.5725,48.6037,3.41,2.4625,1.0442
2.9201,1,0,4.5443,48.4699,3.42,2.4691,1.0517
2.9301,1,0,4.5162,48.3353,3.43,2.4758,1.0592
2.9401,1,0,4.4881,48.1997,3.44,2.4824,1.0666
2.9501,1,0,4.4601,48.0629,3.45,2.4891,1.0741
2.9601,1,0,4.4321,47.9254,3.46,2.4958,1.0815
2.9701,1,0,4.4042,47.7871,3.47,2.5025,1.0889
2.9801,1,0,4.3764,47.6477,3.48,2.5093,1.0963
2.9901,1,0,4.3487,47.5074,3.49,2.516,1.1037
3.0001,1,0,4.3211,47.3663,3.5,2.5228,1.111
3.0101,1,0,4.2934,47.2241,3.51,2.5296,1.1184
3.0201,1,0,4.2658,47.0808,3.52,2.5364,1.1257
3.0301,1,0,4.2384,46.9366,3.53,2.5432,1.133
3.0401,1,0,4.211,46.7915,3.54,2.5501,1.1403
3.0501,1,0,4.1836,46.6453,3.55,2.5569,1.1476
3.0601,1,0,4.1564,46.4982,3.56,2.5638,1.1548
3.0701,1,0,4.1292,46.3499,3.57,2.5707,1.1621
3.0801,1,0,4.1021,46.2004,3.58,2.5777,1.1693
3.0901,1,0,4.075,46.0501,3.59,2.5846,1.1765
3.1001,1,0,4.048,45.8985,3.6,2.5916,1.1837
3.1101,1,0,4.0212,45.746,3.61,2.5985,1.1908
3.1201,1,0,3.9945,45.5925,3.62,2.6055,1.1979
3.1301,1,0,3.9677,45.4379,3.63,2.6125,1.2051
3.1401,1,0,3.941,45.2819,3.64,2.6196,1.2122
3.1501,1,0,3.9144,45.1248,3.65,2.6266,1.2193
3.1601,1,0,3.8879,44.9666,3.66,2.6337,1.2263
3.1701,1,0,3.8616,44.8075,3.67,2.6408,1.2334
3.1801,1,0,3.8352,44.6468,3.68,2.6479,1.2404
3.1901,1,0,3.809,44.485,3.69,2.655,1.2474
3.2001,1,0,3.7827,44.3223,3.7,2.6622,1.2544
3.2101,1,0,3.7566,44.158,3.71,2.6694,1.2614
3.2201,1,0,3.7306,43.9926,3.72,2.6766,1.2683
3.2301,1,0,3.7047,43.8261,3.73,2.6838,1.2752
3.2401,1,0,3.6789,43.6583,3.74,2.691,1.2821
3.2501,1,0,3.6531,43.4892,3.75,2.6983,1.289
3.2601,1,0,3.6274,43.3186,3.76,2.7056,1.2959
3.2701,1,0,3.6017,43.1467,3.77,2.7129,1.3027
3.2801,1,0,3.5762,42.9734,3.78,2.7202,1.3096
3.2901,1,0,3.5508,42.7989,3.79,2.7275,1.3163
3.3001,1,0,3.5255,42.6233,3.8,2.7349,1.3231
3.3101,1,0,3.5001,42.446,3.81,2.7423,1.3299
3.3201,1,0,3.475,42.2672,3.82,2.7497,1.3366
3.3301,1,0,3.4499,42.0873,3.83,2.7571,1.3433
3.3401,1,0,3.4249,41.9058,3.84,2.7645,1.35
3.3501,1,0,3.4,41.7229,3.85,2.772,1.3566
3.3601,1,0,3.3753,41.5387,3.86,2.7794,1.3632
3.3701,1,0,3.3506,41.3531,3.87,2.787,1.3699
3.3801,1,0,3.3259,41.1655,3.88,2.7945,1.3764
3.3901,1,0,3.3014,40.9768,3.89,2.802,1.383
3.4001,1,0,3.277,40.7864,3.9,2.8096,1.3895
3.4101,1,0,3.2526,40.5942,3.91,2.8172,1.396
3.4201,1,0,3.2284,40.4007,3.92,2.8248,1.4025
3.4301,1,0,3.2043,40.2058,3.93,2.8324,1.409
3.4401,1,0,3.1801,40.0091,3.94,2.8401,1.4154
3.4501,1,0,3.1563,39.8106,3.95,2.8478,1.4218
3.4601,1,0,3.1324,39.6105,3.96,2.8555,1.4282
3.4701,1,0,3.1087,39.4087,3.97,2.8632,1.4345
3.4801,1,0,3.085,39.2052,3.98,2.871,1.4409
3.4901,1,0,3.0614,39,3.99,2.8788,1.4471
3.5001,1,0,3.038,38.7934,4,2.8865,1.4534
3.5101,1,0,3.0147,38.5847,4.01,2.8944,1.4596
3.5201,1,0,2.9915,38.3743,4.02,2.9022,1.4658
3.5301,1,0,2.9683,38.162,4.03,2.9101,1.472
3.5401,1,0,2.9453,37.948,4.04,2.9179,1.4782
3.5501,1,0,2.9224,37.7321,4.05,2.9259,1.4843
3.5601,1,0,2.8995,37.514,4.06,2.9338,1.4904
3.5701,1,0,2.8768,37.2941,4.07,2.9418,1.4965
3.5801,1,0,2.8543,37.0726,4.08,2.9497,1.5025
3.5901,1,0,2.8318,36.8493,4.09,2.9577,1.5085
3.6001,1,0,2.8094,36.6236,4.1,2.9657,1.5144
3.6101,1,0,2.7872,36.3961,4.11,2.9738,1.5204
3.6201,1,0,2.765,36.1662,4.12,2.9819,1.5263
3.6301,1,0,2.7429,35.9343,4.13,2.99,1.5321
3.6401,1,0,2.7211,35.7008,4.14,2.9981,1.538
3.6501,1,0,2.6992,35.4649,4.15,3.0062,1.5438
3.6601,1,0,2.6775,35.2266,4.16,3.0144,1.5496
3.6701,1,0,2.656,34.9866,4.17,3.0226,1.5553
3.6801,1,0,2.6346,34.7445,4.18,3.0308,1.561
3.6901,1,0,2.6132,34.4996,4.19,3.0391,1.5667
3.7001,1,0,2.592,34.2525,4.2,3.0473,1.5723
3.7101,1,0,2.5709,34.0037,4.21,3.0556,1.5779
3.7201,1,0,2.55,33.7523,4.22,3.0639,1.5834
3.7301,1,0,2.5291,33.4984,4.23,3.0723,1.5889
3.7401,1,0,2.5084,33.2422,4.24,3.0806,1.5944
3.7501,1,0,2.4878,32.9838,4.25,3.089,1.5999
3.7601,1,0,2.4674,32.7231,4.26,3.0974,1.6053
3.7701,1,0,2.447,32.4597,4.27,3.1059,1.6106
3.7801,1,0,2.4268,32.1936,4.28,3.1143,1.616
3.7901,1,0,2.4068,31.9252,4.29,3.1228,1.6213
3.8001,1,0,2.3868,31.6545,4.3,3.1313,1.6265
3.8101,1,0,2.367,31.3809,4.31,3.1399,1.6317
3.8201,1,0,2.3473,31.1045,4.32,3.1484,1.6369
3.8301,1,0,2.3278,30.8257,4.33,3.157,1.642
3.8401,1,0,2.3084,30.5444,4.34,3.1656,1.6471
3.8501,1,0,2.2891,30.2603,4.35,3.1743,1.6521
3.8601,1,0,2.27,29.9732,4.36,3.1829,1.6571
3.8701,1,0,2.251,29.6835,4.37,3.1916,1.6621
3.8801,1,0,2.2321,29.3909,4.38,3.2003,1.667
3.8901,1,0,2.2134,29.0957,4.39,3.2091,1.6718
3.9001,1,0,2.1949,28.7979,4.4,3.2178,1.6767
3.9101,1,0,2.1764,28.4966,4.41,3.2266,1.6814
3.9201,1,0,2.1581,28.1922,4.42,3.2354,1.6862
3.9301,1,0,2.14,27.885,4.43,3.2443,1.6908
3.9401,1,0,2.122,27.5752,4.44,3.2531,1.6955
3.9501,1,0,2.1042,27.2622,4.45,3.262,1.7
3.9601,1,0,2.0865,26.9459,4.46,3.2709,1.7046
3.9701,1,0,2.069,26.6268,4.47,3.2799,1.709
3.9801,1,0,2.0516,26.3045,4.48,3.2888,1.7135
3.9901,1,0,2.0344,25.9789,4.49,3.2978,1.7179
4.0001,1,0,2.0172,25.6499,4.5,3.3068,1.7222
4.0101,1,0,2.0003,25.3175,4.51,3.3159,1.7265
4.0201,1,0,1.9836,24.9822,4.52,3.3249,1.7307
4.0301,1,0,1.9669,24.6435,4.53,3.334,1.7349
4.0401,1,0,1.9505,24.3013,4.54,3.3432,1.739
4.0501,1,0,1.9342,23.9556,4.55,3.3523,1.743
4.0601,1,0,1.9181,23.6069,4.56,3.3614,1.747
4.0701,1,0,1.9021,23.2546,4.57,3.3706,1.751
4.0801,1,0,1.8863,22.8988,4.58,3.3798,1.7549
4.0901,1,0,1.8707,22.5393,4.59,3.3891,1.7587
4.1001,1,0,1.8552,22.1762,4.6,3.3983,1.7625
4.1101,1,0,1.8399,21.8099,4.61,3.4076,1.7662
4.1201,1,0,1.8247,21.4394,4.62,3.417,1.7699
4.1301,1,0,1.8098,21.0657,4.63,3.4263,1.7735
4.1401,1,0,1.795,20.6882,4.64,3.4356,1.777
4.1501,1,0,1.7804,20.3069,4.65,3.445,1.7805
4.1601,1,0,1.766,19.9224,4.66,3.4544,1.7839
4.1701,1,0,1.7517,19.5335,4.67,3.4638,1.7872
4.1801,1,0,1.7376,19.1407,4.68,3.4733,1.7905
4.1901,1,0,1.7237,18.7445,4.69,3.4827,1.7937
4.2001,1,0,1.71,18.3445,4.7,3.4922,1.7968
4.2101,1,0,1.6964,17.94,4.71,3.5018,1.7999
4.2201,1,0,1.683,17.532,4.72,3.5113,1.8029
4.2301,1,0,1.6698,17.12,4.73,3.5209,1.8059
4.2401,1,0,1.6568,16.7041,4.74,3.5304,1.8088
4.2501,1,0,1.644,16.2846,4.75,3.54,1.8116
4.2601,1,0,1.6314,15.8605,4.76,3.5497,1.8143
4.2701,1,0,1.6189,15.4324,4.77,3.5593,1.817
4.2801,1,0,1.6067,15.0007,4.78,3.5689,1.8195
4.2901,1,0,1.5946,14.5649,4.79,3.5786,1.8221
4.3001,1,0,1.5828,14.125,4.8,3.5883,1.8245
4.3101,1,0,1.5711,13.6815,4.81,3.598,1.8269
4.3201,1,0,1.5597,13.2338,4.82,3.6078,1.8292
4.3301,1,0,1.5484,12.7815,4.83,3.6175,1.8314
4.3401,1,0,1.5373,12.3249,4.84,3.6273,1.8335
4.3501,1,0,1.5264,11.8647,4.85,3.6371,1.8356
4.3601,1,0,1.5157,11.4009,4.86,3.6469,1.8375
4.3701,1,0,1.5052,10.9329,4.87,3.6567,1.8394
4.3801,1,0,1.495,10.4606,4.88,3.6665,1.8412
4.3901,1,0,1.4849,9.9842,4.89,3.6764,1.843
4.4001,1,0,1.475,9.5036,4.9,3.6862,1.8446
4.4101,1,0,1.4654,9.0193,4.91,3.6961,1.8462
4.4201,1,0,1.4559,8.5308,4.92,3.706,1.8477
4.4301,1,0,1.4467,8.0387,4.93,3.7159,1.8491
4.4401,1,0,1.4376,7.5424,4.94,3.7258,1.8504
4.4501,1,0,1.4288,7.042,4.95,3.7358,1.8516
4.4601,1,0,1.4202,6.5379,4.96,3.7457,1.8528
4.4701,1,0,1.4118,6.0303,4.97,3.7556,1.8538
4.4801,1,0,1.4036,5.5191,4.98,3.7656,1.8548
4.4901,1,0,1.3956,5.0032,4.99,3.7755,1.8556
4.5001,1,0,1.3878,4.4838,5,3.7855,1.8564
4.5101,1,0,1.3803,3.9609,5.01,3.7955,1.8571
4.5201,1,0,1.373,3.4346,5.02,3.8055,1.8577
4.5301,1,0,1.3659,2.9049,5.03,3.8155,1.8582
4.5401,1,0,1.359,2.3711,5.04,3.8254,1.8586
4.5501,1,0,1.3523,1.8341,5.05,3.8354,1.859
4.5601,1,0,1.3459,1.2937,5.06,3.8454,1.8592
4.5701,1,0,1.3397,0.75,5.07,3.8554,1.8593
4.5801,1,0,1.3337,0.2031,5.08,3.8654,1.8593
4.5901,1,0,1.3279,-0.3469,5.09,3.8754,1.8593
4.6001,1,0,1.3224,-0.9001,5.1,3.8854,1.8591
4.6101,1,0,1.3171,-1.4564,5.11,3.8954,1.8589
4.6201,1,0,1.312,-2.0157,5.12,3.9054,1.8585
4.6301,1,0,1.3071,-2.5773,5.13,3.9154,1.8581
4.6401,1,0,1.3025,-3.1418,5.14,3.9254,1.8575
4.6501,1,0,1.2981,-3.7092,5.15,3.9354,1.8569
4.6601,1,0,1.2939,-4.2787,5.16,3.9454,1.8561
4.6701,1,0,1.29,-4.8503,5.17,3.9553,1.8553
4.6801,1,0,1.2862,-5.4245,5.18,3.9653,1.8543
4.6901,1,0,1.2827,-6.0013,5.19,3.9752,1.8533
4.7001,1,0,1.2795,-6.5793,5.2,3.9851,1.8522
4.7101,1,0,1.2765,-7.1591,5.21,3.9951,1.8509
4.7201,1,0,1.2737,-7.7413,5.22,4.005,1.8496
4.7301,1,0,1.2712,-8.325,5.23,4.0149,1.8481
4.7401,1,0,1.2688,-8.9104,5.24,4.0248,1.8466
4.7501,1,0,1.2667,-9.4971,5.25,4.0346,1.8449
4.7601,1,0,1.2649,-10.0846,5.26,4.0445,1.8432
4.7701,1,0,1.2633,-10.6734,5.27,4.0543,1.8413
4.7801,1,0,1.2619,-11.2633,5.28,4.0641,1.8394
4.7901,1,0,1.2608,-11.8544,5.29,4.0739,1.8373
4.8001,1,0,1.2598,-12.4459,5.3,4.0836,1.8351
4.8101,1,0,1.2592,-13.0376,5.31,4.0934,1.8329
4.8201,1,0,1.2587,-13.6301,5.32,4.1031,1.8305
4.8301,1,0,1.2585,-14.2228,5.33,4.1128,1.8281
4.8401,1,0,1.2585,-14.8161,5.34,4.1225,1.8255
4.8501,1,0,1.2588,-15.4093,5.35,4.1321,1.8229
4.8601,1,0,1.2593,-16.0017,5.36,4.1417,1.8201
4.8701,1,0,1.26,-16.5938,5.37,4.1513,1.8173
4.8801,1,0,1.261,-17.1856,5.38,4.1609,1.8143
4.8901,1,0,1.2622,-17.7769,5.39,4.1704,1.8112
4.9001,1,0,1.2636,-18.3676,5.4,4.1799,1.8081
4.9101,1,0,1.2653,-18.9577,5.41,4.1893,1.8048
4.9201,1,0,1.2672,-19.5465,5.42,4.1988,1.8015
4.9301,1,0,1.2693,-20.1338,5.43,4.2081,1.7981
4.9401,1,0,1.2717,-20.7202,5.44,4.2175,1.7945
4.9501,1,0,1.2743,-21.3049,5.45,4.2268,1.7909
4.9601,1,0,1.2771,-21.888,5.46,4.2361,1.7872
4.9701,1,0,1.2802,-22.4699,5.47,4.2453,1.7833
4.9801,1,0,1.2835,-23.05,5.48,4.2545,1.7794
4.9901,1,0,1.287,-23.6281,5.49,4.2637,1.7754
5.0001,1,0,1.2907,-24.2042,5.5,4.2728,1.7713
5.0101,1,0,1.2947,-24.7776,5.51,4.2819,1.7671
5.0201,1,0,1.2989,-25.3488,5.52,4.2909,1.7628
5.0301,1,0,1.3033,-25.9178,5.53,4.2999,1.7585
5.0401,1,0,1.308,-26.4845,5.54,4.3089,1.754
5.0501,1,0,1.3129,-27.0488,5.55,4.3178,1.7495
5.0601,1,0,1.318,-27.6101,5.56,4.3267,1.7448
5.0701,1,0,1.3233,-28.1683,5.57,4.3355,1.7401
5.0801,1,0,1.3289,-28.724,5.58,4.3442,1.7353
5.0901,1,0,1.3347,-29.2771,5.59,4.353,1.7304
5.1001,1,0,1.3406,-29.8263,5.6,4.3616,1.7254
5.1101,1,0,1.3469,-30.3722,5.61,4.3703,1.7204
5.1201,1,0,1.3533,-30.9154,5.62,4.3788,1.7152
5.1301,1,0,1.36,-31.4558,5.63,4.3874,1.71
5.1401,1,0,1.3668,-31.9927,5.64,4.3959,1.7047
5.1501,1,0,1.3739,-32.5256,5.65,4.4043,1.6993
5.1601,1,0,1.3812,-33.055,5.66,4.4127,1.6939
5.1701,1,0,1.3887,-33.5809,5.67,4.421,1.6884
5.1801,1,0,1.3964,-34.1033,5.68,4.4293,1.6828
5.1901,1,0,1.4043,-34.6221,5.69,4.4375,1.6771
5.2001,1,0,1.4125,-35.1372,5.7,4.4457,1.6713
5.2101,1,0,1.4208,-35.6488,5.71,4.4538,1.6655
5.2201,1,0,1.4294,-36.1567,5.72,4.4619,1.6596
5.2301,1,0,1.4382,-36.6604,5.73,4.4699,1.6536
5.2401,1,0,1.4471,-37.1604,5.74,4.4779,1.6476
5.2501,1,0,1.4563,-37.6567,5.75,4.4858,1.6415
5.2601,1,0,1.4657,-38.1487,5.76,4.4937,1.6353
5.2701,1,0,1.4753,-38.6371,5.77,4.5015,1.629
5.2801,1,0,1.485,-39.1212,5.78,4.5092,1.6227
5.2901,1,0,1.495,-39.601,5.79,4.5169,1.6164
5.3001,1,0,1.5052,-40.0771,5.8,4.5246,1.6099
5.3101,1,0,1.5155,-40.5496,5.81,4.5322,1.6034
5.3201,1,0,1.5261,-41.0183,5.82,4.5397,1.5969
5.3301,1,0,1.5368,-41.4827,5.83,4.5472,1.5902
5.3401,1,0,1.5478,-41.9429,5.84,4.5547,1.5836
5.3501,1,0,1.5589,-42.3995,5.85,4.562,1.5768
5.3601,1,0,1.5702,-42.8518,5.86,4.5694,1.57
5.3701,0.9999,-0.0132,1.046,-43.3628,5.87,4.5766,1.5631
5.3801,1,0.0109,1.0363,-44.1026,5.88,4.5838,1.5562
5.3901,1,0,1.027,-44.8728,5.89,4.5909,1.5491
5.4001,1,0,1.018,-45.6529,5.9,4.5979,1.542
5.4101,1,0,1.0094,-46.4421,5.91,4.6048,1.5347
5.4201,1,0,1.0011,-47.241,5.92,4.6116,1.5274
5.43,0.9985,-0.1486,0.9932,-48.0486,5.93,4.6183,1.52
5.44,0.9947,-0.3821,0.9857,-48.8631,5.94,4.6248,1.5125
5.4499,0.991,-0.3685,0.9786,-49.6833,5.95,4.6312,1.5049
5.4598,0.9875,-0.3501,0.9718,-50.508,5.96,4.6375,1.4973
5.4696,0.9842,-0.3318,0.9655,-51.339,5.97,4.6436,1.4896
5.4794,0.981,-0.3142,0.9595,-52.1759,5.98,4.6497,1.4819
5.4892,0.9781,-0.2965,0.9539,-53.0168,5.99,4.6555,1.474
5.499,0.9753,-0.278,0.9486,-53.8622,6,4.6613,1.4662
5.5087,0.9727,-0.2607,0.9437,-54.7119,6.01,4.6669,1.4582
5.5184,0.9703,-0.2423,0.9392,-55.5657,6.02,4.6724,1.4502
5.5281,0.968,-0.2248,0.935,-56.4242,6.03,4.6777,1.4422
5.5377,0.9659,-0.207,0.9312,-57.2862,6.04,4.683,1.434
5.5474,0.964,-0.1893,0.9277,-58.1514,6.05,4.6881,1.4258
5.557,0.9623,-0.1717,0.9246,-59.0195,6.06,4.693,1.4176
5.5666,0.9608,-0.1541,0.9218,-59.8902,6.07,4.6978,1.4093
5.5762,0.9594,-0.1364,0.9193,-60.7642,6.08,4.7025,1.4009
5.5858,0.9582,-0.1192,0.9172,-61.6403,6.09,4.7071,1.3925
5.5954,0.9572,-0.1015,0.9154,-62.518,6.1,4.7115,1.384
5.6049,0.9564,-0.0844,0.914,-63.3972,6.11,4.7158,1.3754
5.6145,0.9557,-0.067,0.9128,-64.2774,6.12,4.7199,1.3668
5.624,0.9552,-0.05,0.9121,-65.1594,6.13,4.7239,1.3582
5.6336,0.9549,-0.0329,0.9116,-66.0418,6.14,4.7278,1.3494
5.6431,0.9547,-0.0159,0.9114,-66.9254,6.15,4.7315,1.3406
5.6527,0.9547,0.0009,0.9116,-67.8087,6.16,4.7351,1.3318
5.6622,0.9549,0.0177,0.9121,-68.6916,6.17,4.7386,1.3229
5.6718,0.9552,0.0343,0.9129,-69.5747,6.18,4.742,1.314
5.6813,0.9558,0.0508,0.9141,-70.4567,6.19,4.7452,1.3049
5.6909,0.9564,0.0672,0.9155,-71.3373,6.2,4.7482,1.2959
5.7005,0.9573,0.0834,0.9172,-72.2162,6.21,4.7511,1.2868
5.7101,0.9583,0.0994,0.9193,-73.0941,6.22,4.7539,1.2776
5.7196,0.9594,0.1155,0.9217,-73.9698,6.23,4.7566,1.2684
5.7292,0.9607,0.1311,0.9243,-74.843,6.24,4.7591,1.2591
5.7389,0.9622,0.1468,0.9273,-75.7143,6.25,4.7615,1.2498
5.7485,0.9638,0.1621,0.9306,-76.5834,6.26,4.7637,1.2404
5.7582,0.9656,0.1777,0.9342,-77.4492,6.27,4.7658,1.231
5.7678,0.9675,0.1923,0.938,-78.3116,6.28,4.7678,1.2215
5.7775,0.9696,0.2074,0.9422,-79.171,6.29,4.7696,1.212
5.7873,0.9718,0.222,0.9466,-80.0264,6.3,4.7713,1.2024
5.797,0.9742,0.2365,0.9514,-80.8777,6.31,4.7728,1.1928
5.8068,0.9767,0.2504,0.9564,-81.7254,6.32,4.7742,1.1831
5.8166,0.9793,0.2646,0.9617,-82.5693,6.33,4.7755,1.1734
5.8264,0.9821,0.2783,0.9673,-83.4085,6.34,4.7766,1.1637
5.8362,0.985,0.2918,0.9732,-84.2427,6.35,4.7776,1.1539
5.8461,0.9881,0.3047,0.9794,-85.0726,6.36,4.7784,1.144
5.856,0.9912,0.3182,0.9858,-85.8973,6.37,4.7791,1.1342
5.866,0.9945,0.3302,0.9925,-86.7166,6.38,4.7797,1.1242
5.8759,0.998,0.3425,0.9995,-87.532,6.39,4.7801,1.1142
5.886,1,0.2018,1.0067,-88.3418,6.4,4.7804,1.1042
5.8959,1,0.0011,1.0141,-89.1435,6.41,4.7806,1.0943
5.906,1,0,1.0218,-89.937,6.42,4.7806,1.0842
5.9159,1,0,1.0297,-90.7224,6.43,4.7805,1.0742
5.9259,1,0,1.0377,-91.499,6.44,4.7802,1.0643
5.936,1,0,1.046,-92.2674,6.45,4.7798,1.0543
5.946,1,0,1.0545,-93.0278,6.46,4.7793,1.0443
5.956,1,0,1.0632,-93.7793,6.47,4.7786,1.0343
5.9659,1,0,1.072,-94.5222,6.48,4.7778,1.0243
5.9759,1,0,1.081,-95.2563,6.49,4.7769,1.0144
5.9859,1,0,1.0902,-95.9826,6.5,4.7759,1.0044
5.9959,1,0,1.0995,-96.7005,6.51,4.7747,0.9945
6.0059,1,0,1.1089,-97.4098,6.52,4.7734,0.9846
6.0159,1,0,1.1185,-98.1116,6.53,4.772,0.9747
6.0259,1,0,1.1282,-98.8051,6.54,4.7705,0.9648
6.0359,1,0,1.138,-99.4905,6.55,4.7688,0.9549
6.0459,1,0,1.148,-100.1678,6.56,4.7671,0.9451
6.0559,1,0,1.158,-100.8373,6.57,4.7652,0.9353
6.0659,1,0,1.1681,-101.4989,6.58,4.7632,0.9255
6.0759,1,0,1.1783,-102.1529,6.59,4.7611,0.9157
6.0859,1,0,1.1885,-102.7993,6.6,4.7589,0.9059
6.0959,1,0,1.1989,-103.4383,6.61,4.7565,0.8962
6.1059,1,0,1.2092,-104.0701,6.62,4.7541,0.8865
6.116,1,0,1.2196,-104.6953,6.63,4.7516,0.8768
6.126,1,0,1.2301,-105.3134,6.64,4.7489,0.8672
6.1359,1,0,1.2405,-105.924,6.65,4.7462,0.8576
6.1459,1,0,1.251,-106.5278,6.66,4.7434,0.848
6.156,1,0,1.2615,-107.1256,6.67,4.7404,0.8384
6.1659,1,0,1.2719,-107.7169,6.68,4.7374,0.8289
6.1759,1,0,1.2824,-108.3012,6.69,4.7342,0.8194
6.186,1,0,1.2928,-108.8799,6.7,4.731,0.81
6.1959,1,0,1.3032,-109.4525,6.71,4.7277,0.8005
6.2059,1,0,1.3135,-110.0191,6.72,4.7242,0.7911
6.216,1,0,1.3238,-110.5804,6.73,4.7207,0.7818
6.226,1,0,1.334,-111.136,6.74,4.7171,0.7724
6.236,1,0,1.3442,-111.686,6.75,4.7134,0.7631
6.246,1,0,1.3543,-112.2305,6.76,4.7096,0.7539
6.2559,1,0,1.3643,-112.7698,6.77,4.7058,0.7447
6.2659,1,0,1.3741,-113.3038,6.78,4.7018,0.7355
6.2759,1,0,1.3839,-113.8333,6.79,4.6978,0.7263
6.286,1,0,1.3936,-114.3584,6.8,4.6936,0.7172
6.296,1,0,1.4031,-114.8787,6.81,4.6894,0.7082
6.3059,1,0,1.4125,-115.3942,6.82,4.6851,0.6991
6.316,1,0,1.4218,-115.9058,6.83,4.6808,0.6901
6.3259,1,0,1.4309,-116.4128,6.84,4.6763,0.6812
6.3359,1,0,1.4399,-116.9155,6.85,4.6718,0.6723
6.346,1,0,1.4487,-117.415,6.86,4.6672,0.6634
6.3559,1,0,1.4573,-117.9105,6.87,4.6625,0.6546
6.3659,1,0,1.4657,-118.4019,6.88,4.6578,0.6458
6.376,1,0,1.474,-118.8904,6.89,4.6529,0.637
6.3859,1,0,1.482,-119.3752,6.9,4.648,0.6283
6.3959,1,0,1.4899,-119.8563,6.91,4.6431,0.6196
6.4059,1,0,1.4975,-120.3348,6.92,4.638,0.611
6.4159,1,0,1.505,-120.8104,6.93,4.6329,0.6024
6.4259,1,0,1.5122,-121.2827,6.94,4.6277,0.5938
6.4359,1,0,1.5191,-121.7522,6.95,4.6224,0.5853
6.4459,1,0,1.5259,-122.219,6.96,4.6171,0.5769
6.4559,1,0,1.5324,-122.6833,6.97,4.6117,0.5685
6.466,1,0,1.5387,-123.1457,6.98,4.6062,0.5601
6.476,1,0,1.5447,-123.6057,6.99,4.6007,0.5518
6.4859,1,0,1.5504,-124.0629,7,4.5951,0.5435
6.4959,1,0,1.5559,-124.518,7.01,4.5894,0.5352
6.506,1,0,1.5611,-124.9715,7.02,4.5837,0.527
6.5159,1,0,1.5661,-125.4231,7.03,4.5779,0.5189
6.5259,1,0,1.5707,-125.8727,7.04,4.572,0.5108
6.536,1,0,1.5751,-126.3211,7.05,4.5661,0.5027
6.5459,1,0,1.5792,-126.7677,7.06,4.5601,0.4947
6.556,1,0,1.583,-127.2127,7.07,4.5541,0.4868
6.566,1,0,1.5866,-127.6567,7.08,4.548,0.4788
6.5759,1,0,1.5898,-128.0993,7.09,4.5418,0.471
6.5859,1,0,1.5927,-128.5405,7.1,4.5356,0.4632
6.5959,1,0,1.5954,-128.9809,7.11,4.5293,0.4554
6.6059,1,0,1.5977,-129.4206,7.12,4.5229,0.4477
6.616,1,0,1.5997,-129.8597,7.13,4.5165,0.44
6.6259,1,0,1.6015,-130.2978,7.14,4.51,0.4324
6.636,1,0,1.6029,-130.7355,7.15,4.5035,0.4248
6.646,1,0,1.604,-131.1728,7.16,4.4969,0.4172
6.6559,1,0,1.6048,-131.6093,7.17,4.4903,0.4098
6.6659,1,0,1.6053,-132.0457,7.18,4.4836,0.4023
6.6759,1,0,1.6055,-132.4819,7.19,4.4768,0.395
6.6859,1,0,1.6054,-132.9181,7.2,4.47,0.3876
6.6959,1,0,1.605,-133.3544,7.21,4.4632,0.3804
6.7059,1,0,1.6043,-133.7908,7.22,4.4563,0.3732
6.7159,1,0,1.6033,-134.2275,7.23,4.4493,0.366
6.7259,1,0,1.6019,-134.6644,7.24,4.4422,0.3589
6.7359,1,0,1.6003,-135.1018,7.25,4.4352,0.3518
6.746,1,0,1.5984,-135.5401,7.26,4.428,0.3448
6.756,1,0,1.5961,-135.9789,7.27,4.4208,0.3379
6.7659,1,0,1.5936,-136.4179,7.28,4.4136,0.331
6.7759,1,0,1.5908,-136.8581,7.29,4.4063,0.3241
6.786,1,0,1.5876,-137.2996,7.3,4.3989,0.3173
6.796,1,0,1.5842,-137.742,7.31,4.3915,0.3106
6.806,1,0,1.5805,-138.1854,7.32,4.3841,0.304
6.8159,1,0,1.5766,-138.6299,7.33,4.3766,0.2974
6.826,1,0,1.5723,-139.0759,7.34,4.369,0.2908
6.836,1,0,1.5678,-139.5237,7.35,4.3614,0.2843
6.8459,1,0,1.563,-139.9728,7.36,4.3538,0.2779
6.8559,1,0,1.5579,-140.4233,7.37,4.3461,0.2715
6.8659,1,0,1.5526,-140.8758,7.38,4.3383,0.2652
6.8759,1,0,1.547,-141.3304,7.39,4.3305,0.259
6.8859,1,0,1.5412,-141.7872,7.4,4.3226,0.2528
6.896,1,0,1.5351,-142.2462,7.41,4.3147,0.2466
6.9059,1,0,1.5288,-142.7071,7.42,4.3068,0.2406
6.916,1,0,1.5222,-143.1704,7.43,4.2988,0.2346
6.9259,1,0,1.5155,-143.6362,7.44,4.2907,0.2287
6.936,1,0,1.5085,-144.1047,7.45,4.2826,0.2228
6.946,1,0,1.5013,-144.5759,7.46,4.2745,0.217
6.9559,1,0,1.4939,-145.0494,7.47,4.2663,0.2113
6.9659,1,0,1.4862,-145.5259,7.48,4.258,0.2056
6.976,1,0,1.4784,-146.0059,7.49,4.2497,0.2
6.9859,1,0,1.4704,-146.489,7.5,4.2414,0.1945
6.996,1,0,1.4623,-146.9753,7.51,4.233,0.189
7.0059,1,0,1.4539,-147.465,7.52,4.2246,0.1837
7.016,1,0,1.4454,-147.9581,7.53,4.2161,0.1784
7.0259,1,0,1.4368,-148.4547,7.54,4.2076,0.1731
7.0359,1,0,1.4279,-148.955,7.55,4.199,0.168
7.0459,1,0,1.419,-149.4595,7.56,4.1904,0.1629
7.056,1,0,1.4099,-149.9684,7.57,4.1817,0.1579
7.066,1,0,1.4007,-150.4813,7.58,4.173,0.153
7.0759,1,0,1.3914,-150.9977,7.59,4.1643,0.1481
7.086,1,0,1.3819,-151.5188,7.6,4.1555,0.1433
7.0959,1,0,1.3724,-152.0447,7.61,4.1467,0.1387
7.1059,1,0,1.3628,-152.5751,7.62,4.1378,0.134
7.1159,1,0,1.3531,-153.1099,7.63,4.1289,0.1295
7.1259,1,0,1.3433,-153.65,7.64,4.1199,0.1251
7.1359,1,0,1.3334,-154.1953,7.65,4.1109,0.1207
7.1459,1,0,1.3235,-154.7455,7.66,4.1019,0.1165
7.156,1,0,1.3136,-155.3012,7.67,4.0928,0.1123
7.1659,1,0,1.3036,-155.862,7.68,4.0837,0.1082
7.1759,1,0,1.2936,-156.428,7.69,4.0745,0.1042
7.186,1,0,1.2836,-157.0004,7.7,4.0653,0.1003
7.1959,1,0,1.2736,-157.5783,7.71,4.0561,0.0965
7.2059,1,0,1.2635,-158.1617,7.72,4.0468,0.0928
7.216,1,0,1.2535,-158.7519,7.73,4.0374,0.0891
7.2259,1,0,1.2434,-159.348,7.74,4.0281,0.0856
7.2359,1,0,1.2335,-159.9498,7.75,4.0187,0.0822
7.2459,1,0,1.2235,-160.5583,7.76,4.0093,0.0789
7.2559,1,0,1.2136,-161.1735,7.77,3.9998,0.0756
7.2659,1,0,1.2037,-161.7955,7.78,3.9903,0.0725
7.276,1,0,1.1939,-162.4245,7.79,3.9808,0.0695
7.2859,1,0,1.1842,-163.0598,7.8,3.9712,0.0666
7.2959,1,0,1.1745,-163.7017,7.81,3.9616,0.0638
7.3059,1,0,1.1649,-164.3508,7.82,3.952,0.0611
7.3159,1,0,1.1554,-165.0073,7.83,3.9423,0.0585
7.3259,1,0,1.1461,-165.6713,7.84,3.9326,0.056
7.3359,1,0,1.1368,-166.3421,7.85,3.9229,0.0536
7.346,1,0,1.1277,-167.0206,7.86,3.9132,0.0514
7.356,1,0,1.1187,-167.7069,7.87,3.9034,0.0493
7.3659,1,0,1.1098,-168.3995,7.88,3.8936,0.0473
7.3759,1,0,1.1011,-169.1,7.89,3.8838,0.0454
7.3859,1,0,1.0925,-169.8085,7.9,3.8739,0.0436
7.3959,1,0,1.0841,-170.5243,7.91,3.8641,0.0419
7.406,1,0,1.0758,-171.2482,7.92,3.8542,0.0404
7.416,1,0,1.0678,-171.9795,7.93,3.8443,0.039
7.426,1,0,1.0599,-172.7182,7.94,3.8344,0.0378
7.4359,1,0,1.0522,-173.4643,7.95,3.8244,0.0366
7.4459,1,0,1.0447,-174.2179,7.96,3.8145,0.0356
7.456,1.0012,0.1164,1.194,-174.9789,7.97,3.8045,0.0347
7.466,1,-0.1167,1.1982,-175.6649,7.98,3.7945,0.034
7.476,1,0,1.2027,-176.2972,7.99,3.7846,0.0333
7.486,1,0,1.2076,-176.9262,8,3.7746,0.0328
7.496,1,0,1.213,-177.5514,8.01,3.7646,0.0324
7.506,1,0,1.2187,-178.1739,8.02,3.7546,0.0321
7.516,1,0,1.2248,-178.7924,8.03,3.7446,0.0318
7.526,1,0,1.2314,-179.4069,8.04,3.7346,0.0317
7.536,1,0,1.2383,179.9829,8.05,3.7246,0.0317
7.546,1,0,1.2456,179.377,8.06,3.7146,0.0319
7.556,1,0,1.2533,178.7766,8.07,3.7046,0.0321
7.566,1,0,1.2615,178.1807,8.08,3.6946,0.0324
7.576,1,0,1.27,177.5895,8.09,3.6846,0.0328
7.586,1,0,1.2789,177.0041,8.1,3.6746,0.0333
7.596,1,0,1.2883,176.4236,8.11,3.6647,0.034
7.606,1,0,1.298,175.848,8.12,3.6547,0.0347
7.616,1,0,1.3082,175.2785,8.13,3.6447,0.0355
7.626,1,0,1.3187,174.7149,8.14,3.6348,0.0364
7.636,1,0,1.3297,174.1566,8.15,3.6248,0.0374
7.646,1,0,1.3411,173.6045,8.16,3.6149,0.0386
7.656,1,0,1.3529,173.0585,8.17,3.6049,0.0398
7.666,1,0,1.3652,172.5179,8.18,3.595,0.0411
7.676,1,0,1.3778,171.9836,8.19,3.5851,0.0425
7.686,1,0,1.3908,171.4564,8.2,3.5752,0.0439
7.6959,1,0,1.4043,170.9355,8.21,3.5654,0.0455
7.706,1,0,1.4182,170.4202,8.22,3.5555,0.0472
7.716,1,0,1.4325,169.9111,8.23,3.5457,0.0489
7.726,1,0,1.4472,169.4085,8.24,3.5358,0.0508
7.736,1,0,1.4624,168.9121,8.25,3.526,0.0527
7.746,1,0,1.4779,168.4229,8.26,3.5162,0.0547
7.756,1,0,1.494,167.94,8.27,3.5064,0.0568
7.766,1,0,1.5104,167.4634,8.28,3.4967,0.059
7.776,1,0,1.5273,166.9931,8.29,3.4869,0.0612
7.786,1,0,1.5446,166.5291,8.3,3.4772,0.0635
7.796,1,0,1.5624,166.0712,8.31,3.4675,0.066
7.806,1,0,1.5806,165.6204,8.32,3.4578,0.0684
7.816,1,0,1.5993,165.1757,8.33,3.4481,0.071
7.826,1,0,1.6183,164.7371,8.34,3.4385,0.0736
7.836,1,0,1.6379,164.3053,8.35,3.4289,0.0763
7.846,1,0,1.6579,163.8796,8.36,3.4193,0.0791
7.856,1,0,1.6784,163.4599,8.37,3.4097,0.082
7.866,1,0,1.6992,163.0468,8.38,3.4001,0.0849
7.876,1,0,1.7207,162.6396,8.39,3.3906,0.0879
7.886,1,0,1.7425,162.2383,8.4,3.381,0.0909
7.896,1,0,1.7649,161.8434,8.41,3.3715,0.094
7.906,1,0,1.7877,161.4542,8.42,3.3621,0.0972
7.916,1,0,1.8109,161.0714,8.43,3.3526,0.1004
7.926,1,0,1.8347,160.6942,8.44,3.3432,0.1038
7.936,1,0,1.859,160.3226,8.45,3.3337,0.1071
7.946,1,0,1.8837,159.9571,8.46,3.3244,0.1105
7.956,1,0,1.909,159.597,8.47,3.315,0.114
7.966,1,0,1.9348,159.2424,8.48,3.3056,0.1176
7.976,1,0,1.9611,158.8936,8.49,3.2963,0.1212
7.986,1,0,1.9878,158.5507,8.5,3.287,0.1248
7.996,1,0,2.0152,158.213,8.51,3.2777,0.1285
8.006,1,0,2.043,157.8804,8.52,3.2685,0.1323
8.016,1,0,2.0715,157.5529,8.53,3.2592,0.1361
8.026,1,0,2.1004,157.231,8.54,3.25,0.14
8.036,1,0,2.1299,156.9146,8.55,3.2408,0.1439
8.046,1,0,2.16,156.6025,8.56,3.2316,0.1479
8.056,1,0,2.1907,156.2952,8.57,3.2224,0.1519
8.066,1,0,2.2219,155.9933,8.58,3.2133,0.156
8.076,1,0,2.2536,155.6965,8.59,3.2042,0.1601
8.086,1,0,2.2861,155.4044,8.6,3.1951,0.1643
8.096,1,0,2.319,155.1169,8.61,3.186,0.1685
8.106,1,0,2.3526,154.8344,8.62,3.177,0.1727
8.116,1,0,2.3869,154.5563,8.63,3.1679,0.177
8.126,1,0,2.4217,154.2827,8.64,3.1589,0.1814
8.136,1,0,2.4572,154.0138,8.65,3.15,0.1857
8.146,1,0,2.4934,153.7492,8.66,3.141,0.1902
8.156,1,0,2.5303,153.4889,8.67,3.132,0.1946
8.166,1,0,2.5677,153.2332,8.68,3.1231,0.1991
8.176,1,0,2.606,152.9815,8.69,3.1142,0.2037
8.186,1,0,2.6448,152.734,8.7,3.1053,0.2082
8.196,1,0,2.6846,152.4904,8.71,3.0964,0.2129
8.206,1,0,2.7249,152.2507,8.72,3.0876,0.2175
8.216,1,0,2.7662,152.015,8.73,3.0787,0.2222
8.226,1,0,2.808,151.7835,8.74,3.07,0.2269
8.236,1,0,2.8508,151.5558,8.75,3.0611,0.2317
8.246,1,0,2.8942,151.3318,8.76,3.0524,0.2365
8.256,1,0,2.9385,151.112,8.77,3.0436,0.2413
8.266,1,0,2.9838,150.8953,8.78,3.0349,0.2462
8.276,1,0,3.0299,150.6822,8.79,3.0262,0.2511
8.286,1,0,3.0767,150.4731,8.8,3.0175,0.256
8.296,1,0,3.1246,150.2674,8.81,3.0088,0.261
8.306,1,0,3.1733,150.0652,8.82,3.0001,0.266
8.316,1,0,3.2231,149.8664,8.83,2.9915,0.271
8.326,1,0,3.2737,149.6709,8.84,2.9829,0.276
8.336,1,0,3.3255,149.4787,8.85,2.9742,0.2811
8.346,1,0,3.3781,149.2898,8.86,2.9656,0.2862
8.356,1,0,3.432,149.1041,8.87,2.957,0.2914
8.366,1,0,3.4868,148.9216,8.88,2.9485,0.2965
8.376,1,0,3.5429,148.7422,8.89,2.9399,0.3017
8.386,1,0,3.6,148.5659,8.9,2.9314,0.3069
8.396,1,0,3.6585,148.3927,8.91,2.9229,0.3122
8.406,1,0,3.718,148.2225,8.92,2.9144,0.3174
8.416,1,0,3.7789,148.0552,8.93,2.9059,0.3227
8.426,1,0,3.841,147.8909,8.94,2.8974,0.328
8.436,1,0,3.9044,147.7295,8.95,2.889,0.3334
8.446,1,0,3.9695,147.5707,8.96,2.8805,0.3388
8.456,1,0,4.0358,147.4147,8.97,2.8721,0.3441
8.466,1,0,4.1035,147.2618,8.98,2.8637,0.3495
8.476,1,0,4.1729,147.1117,8.99,2.8553,0.355
8.486,1,0,4.2439,146.964,9,2.8469,0.3604
8.496,1,0,4.3164,146.819,9.01,2.8385,0.3659
8.506,1,0,4.3907,146.6766,9.02,2.8302,0.3714
8.516,1,0,4.4669,146.5367,9.03,2.8218,0.3769
8.526,1,0,4.5448,146.3993,9.04,2.8135,0.3824
8.536,1,0,4.6245,146.2648,9.05,2.8052,0.388
8.546,1,0,4.7065,146.1325,9.06,2.7969,0.3936
8.556,1,0,4.79,146.0028,9.07,2.7886,0.3991
8.566,1,0,4.8762,145.8755,9.08,2.7803,0.4048
8.576,1,0,4.9645,145.7505,9.09,2.7721,0.4104
8.586,1,0,5.0551,145.6278,9.1,2.7638,0.416
8.596,1,0,5.1483,145.5074,9.11,2.7556,0.4217
8.606,1,0,5.2438,145.3893,9.12,2.7473,0.4274
8.616,1,0,5.342,145.2736,9.13,2.7391,0.4331
8.626,1,0,5.4427,145.1602,9.14,2.7309,0.4388
8.636,1,0,5.5466,145.0491,9.15,2.7227,0.4445
8.646,1,0,5.6534,144.94,9.16,2.7145,0.4503
8.656,1,0,5.7638,144.833,9.17,2.7063,0.456
8.666,1,0,5.8771,144.7283,9.18,2.6982,0.4618
8.676,1,0,5.9939,144.6257,9.19,2.69,0.4676
8.686,1,0,6.1141,144.5253,9.2,2.6819,0.4734
8.696,1,0,6.2388,144.4269,9.21,2.6737,0.4792
8.706,1,0,6.3671,144.3305,9.22,2.6656,0.485
8.716,1,0,6.5,144.2361,9.23,2.6575,0.4909
8.726,1,0,6.6369,144.1439,9.24,2.6494,0.4967
8.736,1,0,6.7787,144.0537,9.25,2.6413,0.5026
8.746,1,0,6.9257,143.9655,9.26,2.6332,0.5085
8.756,1,0,7.078,143.879,9.27,2.6252,0.5144
8.766,1,0,7.2363,143.7945,9.28,2.6171,0.5203
8.776,1,0,7.3999,143.712,9.29,2.609,0.5262
8.786,1,0,7.5703,143.6314,9.3,2.601,0.5321
8.796,1,0,7.7471,143.5527,9.31,2.5929,0.5381
8.806,1,0,7.9315,143.4757,9.32,2.5849,0.544
8.816,1,0,8.1227,143.4007,9.33,2.5769,0.55
8.826,1,0,8.3231,143.3277,9.34,2.5688,0.556
8.836,1,0,8.531,143.2563,9.35,2.5608,0.5619
8.846,1,0,8.7493,143.1868,9.36,2.5528,0.5679
8.856,1,0,8.9783,143.119,9.37,2.5448,0.574
8.866,1,0,9.2161,143.053,9.38,2.5368,0.58
8.876,1,0,9.4665,142.9889,9.39,2.5289,0.586
8.886,1,0,9.7305,142.9264,9.4,2.5209,0.592
8.896,1,0,10.0052,142.8657,9.41,2.5129,0.598
8.906,1,0,10.2969,142.8068,9.42,2.5049,0.6041
8.916,1,0,10.6046,142.7494,9.43,2.497,0.6101
8.926,1,0,10.9274,142.6939,9.44,2.489,0.6162
8.936,1,0,11.2719,142.64,9.45,2.4811,0.6223
8.946,1,0,11.6353,142.5878,9.46,2.4731,0.6283
8.956,1,0,12.0205,142.5373,9.47,2.4652,0.6344
8.966,1,0,12.4322,142.4884,9.48,2.4573,0.6405
8.976,1,0,12.8718,142.4412,9.49,2.4493,0.6466
8.986,1,0,13.34,142.3956,9.5,2.4414,0.6527
8.996,1,0,13.8415,142.3518,9.51,2.4335,0.6588
9.006,1,0,14.3847,142.3095,9.52,2.4256,0.6649
9.016,1,0,14.9646,142.2688,9.53,2.4177,0.6711
9.026,1,0,15.596,142.2298,9.54,2.4097,0.6772
9.036,1,0,16.2797,142.1923,9.55,2.4019,0.6833
9.046,1,0,17.0221,142.1565,9.56,2.394,0.6894
9.056,1,0,17.8349,142.1222,9.57,2.3861,0.6956
9.066,1,0,18.7234,142.0896,9.58,2.3782,0.7017
9.076,1,0,19.7164,142.0585,9.59,2.3703,0.7079
9.086,1,0,20.8133,142.029,9.6,2.3624,0.714
9.096,1,0,22.0301,142.0011,9.61,2.3545,0.7202
9.106,1,0,23.4061,141.9747,9.62,2.3466,0.7264
9.116,1,0,24.9512,141.9499,9.63,2.3388,0.7325
9.126,1,0,26.7104,141.9267,9.64,2.3309,0.7387
9.136,1,0,28.7693,141.905,9.65,2.323,0.7448
9.146,1,0,31.1456,141.8849,9.66,2.3152,0.751
9.156,1,0,33.9734,141.8663,9.67,2.3073,0.7572
9.166,1,0,37.3169,141.8493,9.68,2.2995,0.7634
9.176,1,0,41.4845,141.8339,9.69,2.2916,0.7695
9.186,1,0,46.527,141.8199,9.7,2.2837,0.7757
9.196,1,0,53.1375,141.8075,9.71,2.2758,0.7819
9.206,1,0,61.8896,141.7967,9.72,2.268,0.7881
9.216,1,0,74.3119,141.7874,9.73,2.2601,0.7943
9.226,1,0,92.8802,141.7797,9.74,2.2523,0.8005
9.236,1,0,123.4187,141.7735,9.75,2.2444,0.8067
9.246,1,0,186.7363,141.7688,9.76,2.2366,0.8129
9.256,1,0,343.9786,141.7657,9.77,2.2287,0.819
9.266,1,0,768.5487,141.7642,9.78,2.2209,0.8252
9.276,1,0,343.7432,141.7642,9.79,2.213,0.8314
9.286,1,0,186.4811,141.7657,9.8,2.2051,0.8376
9.296,1,0,123.1659,141.7688,9.81,2.1973,0.8438
9.306,1,0,92.6268,141.7735,9.82,2.1895,0.85
9.316,1,0,74.0587,141.7797,9.83,2.1816,0.8562
9.326,1,0,61.441,141.7875,9.84,2.1737,0.8624
9.336,1,0,52.7608,141.7969,9.85,2.1659,0.8686
9.346,1,0,46.1089,141.8078,9.86,2.158,0.8747
9.356,1,0,40.9407,141.8203,9.87,2.1501,0.8809
9.366,1,0,36.8525,141.8344,9.88,2.1423,0.8871
9.376,1,0,33.4665,141.85,9.89,2.1344,0.8933
9.386,1,0,30.673,141.8673,9.9,2.1265,0.8994
9.396,1,0,28.2677,141.8862,9.91,2.1187,0.9056
9.406,1,0,26.2286,141.9066,9.92,2.1108,0.9118
9.416,1,0,24.4505,141.9287,9.93,2.1029,0.918
9.426,1,0,22.9086,141.9524,9.94,2.0951,0.9241
9.436,1,0,21.5317,141.9777,9.95,2.0872,0.9303
9.446,1,0,20.3115,142.0047,9.96,2.0793,0.9364
9.456,1,0,19.2165,142.0334,9.97,2.0714,0.9426
9.466,1,0,18.234,142.0636,9.98,2.0636,0.9487
9.476,1,0,17.3384,142.0956,9.99,2.0556,0.9549
9.486,1,0,16.5237,142.1292,10,2.0478,0.961
9.496,1,0,15.7794,142.1644,10.01,2.0399,0.9671
9.506,1,0,15.097,142.2015,10.02,2.032,0.9733
9.516,1,0,14.4692,142.2401,10.03,2.0241,0.9794
9.526,1,0,13.883,142.2806,10.04,2.0161,0.9855
9.536,1,0,13.3454,142.3227,10.05,2.0082,0.9916
9.546,1,0,12.8411,142.3666,10.06,2.0003,0.9977
9.556,1,0,12.3712,142.4123,10.07,1.9924,1.0038
9.566,1,0,11.9336,142.4597,10.08,1.9844,1.0099
9.576,1,0,11.5226,142.509,10.09,1.9765,1.016
9.586,1,0,11.1373,142.56,10.1,1.9686,1.0221
9.596,1,0,10.7732,142.6128,10.11,1.9606,1.0282
9.606,1,0,10.4299,142.6675,10.12,1.9527,1.0342
9.616,1,0,10.1066,142.7241,10.13,1.9447,1.0403
9.626,1,0,9.8001,142.7824,10.14,1.9368,1.0463
9.636,1,0,9.5092,142.8426,10.15,1.9288,1.0524
9.646,1,0,9.2323,142.9048,10.16,1.9208,1.0584
9.656,1,0,8.9704,142.9689,10.17,1.9129,1.0644
9.666,1,0,8.7194,143.0349,10.18,1.9048,1.0704
9.676,1,0,8.4816,143.103,10.19,1.8968,1.0764
9.686,1,0,8.2535,143.173,10.2,1.8888,1.0824
9.696,1,0,8.036,143.245,10.21,1.8808,1.0884
9.706,1,0,7.8281,143.3189,10.22,1.8728,1.0944
9.716,1,0,7.6281,143.3949,10.23,1.8648,1.1004
9.726,1,0,7.4371,143.4731,10.24,1.8567,1.1063
9.736,1,0,7.2538,143.5532,10.25,1.8487,1.1122
9.746,1,0,7.0773,143.6355,10.26,1.8406,1.1182
9.756,1,0,6.9073,143.7199,10.27,1.8326,1.1241
9.766,1,0,6.7438,143.8066,10.28,1.8245,1.13
9.776,1,0,6.587,143.8953,10.29,1.8165,1.1359
9.786,1,0,6.4347,143.9863,10.3,1.8083,1.1418
9.796,1,0,6.2888,144.0796,10.31,1.8003,1.1476
9.806,1,0,6.1468,144.1752,10.32,1.7921,1.1535
9.816,1,0,6.0106,144.2731,10.33,1.784,1.1593
9.826,1,0,5.8784,144.3732,10.34,1.7759,1.1652
9.836,1,0,5.7509,144.4757,10.35,1.7678,1.171
9.846,1,0,5.627,144.5807,10.36,1.7596,1.1768
9.856,1,0,5.5071,144.688,10.37,1.7515,1.1825
9.866,1,0,5.3909,144.7979,10.38,1.7433,1.1883
9.876,1,0,5.2782,144.9103,10.39,1.7351,1.194
9.886,1,0,5.1689,145.0252,10.4,1.7269,1.1998
9.896,1,0,5.0627,145.1428,10.41,1.7187,1.2055
9.906,1,0,4.9594,145.2629,10.42,1.7105,1.2112
9.916,1,0,4.8593,145.3857,10.43,1.7023,1.2169
9.926,1,0,4.7618,145.5112,10.44,1.694,1.2225
9.936,1,0,4.6671,145.6395,10.45,1.6857,1.2282
9.946,1,0,4.5751,145.7702,10.46,1.6775,1.2338
9.956,1,0,4.4851,145.904,10.47,1.6692,1.2394
9.966,1,0,4.3978,146.0407,10.48,1.6609,1.245
9.976,1,0,4.3124,146.1802,10.49,1.6526,1.2506
9.986,1,0,4.2295,146.3229,10.5,1.6443,1.2561
9.996,1,0,4.1487,146.4684,10.51,1.6359,1.2616
10.006,1,0,4.0698,146.6168,10.52,1.6276,1.2671
10.016,1,0,3.9927,146.7686,10.53,1.6192,1.2726
10.026,1,0,3.9177,146.9235,10.54,1.6109,1.2781
10.036,1,0,3.8443,147.0815,10.55,1.6025,1.2835
10.046,1,0,3.7728,147.2427,10.56,1.5941,1.2889
10.056,1,0,3.7029,147.4072,10.57,1.5856,1.2943
10.066,1,0,3.6345,147.5752,10.58,1.5772,1.2997
10.076,1,0,3.5678,147.7466,10.59,1.5687,1.305
10.086,1,0,3.5026,147.9214,10.6,1.5603,1.3103
10.096,1,0,3.4387,148.1,10.61,1.5518,1.3156
10.106,1,0,3.3764,148.2821,10.62,1.5433,1.3209
10.116,1,0,3.3154,148.4677,10.63,1.5347,1.3261
10.126,1,0,3.2557,148.6573,10.64,1.5262,1.3313
10.136,1,0,3.1972,148.851,10.65,1.5176,1.3365
10.146,1,0,3.14,149.0484,10.66,1.509,1.3416
10.156,1,0,3.0841,149.2495,10.67,1.5005,1.3467
10.166,1,0,3.0295,149.4546,10.68,1.4919,1.3518
10.176,1,0,2.9757,149.6639,10.69,1.4832,1.3569
10.186,1,0,2.9233,149.8776,10.7,1.4746,1.3619
10.196,1,0,2.8718,150.0954,10.71,1.4659,1.3669
10.206,1,0,2.8216,150.3173,10.72,1.4572,1.3718
10.216,1,0,2.7722,150.5438,10.73,1.4485,1.3767
10.226,1,0,2.7239,150.775,10.74,1.4398,1.3816
10.236,1,0,2.6766,151.0105,10.75,1.431,1.3865
10.246,1,0,2.6302,151.2508,10.76,1.4223,1.3913
10.256,1,0,2.5849,151.4957,10.77,1.4135,1.396
10.266,1,0,2.5403,151.7455,10.78,1.4047,1.4008
10.276,1,0,2.4967,152.0004,10.79,1.3958,1.4055
10.286,1,0,2.454,152.2601,10.8,1.387,1.4101
10.296,1,0,2.4121,152.525,10.81,1.3781,1.4147
10.306,1,0,2.371,152.7953,10.82,1.3692,1.4193
10.316,1,0,2.3308,153.071,10.83,1.3603,1.4238
10.326,1,0,2.2913,153.3523,10.84,1.3514,1.4283
10.336,1,0,2.2526,153.6392,10.85,1.3424,1.4328
10.346,1,0,2.2148,153.9314,10.86,1.3334,1.4372
10.356,1,0,2.1776,154.2294,10.87,1.3244,1.4415
10.366,1,0,2.1412,154.5334,10.88,1.3154,1.4458
10.376,1,0,2.1056,154.8429,10.89,1.3063,1.45
10.3859,1,0,2.0707,155.1585,10.9,1.2973,1.4542
10.396,1,0,2.0364,155.4809,10.91,1.2882,1.4584
10.406,1,0,2.0029,155.8097,10.92,1.279,1.4625
10.416,1,0,1.97,156.1444,10.93,1.2699,1.4665
10.426,1,0,1.9379,156.4857,10.94,1.2607,1.4705
10.436,1,0,1.9064,156.8337,10.95,1.2515,1.4745
10.4459,1,0,1.8755,157.1885,10.96,1.2423,1.4783
10.456,1,0,1.8452,157.5508,10.97,1.2331,1.4822
10.466,1,0,1.8156,157.9202,10.98,1.2238,1.4859
10.476,1,0,1.7867,158.2961,10.99,1.2145,1.4896
10.486,1,0,1.7583,158.6793,11,1.2052,1.4933
10.496,1,0,1.7306,159.0699,11.01,1.1959,1.4968
10.5059,1,0,1.7035,159.4679,11.02,1.1865,1.5003
10.516,1,0,1.6769,159.8743,11.03,1.1771,1.5038
10.526,1,0,1.651,160.2883,11.04,1.1677,1.5072
10.536,1,0,1.6257,160.7096,11.05,1.1583,1.5105
10.546,1,0,1.6008,161.1395,11.06,1.1488,1.5137
10.556,1,0,1.5766,161.5775,11.07,1.1393,1.5168
10.566,1,0,1.553,162.0231,11.08,1.1298,1.5199
10.576,1,0,1.5299,162.4776,11.09,1.1203,1.5229
10.586,1,0,1.5074,162.9406,11.1,1.1107,1.5259
10.596,1,0,1.4854,163.4121,11.11,1.1011,1.5287
10.606,1,0,1.464,163.8923,11.12,1.0915,1.5315
10.616,1,0,1.443,164.3812,11.13,1.0819,1.5342
10.626,1,0,1.4227,164.8789,11.14,1.0722,1.5368
10.636,1,0,1.4029,165.3857,11.15,1.0625,1.5393
10.646,1,0,1.3836,165.9014,11.16,1.0529,1.5418
10.656,1,0,1.3648,166.4264,11.17,1.0431,1.5441
10.666,1,0,1.3466,166.9605,11.18,1.0334,1.5464
10.676,1,0,1.3289,167.5039,11.19,1.0236,1.5485
10.686,1,0,1.3117,168.0567,11.2,1.0138,1.5506
10.6959,1,0,1.295,168.6181,11.21,1.004,1.5526
10.706,1,0,1.2788,169.1898,11.22,0.9942,1.5545
10.716,1,0,1.2631,169.7711,11.23,0.9844,1.5562
10.726,1,0,1.248,170.3611,11.24,0.9745,1.5579
10.7359,1,0,1.2333,170.9598,11.25,0.9647,1.5595
10.746,1,0,1.2192,171.5682,11.26,0.9547,1.5609
10.7559,1,0,1.2055,172.1862,11.27,0.9449,1.5623
10.766,1,0,1.1923,172.8139,11.28,0.9349,1.5636
10.776,1,0,1.1797,173.4512,11.29,0.925,1.5647
10.786,1,0,1.1675,174.0962,11.3,0.915,1.5657
10.7959,1,0,1.1559,174.7499,11.31,0.9051,1.5666
10.806,1,0,1.1447,175.4131,11.32,0.8951,1.5674
10.816,1,0,1.134,176.0857,11.33,0.8851,1.5681
10.826,1,0,1.1238,176.7668,11.34,0.8751,1.5687
10.836,1,0,1.1141,177.4551,11.35,0.8652,1.5691
10.846,1,0,1.1049,178.1517,11.36,0.8552,1.5694
10.8559,1,0,1.0962,178.8562,11.37,0.8452,1.5696
10.866,1,0,1.0879,179.5687,11.38,0.8352,1.5697
10.876,1,0,1.0802,-179.7111,11.39,0.8252,1.5697
10.886,1,0,1.0729,-178.9833,11.4,0.8152,1.5695
10.896,1,0,1.0661,-178.2493,11.41,0.8052,1.5692
10.906,1,0,1.0598,-177.5091,11.42,0.7952,1.5688
10.916,1,0,1.0539,-176.7631,11.43,0.7852,1.5682
10.926,1,0.0001,1.0486,-176.0115,11.44,0.7752,1.5675
10.936,1,0.0001,1.0437,-175.2535,11.45,0.7653,1.5667
10.946,1,0.0001,1.0393,-174.4915,11.46,0.7553,1.5657
10.956,1,0.0001,1.0354,-173.7247,11.47,0.7454,1.5646
10.966,1,0.0001,1.0319,-172.9535,11.48,0.7354,1.5634
10.976,1,0.0001,1.0289,-172.1792,11.49,0.7255,1.562
10.9859,1,0.0001,1.0264,-171.4022,11.5,0.7157,1.5605
10.996,1,0.0001,1.0244,-170.6217,11.51,0.7058,1.5589
11.006,0.9998,-0.0194,4.3341,-170.1358,11.52,0.6959,1.5572
11.016,1,0.0181,4.2697,-169.9937,11.53,0.6861,1.5555
11.026,1,0,4.206,-169.8497,11.54,0.6762,1.5537
11.036,1,0,4.1429,-169.7032,11.55,0.6664,1.5519
11.046,1,0,4.0807,-169.5544,11.56,0.6566,1.5501
11.056,1,0,4.0191,-169.4033,11.57,0.6467,1.5482
11.066,1,0,3.9583,-169.2496,11.58,0.6369,1.5464
11.076,1,0,3.898,-169.0932,11.59,0.6271,1.5445
11.0859,1,0,3.8386,-168.9344,11.6,0.6173,1.5426
11.096,1,0,3.7797,-168.7728,11.61,0.6075,1.5406
11.106,1,0,3.7215,-168.6085,11.62,0.5977,1.5387
11.1159,1,0,3.664,-168.4416,11.63,0.5879,1.5366
11.1259,1,0,3.6072,-168.2717,11.64,0.5781,1.5346
11.136,1,0,3.551,-168.0987,11.65,0.5683,1.5325
11.1459,1,0,3.4955,-167.9229,11.66,0.5585,1.5305
11.156,1,0,3.4405,-167.744,11.67,0.5487,1.5283
11.1659,1,0,3.3863,-167.562,11.68,0.539,1.5262
11.176,1,0,3.3326,-167.3768,11.69,0.5292,1.524
11.1859,1,0,3.2796,-167.1884,11.7,0.5195,1.5218
11.196,1,0,3.2272,-166.9966,11.71,0.5097,1.5195
11.206,1,0,3.1754,-166.8012,11.72,0.5,1.5172
11.216,1,0,3.1243,-166.6025,11.73,0.4903,1.5149
11.226,1,0,3.0737,-166.4004,11.74,0.4805,1.5126
11.236,1,0,3.0237,-166.1943,11.75,0.4708,1.5102
11.2459,1,0,2.9745,-165.9846,11.76,0.4611,1.5078
11.2559,1,0,2.9257,-165.7711,11.77,0.4514,1.5053
11.266,1,0,2.8775,-165.5535,11.78,0.4418,1.5028
11.276,1,0,2.8299,-165.3317,11.79,0.4321,1.5003
11.286,1,0,2.783,-165.1058,11.8,0.4224,1.4977
11.296,1,0,2.7366,-164.8759,11.81,0.4128,1.4951
11.306,1,0,2.6907,-164.6415,11.82,0.4031,1.4925
11.3159,1,0,2.6456,-164.4028,11.83,0.3935,1.4898
11.326,1,0,2.6009,-164.1594,11.84,0.3839,1.487
11.3359,1,0,2.5568,-163.9112,11.85,0.3743,1.4843
11.346,1,0,2.5133,-163.6582,11.86,0.3647,1.4815
11.3559,1,0,2.4703,-163.4001,11.87,0.3551,1.4786
11.3659,1,0,2.428,-163.1372,11.88,0.3455,1.4757
11.376,1,0,2.3861,-162.8688,11.89,0.3359,1.4727
11.386,1,0,2.3449,-162.5951,11.9,0.3264,1.4698
11.3959,1,0,2.3042,-162.3161,11.91,0.3169,1.4667
11.406,1,0,2.264,-162.0313,11.92,0.3074,1.4636
11.4159,1,0,2.2244,-161.7407,11.93,0.2979,1.4605
11.4259,1,0,2.1854,-161.4443,11.94,0.2884,1.4573
11.436,1,0,2.1469,-161.1415,11.95,0.2789,1.4541
11.446,1,0,2.1089,-160.8326,11.96,0.2695,1.4508
11.4559,1,0,2.0716,-160.5173,11.97,0.2601,1.4475
11.466,1,0,2.0347,-160.1953,11.98,0.2506,1.4441
11.476,1,0,1.9983,-159.8663,11.99,0.2413,1.4406
11.4859,1,0,1.9626,-159.5305,12,0.2319,1.4371
11.496,1,0,1.9274,-159.1874,12.01,0.2225,1.4336
11.5059,1,0,1.8928,-158.8372,12.02,0.2132,1.43
11.516,1,0,1.8586,-158.4794,12.03,0.2039,1.4263
11.526,1,0,1.825,-158.1133,12.04,0.1946,1.4226
11.5359,1,0,1.7919,-157.7396,12.05,0.1854,1.4188
11.5459,1,0,1.7594,-157.3577,12.06,0.1762,1.4149
11.5559,1,0,1.7275,-156.9673,12.07,0.167,1.411
11.5659,1,0,1.696,-156.5683,12.08,0.1578,1.4071
11.5759,1,0,1.6651,-156.1601,12.09,0.1486,1.403
11.5859,1,0,1.6348,-155.7427,12.1,0.1395,1.3989
11.5959,1,0,1.605,-155.3161,12.11,0.1304,1.3947
11.6059,1,0,1.5757,-154.8795,12.12,0.1214,1.3905
11.616,1,0,1.5469,-154.4328,12.13,0.1123,1.3862
11.626,1,0,1.5187,-153.976,12.14,0.1034,1.3818
11.6359,1,0,1.4911,-153.509,12.15,0.0944,1.3773
11.646,1,0,1.4639,-153.0311,12.16,0.0855,1.3728
11.6559,1,0,1.4374,-152.5424,12.17,0.0766,1.3682
11.6659,1,0,1.4113,-152.0423,12.18,0.0678,1.3635
11.676,1,0,1.3858,-151.53,12.19,0.059,1.3587
11.6859,1,0,1.3609,-151.0062,12.2,0.0503,1.3539
11.696,1,0,1.3364,-150.47,12.21,0.0416,1.3489
11.7059,1,0,1.3126,-149.9214,12.22,0.0329,1.3439
11.716,1,0,1.2893,-149.3599,12.23,0.0243,1.3388
11.7259,1,0,1.2665,-148.7852,12.24,0.0157,1.3337
11.736,1,0,1.2443,-148.1972,12.25,0.0072,1.3284
11.7459,1,0,1.2226,-147.5955,12.26,-0.0012,1.323
11.7559,1,0,1.2015,-146.9799,12.27,-0.0096,1.3176
11.766,1,0,1.1809,-146.3494,12.28,-0.0179,1.312
11.7759,1,0,1.1609,-145.7051,12.29,-0.0262,1.3064
11.7859,1,0,1.1414,-145.0459,12.3,-0.0344,1.3007
11.7959,1,0,1.1225,-144.3712,12.31,-0.0425,1.2948
11.8059,1,0,1.1041,-143.6811,12.32,-0.0505,1.2889
11.8159,1,0,1.0864,-142.9755,12.33,-0.0585,1.2829
11.8259,1,0,1.0691,-142.2541,12.34,-0.0664,1.2768
11.8359,1,0,1.0525,-141.5167,12.35,-0.0743,1.2706
11.8459,1,0,1.0363,-140.7631,12.36,-0.082,1.2642
11.8559,1,0,1.0208,-139.9932,12.37,-0.0897,1.2578
11.8659,1,0,1.0058,-139.2067,12.38,-0.0972,1.2513
11.8759,0.9987,-0.129,0.9914,-138.4042,12.39,-0.1047,1.2446
11.8859,0.9922,-0.6475,0.9777,-137.5886,12.4,-0.112,1.2379
11.8957,0.9855,-0.6777,0.9647,-136.7629,12.41,-0.1192,1.2312
11.9055,0.979,-0.6482,0.9522,-135.9266,12.42,-0.1262,1.2244
11.9152,0.9728,-0.6206,0.9404,-135.0791,12.43,-0.1331,1.2175
11.9249,0.9668,-0.593,0.9293,-134.2223,12.44,-0.1399,1.2106
11.9345,0.9612,-0.5639,0.9187,-133.3555,12.45,-0.1465,1.2036
11.9441,0.9558,-0.5369,0.9087,-132.4791,12.46,-0.1529,1.1966
11.9536,0.9507,-0.5081,0.8993,-131.5934,12.47,-0.1592,1.1894
11.963,0.9459,-0.4807,0.8904,-130.6979,12.48,-0.1654,1.1823
11.9724,0.9414,-0.4534,0.8822,-129.7946,12.49,-0.1714,1.175
11.9818,0.9372,-0.4249,0.8745,-128.883,12.5,-0.1773,1.1677
11.9911,0.9332,-0.3976,0.8673,-127.9628,12.51,-0.1831,1.1604
12.0004,0.9295,-0.37,0.8607,-127.0351,12.52,-0.1887,1.153
12.0097,0.9261,-0.3425,0.8546,-126.1004,12.53,-0.1941,1.1455
12.0189,0.9229,-0.3147,0.849,-125.1584,12.54,-0.1994,1.1379
12.0281,0.92,-0.2878,0.844,-124.2104,12.55,-0.2046,1.1303
12.0373,0.9174,-0.2599,0.8395,-123.2569,12.56,-0.2096,1.1227
12.0465,0.9151,-0.2327,0.8355,-122.2975,12.57,-0.2145,1.1149
12.0556,0.9131,-0.2054,0.832,-121.3337,12.58,-0.2193,1.1071
12.0647,0.9113,-0.1781,0.829,-120.366,12.59,-0.2239,1.0993
12.0738,0.9098,-0.1507,0.8265,-119.3942,12.6,-0.2283,1.0913
12.0829,0.9085,-0.1237,0.8245,-118.4197,12.61,-0.2327,1.0834
12.092,0.9076,-0.0963,0.823,-117.4431,12.62,-0.2368,1.0753
12.101,0.9069,-0.0691,0.822,-116.4632,12.63,-0.2409,1.0672
12.1101,0.9065,-0.042,0.8214,-115.4824,12.64,-0.2448,1.059
12.1192,0.9063,-0.0148,0.8214,-114.5014,12.65,-0.2486,1.0507
12.1282,0.9064,0.0123,0.8219,-113.5207,12.66,-0.2522,1.0424
12.1373,0.9068,0.0394,0.8228,-112.5411,12.67,-0.2556,1.0341
12.1464,0.9075,0.0665,0.8243,-111.5612,12.68,-0.259,1.0256
12.1554,0.9084,0.0938,0.8262,-110.5835,12.69,-0.2622,1.0171
12.1645,0.9096,0.1207,0.8287,-109.6087,12.7,-0.2652,1.0085
12.1737,0.9111,0.1478,0.8316,-108.6363,12.71,-0.2681,0.9999
12.1828,0.9129,0.1749,0.8351,-107.668,12.72,-0.2709,0.9912
12.1919,0.9149,0.202,0.839,-106.7042,12.73,-0.2735,0.9825
12.2011,0.9172,0.2288,0.8435,-105.7446,12.74,-0.276,0.9736
12.2103,0.9197,0.2561,0.8484,-104.7898,12.75,-0.2784,0.9647
12.2195,0.9226,0.2832,0.8539,-103.8412,12.76,-0.2806,0.9558
12.2288,0.9257,0.3102,0.8599,-102.8993,12.77,-0.2826,0.9468
12.2381,0.929,0.337,0.8664,-101.9636,12.78,-0.2846,0.9377
12.2474,0.9327,0.3644,0.8734,-101.0347,12.79,-0.2864,0.9285
12.2568,0.9366,0.3915,0.881,-100.1138,12.8,-0.288,0.9193
12.2662,0.9408,0.4182,0.8891,-99.2005,12.81,-0.2895,0.91
12.2756,0.9452,0.4457,0.8978,-98.2952,12.82,-0.2909,0.9006
12.2851,0.95,0.4728,0.9071,-97.3991,12.83,-0.2921,0.8912
12.2947,0.955,0.4994,0.9169,-96.5117,12.84,-0.2932,0.8817
12.3043,0.9602,0.5271,0.9272,-95.6333,12.85,-0.2941,0.8722
12.3139,0.9658,0.5542,0.9382,-94.765,12.86,-0.2949,0.8626
12.3236,0.9716,0.5809,0.9498,-93.9064,12.87,-0.2956,0.8529
12.3334,0.9777,0.6086,0.9619,-93.0575,12.88,-0.2961,0.8431
12.3433,0.984,0.6353,0.9747,-92.2187,12.89,-0.2965,0.8333
12.3532,0.9906,0.6625,0.9881,-91.3894,12.9,-0.2967,0.8234
12.3632,0.9975,0.6824,1.0022,-90.5705,12.91,-0.2968,0.8134
12.3732,1,0.2549,1.0168,-89.7646,12.92,-0.2968,0.8034
12.3832,1,0,1.0319,-88.974,12.93,-0.2966,0.7934
12.3931,1,0,1.0476,-88.2001,12.94,-0.2963,0.7834
12.4031,1,0,1.0639,-87.4421,12.95,-0.2958,0.7734
12.4132,1,0,1.0806,-86.6991,12.96,-0.2953,0.7634
12.4232,1,0,1.0979,-85.9724,12.97,-0.2946,0.7535
12.4331,1,0,1.1158,-85.2618,12.98,-0.2937,0.7435
12.4431,1,0,1.1341,-84.5664,12.99,-0.2928,0.7335
12.4531,1,0,1.153,-83.886,13,-0.2917,0.7236
12.4631,1,0,1.1724,-83.2204,13.01,-0.2905,0.7137
12.4731,1,0,1.1923,-82.5694,13.02,-0.2893,0.7037
12.4831,1,0,1.2127,-81.9327,13.03,-0.2878,0.6938
12.4932,1,0,1.2336,-81.3102,13.04,-0.2863,0.684
12.5032,1,0,1.255,-80.7015,13.05,-0.2847,0.6741
12.5132,1,0,1.2769,-80.1064,13.06,-0.283,0.6642
12.5231,1,0,1.2993,-79.5247,13.07,-0.2812,0.6544
12.5331,1,0,1.3222,-78.9561,13.08,-0.2793,0.6446
12.5432,1,0,1.3457,-78.3998,13.09,-0.2773,0.6348
12.5532,1,0,1.3696,-77.8555,13.1,-0.2752,0.625
12.5632,1,0,1.3939,-77.3236,13.11,-0.273,0.6153
12.5731,1,0,1.4188,-76.8038,13.12,-0.2707,0.6055
12.5832,1,0,1.4441,-76.2953,13.13,-0.2683,0.5958
12.5932,1,0,1.4699,-75.7979,13.14,-0.2659,0.5861
12.6032,1,0,1.4962,-75.3113,13.15,-0.2633,0.5764
12.6132,1,0,1.523,-74.8354,13.16,-0.2607,0.5668
12.6232,1,0,1.5502,-74.3698,13.17,-0.258,0.5572
12.6332,1,0,1.5779,-73.9144,13.18,-0.2552,0.5476
12.6432,1,0,1.606,-73.469,13.19,-0.2524,0.538
12.6532,1,0,1.6346,-73.0327,13.2,-0.2495,0.5284
12.6632,1,0,1.6637,-72.606,13.21,-0.2465,0.5189
12.6731,1,0,1.6932,-72.1886,13.22,-0.2434,0.5093
12.6832,1,0,1.7232,-71.7793,13.23,-0.2403,0.4998
12.6932,1,0,1.7536,-71.3784,13.24,-0.2371,0.4903
12.7031,1,0,1.7844,-70.9868,13.25,-0.2339,0.4809
12.7131,1,0,1.8157,-70.6033,13.26,-0.2305,0.4715
12.7232,1,0,1.8474,-70.2271,13.27,-0.2271,0.4621
12.7332,1,0,1.8796,-69.8587,13.28,-0.2237,0.4527
12.7431,1,-0.0003,1.9122,-69.4978,13.29,-0.2202,0.4433
12.7531,0.9948,-0.5256,1.9452,-69.1447,13.3,-0.2167,0.434
12.7629,0.9848,-1.0021,1.9781,-68.8017,13.31,-0.2131,0.4248
12.7727,0.9748,-0.9982,2.0112,-68.4688,13.32,-0.2095,0.4158
12.7823,0.9647,-1.0011,2.0442,-68.1453,13.33,-0.2059,0.4068
12.7919,0.9547,-0.9998,2.0774,-67.8315,13.34,-0.2023,0.398
12.8013,0.9447,-1,2.1106,-67.5267,13.35,-0.1987,0.3892
12.8107,0.9347,-1.0002,2.1437,-67.2306,13.36,-0.1951,0.3806
12.8199,0.9248,-1.0003,2.1769,-66.943,13.37,-0.1915,0.3721
12.8291,0.9147,-0.9989,2.2102,-66.6633,13.38,-0.1878,0.3637
12.8381,0.9047,-1.0006,2.2433,-66.3913,13.39,-0.1842,0.3554
12.8471,0.8947,-1.0008,2.2764,-66.1272,13.4,-0.1806,0.3472
12.8559,0.8847,-0.9994,2.3095,-65.8704,13.41,-0.177,0.3392
12.8647,0.8747,-0.9995,2.3426,-65.6203,13.42,-0.1734,0.3312
12.8733,0.8647,-1.0013,2.3755,-65.3773,13.43,-0.1698,0.3233
12.8819,0.8547,-0.9998,2.4083,-65.141,13.44,-0.1662,0.3156
12.8903,0.8448,-0.9999,2.4411,-64.911,13.45,-0.1626,0.3079
12.8987,0.8348,-1,2.4738,-64.6872,13.46,-0.159,0.3004
12.9069,0.8247,-0.9984,2.5064,-64.469,13.47,-0.1555,0.2929
12.9151,0.8147,-1.0021,2.5388,-64.2566,13.48,-0.1519,0.2856
12.9231,0.8047,-1.0005,2.571,-64.0504,13.49,-0.1484,0.2784
12.9311,0.7947,-0.9987,2.6032,-63.8494,13.5,-0.1449,0.2712
12.9389,0.7847,-1.0007,2.6351,-63.6536,13.51,-0.1414,0.2642
12.9467,0.7747,-0.9989,2.667,-63.4628,13.52,-0.138,0.2573
12.9543,0.7647,-1.001,2.6986,-63.2769,13.53,-0.1345,0.2504
12.9618,0.7547,-1.0011,2.73,-63.0962,13.54,-0.1311,0.2437
12.9693,0.7447,-0.9972,2.7613,-62.9198,13.55,-0.1277,0.2371
12.9766,0.7347,-1.0035,2.7923,-62.7482,13.56,-0.1244,0.2306
12.9839,0.7247,-0.9973,2.8232,-62.581,13.57,-0.121,0.2241
12.991,0.7147,-1.0017,2.8536,-62.418,13.58,-0.1177,0.2178
12.9981,0.7047,-0.9997,2.884,-62.2594,13.59,-0.1144,0.2115
13.005,0.6947,-0.9997,2.9141,-62.1047,13.6,-0.1112,0.2054
13.0119,0.6847,-0.9998,2.944,-61.9539,13.61,-0.108,0.1994
13.0186,0.6747,-1,2.9736,-61.8069,13.62,-0.1048,0.1934
13.0253,0.6647,-1.0001,3.0029,-61.6637,13.63,-0.1016,0.1875
13.0318,0.6547,-1.0002,3.032,-61.5242,13.64,-0.0985,0.1818
13.0383,0.6447,-1.0003,3.0607,-61.3883,13.65,-0.0954,0.1761
13.0446,0.6347,-1.0004,3.0892,-61.2559,13.66,-0.0924,0.1706
13.0509,0.6247,-1.0005,3.1173,-61.1271,13.67,-0.0893,0.1651
13.057,0.6147,-0.998,3.1452,-61.0014,13.68,-0.0864,0.1597
13.0631,0.6047,-1.0007,3.1727,-60.8787,13.69,-0.0834,0.1544
13.069,0.5947,-1.0009,3.1999,-60.7594,13.7,-0.0805,0.1492
13.0749,0.5847,-1.001,3.2267,-60.6434,13.71,-0.0777,0.1442
13.0806,0.5747,-0.9983,3.2533,-60.5304,13.72,-0.0748,0.1392
13.0862,0.5647,-1.0013,3.2795,-60.4202,13.73,-0.072,0.1343
13.0918,0.5547,-0.9984,3.3053,-60.3128,13.74,-0.0693,0.1294
13.0972,0.5447,-1.0015,3.3308,-60.2083,13.75,-0.0666,0.1247
13.1026,0.5347,-0.9985,3.356,-60.1065,13.76,-0.0639,0.1201
13.1078,0.5247,-1.0018,3.3807,-60.0074,13.77,-0.0613,0.1155
13.113,0.5147,-0.9987,3.4051,-59.911,13.78,-0.0587,0.1111
13.1181,0.5047,-0.9987,3.4292,-59.817,13.7901,-0.0562,0.1067
13.123,0.4947,-1.0021,3.4528,-59.7255,13.8001,-0.0537,0.1024
13.1278,0.4847,-1.0024,3.476,-59.637,13.81,-0.0512,0.0983
13.1326,0.4747,-0.9954,3.4989,-59.5507,13.82,-0.0488,0.0941
13.1372,0.4647,-1.0026,3.5213,-59.4666,13.83,-0.0465,0.0901
13.1418,0.4547,-0.999,3.5433,-59.385,13.8401,-0.0441,0.0862
13.1462,0.4447,-1.003,3.5649,-59.3059,13.85,-0.0419,0.0824
13.1506,0.4347,-0.9953,3.5862,-59.2289,13.8601,-0.0396,0.0787
13.1548,0.4247,-1.0032,3.6069,-59.154,13.87,-0.0375,0.075
13.159,0.4147,-0.9993,3.6273,-59.0815,13.88,-0.0353,0.0715
13.163,0.4047,-0.9994,3.6472,-59.0111,13.8901,-0.0333,0.068
13.167,0.3947,-0.9994,3.6668,-58.9427,13.9001,-0.0312,0.0646
13.1708,0.3847,-1.004,3.6857,-58.8766,13.91,-0.0292,0.0613
13.1746,0.3747,-0.995,3.7044,-58.8125,13.9201,-0.0273,0.0581
13.1782,0.3647,-1.0044,3.7225,-58.7504,13.93,-0.0254,0.055
13.1817,0.3547,-0.9999,3.7401,-58.6906,13.94,-0.0236,0.052
13.1852,0.3447,-0.9948,3.7574,-58.6324,13.9501,-0.0218,0.049
13.1885,0.3347,-1.005,3.7742,-58.5761,13.96,-0.02,0.0462
13.1918,0.3247,-1.0001,3.7904,-58.522,13.97,-0.0183,0.0434
13.195,0.3147,-0.9945,3.8065,-58.4695,13.9801,-0.0167,0.0407
13.198,0.3047,-1.0058,3.8218,-58.4189,13.9901,-0.0151,0.0381
13.2009,0.2947,-1.0004,3.8366,-58.3704,14,-0.0135,0.0356
13.2038,0.2847,-0.9942,3.8512,-58.3235,14.0101,-0.012,0.0332
13.2065,0.2747,-1.0068,3.865,-58.2785,14.02,-0.0106,0.0309
13.2092,0.2647,-0.994,3.8786,-58.2352,14.0301,-0.0092,0.0286
13.2117,0.2547,-1.0076,3.8915,-58.1938,14.04,-0.0079,0.0264
13.2142,0.2447,-0.9937,3.904,-58.1541,14.0501,-0.0066,0.0244
13.2165,0.2347,-1.0007,3.916,-58.1159,14.0601,-0.0053,0.0224
13.2188,0.2246,-1.0009,3.9276,-58.0796,14.0701,-0.0041,0.0205
13.2209,0.2146,-1.0011,3.9386,-58.0449,14.0801,-0.003,0.0186
13.223,0.2047,-1.0013,3.949,-58.0121,14.0901,-0.0019,0.0169
13.2249,0.1946,-0.9923,3.9592,-57.9807,14.1002,-0.0009,0.0152
13.2268,0.1846,-1.011,3.9686,-57.951,14.1101,0.0001,0.0137
13.2285,0.1746,-0.9918,3.9777,-57.923,14.1202,0.001,0.0122
13.2302,0.1646,-1.0015,3.9862,-57.8965,14.1302,0.0019,0.0108
13.2317,0.1545,-1.0019,3.9942,-57.8717,14.1402,0.0027,0.0095
13.2331,0.1446,-1.0024,4.0016,-57.8486,14.1501,0.0035,0.0083
13.2345,0.1346,-1.0031,4.0085,-57.8272,14.16,0.0042,0.0071
13.2357,0.1246,-0.989,4.015,-57.8072,14.1702,0.0049,0.0061
13.2369,0.1145,-1.0023,4.021,-57.7887,14.1802,0.0055,0.0051
13.2379,0.1045,-1.0031,4.0264,-57.7718,14.1902,0.006,0.0042
13.2389,0.0945,-1.0043,4.0314,-57.7565,14.2002,0.0065,0.0034
13.2397,0.0844,-0.9836,4.0358,-57.7427,14.2104,0.007,0.0027
13.2405,0.0744,-1.0289,4.0396,-57.7306,14.2201,0.0074,0.0021
13.2411,0.0646,-0.9816,4.043,-57.7201,14.2302,0.0077,0.0015
13.2417,0.0546,-1.0069,4.0458,-57.711,14.2401,0.008,0.0011
13.2421,0.0443,-0.9682,4.0483,-57.7032,14.2508,0.0083,0.0007
13.2425,0.0342,-1.058,4.05,-57.6972,14.2603,0.0085,0.0004
13.2427,0.0242,-0.9554,4.0513,-57.6928,14.2707,0.0086,0.0002
13.2429,0.0138,-0.9967,4.052,-57.6897,14.2812,0.0087,0.0001