0.000, 0.001, 0.100, 3.142, 0, 0.000, 4.000, -0.005
0.000, 0.002, 0.100, 3.142, 0, 0.010, 4.000, -0.005
0.000, 0.005, 0.250, 3.142, 0, 0.020, 4.000, -0.005
0.000, 0.008, 0.350, 3.142, 0, 0.030, 4.000, -0.005
0.000, 0.013, 0.450, 3.142, 0, 0.040, 4.000, -0.005
0.000, 0.018, 0.550, 3.142, 0, 0.050, 4.000, -0.005
0.001, 0.025, 0.650, 3.142, 0, 0.060, 3.999, -0.005
0.001, 0.032, 0.750, 3.142, 0, 0.070, 3.999, -0.005
0.001, 0.041, 0.850, 3.142, 0, 0.080, 3.999, -0.005
0.002, 0.050, 0.950, 3.142, 0, 0.090, 3.998, -0.005
0.003, 0.060, 1.000, 3.142, 0, 0.100, 3.997, -0.005
0.003, 0.070, 1.000, 3.142, 0, 0.110, 3.997, -0.005
0.004, 0.080, 1.000, 3.142, 0, 0.120, 3.996, -0.005
0.005, 0.090, 1.000, 3.142, 0, 0.130, 3.995, -0.005
0.006, 0.100, 1.000, 3.142, 0, 0.140, 3.994, -0.005
0.007, 0.110, 1.000, 3.142, 0, 0.150, 3.993, -0.005
0.008, 0.120, 1.000, 3.142, 0, 0.160, 3.992, -0.005
0.010, 0.130, 1.000, 3.142, 0, 0.170, 3.990, -0.005
0.011, 0.140, 1.000, 3.142, 0, 0.180, 3.989, -0.005
0.012, 0.150, 1.000, 3.142, 0, 0.190, 3.988, -0.005
0.014, 0.160, 1.000, 3.141, 0, 0.200, 3.986, -0.005
0.016, 0.170, 1.000, 3.141, 0, 0.210, 3.984, -0.005
0.018, 0.180, 1.000, 3.141, 0, 0.220, 3.982, -0.005
0.019, 0.190, 1.000, 3.141, 0, 0.230, 3.981, -0.005
0.021, 0.200, 1.000, 3.141, 0, 0.240, 3.979, -0.005
0.024, 0.210, 1.000, 3.141, 0, 0.250, 3.976, -0.005
0.026, 0.220, 1.000, 3.141, 0, 0.260, 3.974, -0.005
0.028, 0.230, 1.000, 3.141, 0, 0.270, 3.972, -0.005
0.030, 0.240, 1.000, 3.141, 0, 0.280, 3.970, -0.005
0.033, 0.250, 1.000, 3.141, 0, 0.290, 3.967, -0.005
0.036, 0.260, 1.000, 3.141, 0, 0.300, 3.964, -0.005
0.038, 0.270, 1.000, 3.141, 0, 0.310, 3.962, -0.005
0.041, 0.280, 1.001, 3.141, 0, 0.320, 3.959, -0.005
0.044, 0.290, 1.001, 3.141, 0, 0.330, 3.956, -0.005
0.047, 0.300, 1.001, 3.141, 0, 0.340, 3.953, -0.005
0.050, 0.310, 1.001, 3.140, 0, 0.350, 3.950, -0.005
0.053, 0.320, 1.001, 3.140, 0, 0.360, 3.947, -0.005
0.057, 0.330, 1.001, 3.140, 0, 0.370, 3.943, -0.005
0.060, 0.340, 1.001, 3.140, 0, 0.380, 3.940, -0.005
0.063, 0.350, 1.001, 3.140, 0, 0.390, 3.937, -0.005
0.067, 0.360, 1.001, 3.139, 0, 0.400, 3.933, -0.005
0.071, 0.370, 1.001, 3.139, 0, 0.410, 3.929, -0.005
0.075, 0.380, 1.001, 3.139, 0, 0.420, 3.925, -0.005
0.078, 0.390, 1.001, 3.139, 0, 0.430, 3.922, -0.005
0.082, 0.400, 1.001, 3.138, 0, 0.440, 3.918, -0.005
0.087, 0.410, 1.001, 3.138, 0, 0.450, 3.913, -0.005
0.091, 0.420, 1.001, 3.138, 0, 0.460, 3.909, -0.005
0.095, 0.430, 1.001, 3.137, 0, 0.470, 3.905, -0.005
0.099, 0.440, 1.001, 3.137, 0, 0.480, 3.901, -0.005
0.104, 0.450, 1.001, 3.137, 0, 0.490, 3.896, -0.005
0.109, 0.460, 1.001, 3.136, 0, 0.500, 3.891, -0.005
0.113, 0.470, 1.002, 3.136, 0, 0.510, 3.887, -0.005
0.118, 0.480, 1.002, 3.135, 0, 0.520, 3.882, -0.005
0.123, 0.490, 1.002, 3.135, 0, 0.530, 3.877, -0.005
0.128, 0.500, 1.002, 3.134, 0, 0.540, 3.872, -0.005
0.133, 0.510, 1.002, 3.133, 0, 0.550, 3.867, -0.005
0.138, 0.520, 1.002, 3.133, 0, 0.560, 3.862, -0.005
0.144, 0.530, 1.002, 3.132, 0, 0.570, 3.856, -0.005
0.149, 0.540, 1.002, 3.131, 0, 0.580, 3.851, -0.004
0.154, 0.550, 1.002, 3.130, 0, 0.590, 3.846, -0.004
0.160, 0.560, 1.002, 3.130, 0, 0.600, 3.840, -0.004
0.166, 0.570, 1.002, 3.129, 0, 0.610, 3.834, -0.004
0.172, 0.580, 1.002, 3.128, 0, 0.620, 3.828, -0.004
0.177, 0.590, 1.003, 3.127, 0, 0.630, 3.823, -0.004
0.184, 0.601, 1.003, 3.126, 0, 0.640, 3.817, -0.004
0.190, 0.611, 1.003, 3.125, 0, 0.650, 3.810, -0.004
0.196, 0.621, 1.003, 3.124, 0, 0.660, 3.804, -0.004
0.202, 0.631, 1.003, 3.122, 0, 0.670, 3.798, -0.004
0.209, 0.641, 1.003, 3.121, 0, 0.680, 3.791, -0.004
0.215, 0.651, 1.003, 3.120, 0, 0.690, 3.785, -0.003
0.222, 0.661, 1.003, 3.118, 0, 0.700, 3.778, -0.003
0.228, 0.671, 1.004, 3.117, 0, 0.710, 3.772, -0.003
0.235, 0.681, 1.004, 3.115, 0, 0.720, 3.765, -0.003
0.242, 0.691, 1.004, 3.114, 0, 0.730, 3.758, -0.003
0.249, 0.701, 1.004, 3.112, 0, 0.740, 3.751, -0.003
0.256, 0.711, 1.004, 3.110, 0, 0.750, 3.744, -0.002
0.263, 0.721, 1.004, 3.108, 0, 0.760, 3.737, -0.002
0.271, 0.731, 1.005, 3.107, 0, 0.770, 3.729, -0.002
0.278, 0.741, 1.005, 3.104, 0, 0.780, 3.722, -0.002
0.286, 0.751, 1.005, 3.102, 0, 0.790, 3.714, -0.001
0.293, 0.761, 1.005, 3.100, 0, 0.800, 3.707, -0.001
0.301, 0.771, 1.006, 3.098, 0, 0.810, 3.699, -0.001
0.309, 0.781, 1.006, 3.095, 0, 0.820, 3.691, -0.000
0.317, 0.791, 1.006, 3.093, 0, 0.830, 3.683, 0.000
0.325, 0.801, 1.006, 3.090, 0, 0.840, 3.675, 0.000
0.333, 0.811, 1.007, 3.087, 0, 0.850, 3.667, 0.001
0.341, 0.822, 1.007, 3.084, 0, 0.860, 3.659, 0.001
0.349, 0.832, 1.007, 3.081, 0, 0.870, 3.651, 0.002
0.358, 0.842, 1.008, 3.077, 0, 0.880, 3.642, 0.002
0.366, 0.852, 1.008, 3.074, 0, 0.890, 3.634, 0.003
0.375, 0.862, 1.009, 3.070, 0, 0.900, 3.625, 0.004
0.384, 0.872, 1.009, 3.067, 0, 0.910, 3.617, 0.004
0.392, 0.882, 1.010, 3.062, 0, 0.920, 3.608, 0.005
0.401, 0.892, 1.010, 3.058, 0, 0.930, 3.599, 0.006
0.410, 0.902, 1.011, 3.054, 0, 0.940, 3.590, 0.006
0.419, 0.912, 1.011, 3.049, 0, 0.950, 3.581, 0.007
0.429, 0.922, 1.012, 3.044, 0, 0.960, 3.572, 0.008
0.438, 0.933, 1.013, 3.039, 0, 0.970, 3.562, 0.009
0.447, 0.943, 1.014, 3.034, 0, 0.980, 3.553, 0.010
0.457, 0.953, 1.015, 3.028, 0, 0.990, 3.544, 0.011
0.467, 0.963, 0.966, 3.022, 0, 1.000, 3.534, 0.012
0.476, 0.971, 0.866, 3.015, 0, 1.010, 3.524, 0.013
0.486, 0.979, 0.767, 3.009, 0, 1.020, 3.515, 0.015
0.496, 0.986, 0.668, 3.002, 0, 1.030, 3.505, 0.016
0.506, 0.991, 0.569, 2.994, 0, 1.040, 3.495, 0.017
0.516, 0.996, 0.470, 2.986, 0, 1.050, 3.485, 0.019
0.526, 1.000, 0.370, 2.978, 0, 1.060, 3.475, 0.020
0.536, 1.002, 0.271, 2.969, 0, 1.070, 3.465, 0.022
0.546, 1.004, 0.172, 2.960, 0, 1.080, 3.456, 0.024
0.556, 1.005, 0.073, 2.950, 0, 1.090, 3.446, 0.026
0.566, 1.005, 0.025, 2.940, 0, 1.100, 3.436, 0.028
0.576, 1.005, 0.026, 2.930, 0, 1.110, 3.426, 0.030
0.586, 1.006, 0.028, 2.919, 0, 1.120, 3.416, 0.032
0.596, 1.006, 0.030, 2.907, 0, 1.130, 3.406, 0.034
0.606, 1.006, 0.032, 2.894, 0, 1.140, 3.397, 0.037
0.616, 1.007, 0.035, 2.881, 0, 1.150, 3.387, 0.039
0.626, 1.007, 0.037, 2.867, 0, 1.160, 3.377, 0.042
0.636, 1.007, 0.040, 2.852, 0, 1.170, 3.367, 0.045
0.647, 1.008, 0.043, 2.837, 0, 1.180, 3.358, 0.048
0.657, 1.008, 0.046, 2.820, 0, 1.190, 3.348, 0.051
0.667, 1.009, 0.050, 2.803, 0, 1.200, 3.339, 0.054
0.677, 1.009, 0.054, 2.784, 0, 1.210, 3.329, 0.057
0.687, 1.010, 0.058, 2.765, 0, 1.220, 3.320, 0.061
0.697, 1.010, 0.062, 2.744, 0, 1.230, 3.310, 0.065
0.707, 1.011, 0.067, 2.721, 0, 1.240, 3.301, 0.069
0.717, 1.012, 0.072, 2.697, 0, 1.250, 3.292, 0.073
0.727, 1.013, 0.077, 2.672, 0, 1.260, 3.283, 0.078
0.737, 1.013, 0.082, 2.645, 0, 1.270, 3.274, 0.082
0.748, 1.014, 0.087, 2.616, 0, 1.280, 3.265, 0.087
0.758, 1.015, 0.092, 2.586, 0, 1.290, 3.256, 0.092
0.768, 1.016, 0.097, 2.553, 0, 1.300, 3.248, 0.098
0.778, 1.017, 0.101, 2.519, 0, 1.310, 3.239, 0.104
0.788, 1.018, 0.104, 2.482, 0, 1.320, 3.231, 0.110
0.798, 1.019, 0.105, 2.443, 0, 1.330, 3.223, 0.116
0.809, 1.020, 0.105, 2.402, 0, 1.340, 3.216, 0.123
0.819, 1.021, 0.102, 2.359, 0, 1.350, 3.208, 0.130
0.829, 1.022, 0.097, 2.314, 0, 1.360, 3.201, 0.137
0.839, 1.023, 0.088, 2.268, 0, 1.370, 3.194, 0.145
0.850, 1.024, 0.076, 2.219, 0, 1.380, 3.188, 0.153
0.860, 1.025, 0.062, 2.170, 0, 1.390, 3.182, 0.161
0.870, 1.025, 0.044, 2.120, 0, 1.400, 3.177, 0.170
0.880, 1.025, 0.024, 2.069, 0, 1.410, 3.171, 0.179
0.891, 1.025, 0.003, 2.018, 0, 1.420, 3.167, 0.188
0.901, 1.025, -0.018, 1.967, 0, 1.430, 3.163, 0.197
0.911, 1.025, -0.038, 1.917, 0, 1.440, 3.159, 0.207
0.921, 1.024, -0.057, 1.869, 0, 1.450, 3.156, 0.217
0.932, 1.023, -0.073, 1.822, 0, 1.460, 3.153, 0.226
0.942, 1.023, -0.085, 1.776, 0, 1.470, 3.150, 0.236
0.952, 1.022, -0.095, 1.733, 0, 1.480, 3.149, 0.246
0.962, 1.021, -0.101, 1.691, 0, 1.490, 3.147, 0.257
0.972, 1.020, -0.105, 1.652, 0, 1.500, 3.146, 0.267
0.983, 1.019, -0.106, 1.615, 0, 1.510, 3.146, 0.277
0.993, 1.018, -0.105, 1.580, 0, 1.520, 3.145, 0.287
1.003, 1.016, -0.102, 1.546, 0, 1.530, 3.145, 0.297
1.013, 1.016, -0.098, 1.515, 0, 1.540, 3.146, 0.307
1.023, 1.015, -0.094, 1.486, 0, 1.550, 3.146, 0.317
1.033, 1.014, -0.089, 1.459, 0, 1.560, 3.147, 0.328
1.044, 1.013, -0.084, 1.433, 0, 1.570, 3.149, 0.338
1.054, 1.012, -0.079, 1.409, 0, 1.580, 3.150, 0.348
1.064, 1.011, -0.074, 1.386, 0, 1.590, 3.152, 0.358
1.074, 1.011, -0.069, 1.365, 0, 1.600, 3.154, 0.367
1.084, 1.010, -0.064, 1.345, 0, 1.610, 3.156, 0.377
1.094, 1.009, -0.059, 1.326, 0, 1.620, 3.158, 0.387
1.104, 1.009, -0.055, 1.308, 0, 1.630, 3.161, 0.397
1.114, 1.008, -0.051, 1.291, 0, 1.640, 3.164, 0.407
1.124, 1.008, -0.048, 1.276, 0, 1.650, 3.167, 0.416
1.134, 1.007, -0.044, 1.261, 0, 1.660, 3.170, 0.426
1.144, 1.007, -0.041, 1.247, 0, 1.670, 3.173, 0.435
1.155, 1.007, -0.038, 1.233, 0, 1.680, 3.176, 0.445
1.165, 1.006, -0.036, 1.221, 0, 1.690, 3.179, 0.454
1.175, 1.006, -0.033, 1.209, 0, 1.700, 3.183, 0.464
1.185, 1.006, -0.031, 1.198, 0, 1.710, 3.186, 0.473
1.195, 1.005, -0.029, 1.187, 0, 1.720, 3.190, 0.483
1.205, 1.005, -0.027, 1.177, 0, 1.730, 3.194, 0.492
1.215, 1.005, -0.025, 1.167, 0, 1.740, 3.198, 0.501
1.225, 1.005, -0.024, 1.158, 0, 1.750, 3.202, 0.510
1.235, 1.004, -0.022, 1.149, 0, 1.760, 3.206, 0.520
1.245, 1.004, -0.021, 1.141, 0, 1.770, 3.210, 0.529
1.255, 1.004, -0.020, 1.133, 0, 1.780, 3.214, 0.538
1.265, 1.004, -0.018, 1.125, 0, 1.790, 3.219, 0.547
1.275, 1.004, -0.017, 1.118, 0, 1.800, 3.223, 0.556
1.285, 1.003, -0.016, 1.111, 0, 1.810, 3.227, 0.565
1.295, 1.003, -0.016, 1.105, 0, 1.820, 3.232, 0.574
1.305, 1.003, -0.015, 1.098, 0, 1.830, 3.236, 0.583
1.315, 1.003, -0.014, 1.092, 0, 1.840, 3.241, 0.592
1.325, 1.003, -0.013, 1.087, 0, 1.850, 3.246, 0.601
1.335, 1.003, -0.012, 1.081, 0, 1.860, 3.250, 0.610
1.345, 1.003, -0.012, 1.076, 0, 1.870, 3.255, 0.618
1.355, 1.003, -0.011, 1.071, 0, 1.880, 3.260, 0.627
1.365, 1.002, -0.011, 1.066, 0, 1.890, 3.265, 0.636
1.375, 1.002, -0.010, 1.062, 0, 1.900, 3.270, 0.645
1.385, 1.002, -0.010, 1.057, 0, 1.910, 3.274, 0.654
1.395, 1.002, -0.009, 1.053, 0, 1.920, 3.279, 0.662
1.405, 1.002, -0.009, 1.049, 0, 1.930, 3.284, 0.671
1.415, 1.002, -0.009, 1.045, 0, 1.940, 3.289, 0.680
1.425, 1.002, -0.008, 1.041, 0, 1.950, 3.294, 0.688
1.435, 1.002, -0.008, 1.038, 0, 1.960, 3.299, 0.697
1.446, 1.002, -0.008, 1.034, 0, 1.970, 3.305, 0.706
1.456, 1.002, -0.007, 1.031, 0, 1.980, 3.310, 0.714
1.466, 1.002, -0.007, 1.028, 0, 1.990, 3.315, 0.723
1.476, 1.001, -0.007, 1.025, 0, 2.000, 3.320, 0.731
1.486, 1.001, -0.007, 1.022, 0, 2.010, 3.325, 0.740
1.496, 1.001, -0.006, 1.019, 0, 2.020, 3.331, 0.748
1.506, 1.001, -0.006, 1.017, 0, 2.030, 3.336, 0.757
1.516, 1.001, -0.006, 1.014, 0, 2.040, 3.341, 0.765
1.526, 1.001, -0.006, 1.012, 0, 2.050, 3.346, 0.774
1.536, 1.001, -0.006, 1.010, 0, 2.060, 3.352, 0.782
1.546, 1.001, -0.005, 1.008, 0, 2.070, 3.357, 0.791
1.556, 1.001, -0.005, 1.006, 0, 2.080, 3.362, 0.799
1.566, 1.001, -0.005, 1.004, 0, 2.090, 3.368, 0.808
1.576, 1.001, -0.005, 1.002, 0, 2.100, 3.373, 0.816
1.586, 1.001, -0.005, 1.000, 0, 2.110, 3.379, 0.825
1.596, 1.001, -0.005, 0.998, 0, 2.120, 3.384, 0.833
1.606, 1.001, -0.005, 0.997, 0, 2.130, 3.389, 0.841
1.616, 1.001, -0.004, 0.995, 0, 2.140, 3.395, 0.850
1.626, 1.001, -0.004, 0.994, 0, 2.150, 3.400, 0.858
1.636, 1.001, -0.004, 0.993, 0, 2.160, 3.406, 0.867
1.646, 1.001, -0.004, 0.992, 0, 2.170, 3.411, 0.875
1.656, 1.001, -0.004, 0.990, 0, 2.180, 3.417, 0.883
1.666, 1.001, -0.004, 0.989, 0, 2.190, 3.422, 0.892
1.676, 1.000, -0.004, 0.988, 0, 2.200, 3.428, 0.900
1.686, 1.000, -0.004, 0.988, 0, 2.210, 3.433, 0.908
1.696, 1.000, -0.004, 0.987, 0, 2.220, 3.439, 0.917
1.706, 1.000, -0.004, 0.986, 0, 2.230, 3.444, 0.925
1.716, 1.000, -0.004, 0.985, 0, 2.240, 3.450, 0.933
1.726, 1.000, -0.004, 0.985, 0, 2.250, 3.455, 0.942
1.736, 1.000, -0.004, 0.984, 0, 2.260, 3.461, 0.950
1.746, 1.000, -0.004, 0.984, 0, 2.270, 3.466, 0.958
1.756, 1.000, -0.004, 0.983, 0, 2.280, 3.472, 0.967
1.766, 1.000, -0.004, 0.983, 0, 2.290, 3.477, 0.975
1.776, 1.000, -0.004, 0.983, 0, 2.300, 3.483, 0.983
1.786, 1.000, -0.004, 0.983, 0, 2.310, 3.488, 0.992
1.796, 1.000, -0.004, 0.983, 0, 2.320, 3.494, 1.000
1.806, 1.000, -0.004, 0.983, 0, 2.330, 3.500, 1.008
1.816, 1.000, -0.004, 0.983, 0, 2.340, 3.505, 1.017
1.826, 1.000, -0.004, 0.983, 0, 2.350, 3.511, 1.025
1.836, 1.000, -0.004, 0.983, 0, 2.360, 3.516, 1.033
1.846, 1.000, -0.004, 0.984, 0, 2.370, 3.522, 1.042
1.856, 1.000, -0.004, 0.984, 0, 2.380, 3.527, 1.050
1.866, 1.000, -0.004, 0.984, 0, 2.390, 3.533, 1.058
1.876, 1.000, -0.004, 0.985, 0, 2.400, 3.538, 1.067
1.886, 1.000, -0.004, 0.986, 0, 2.410, 3.544, 1.075
1.896, 1.000, -0.004, 0.986, 0, 2.420, 3.549, 1.083
1.906, 1.000, -0.004, 0.987, 0, 2.430, 3.555, 1.092
1.916, 1.000, -0.004, 0.988, 0, 2.440, 3.560, 1.100
1.926, 1.000, -0.004, 0.989, 0, 2.450, 3.566, 1.108
1.936, 1.000, -0.004, 0.990, 0, 2.460, 3.571, 1.117
1.946, 0.999, -0.004, 0.991, 0, 2.470, 3.577, 1.125
1.956, 0.999, -0.004, 0.992, 0, 2.480, 3.582, 1.133
1.966, 0.999, -0.004, 0.993, 0, 2.490, 3.588, 1.142
1.976, 0.999, -0.004, 0.995, 0, 2.500, 3.593, 1.150
1.986, 0.999, -0.004, 0.996, 0, 2.510, 3.599, 1.159
1.996, 0.999, -0.004, 0.997, 0, 2.520, 3.604, 1.167
2.006, 0.999, -0.005, 0.999, 0, 2.530, 3.610, 1.175
2.016, 0.999, -0.005, 1.001, 0, 2.540, 3.615, 1.184
2.026, 0.999, -0.005, 1.002, 0, 2.550, 3.620, 1.192
2.036, 0.999, -0.005, 1.004, 0, 2.560, 3.626, 1.201
2.046, 0.999, -0.005, 1.006, 0, 2.570, 3.631, 1.209
2.056, 0.999, -0.005, 1.008, 0, 2.580, 3.636, 1.217
2.066, 0.999, -0.005, 1.011, 0, 2.590, 3.642, 1.226
2.076, 0.999, -0.005, 1.013, 0, 2.600, 3.647, 1.234
2.086, 0.999, -0.006, 1.015, 0, 2.610, 3.652, 1.243
2.096, 0.999, -0.006, 1.018, 0, 2.620, 3.658, 1.251
2.106, 0.999, -0.006, 1.020, 0, 2.630, 3.663, 1.260
2.116, 0.999, -0.006, 1.023, 0, 2.640, 3.668, 1.268
2.126, 0.999, -0.006, 1.026, 0, 2.650, 3.673, 1.277
2.136, 0.998, -0.007, 1.029, 0, 2.660, 3.678, 1.285
2.146, 0.998, -0.007, 1.032, 0, 2.670, 3.683, 1.294
2.156, 0.998, -0.007, 1.036, 0, 2.680, 3.689, 1.303
2.165, 0.998, -0.007, 1.039, 0, 2.690, 3.694, 1.311
2.175, 0.998, -0.008, 1.043, 0, 2.700, 3.699, 1.320
2.185, 0.998, -0.008, 1.046, 0, 2.710, 3.704, 1.328
2.195, 0.998, -0.008, 1.050, 0, 2.720, 3.709, 1.337
2.205, 0.998, -0.009, 1.054, 0, 2.730, 3.714, 1.346
2.215, 0.998, -0.009, 1.059, 0, 2.740, 3.719, 1.354
2.225, 0.998, -0.010, 1.063, 0, 2.750, 3.723, 1.363
2.235, 0.998, -0.010, 1.068, 0, 2.760, 3.728, 1.372
2.245, 0.998, -0.010, 1.073, 0, 2.770, 3.733, 1.381
2.255, 0.997, -0.011, 1.078, 0, 2.780, 3.738, 1.389
2.265, 0.997, -0.012, 1.083, 0, 2.790, 3.742, 1.398
2.275, 0.997, -0.012, 1.089, 0, 2.800, 3.747, 1.407
2.285, 0.997, -0.013, 1.095, 0, 2.810, 3.752, 1.416
2.295, 0.997, -0.013, 1.101, 0, 2.820, 3.756, 1.425
2.305, 0.997, -0.014, 1.107, 0, 2.830, 3.761, 1.434
2.315, 0.997, -0.015, 1.114, 0, 2.840, 3.765, 1.443
2.325, 0.996, -0.016, 1.121, 0, 2.850, 3.770, 1.452
2.335, 0.996, -0.017, 1.128, 0, 2.860, 3.774, 1.461
2.345, 0.996, -0.018, 1.136, 0, 2.870, 3.778, 1.470
2.355, 0.996, -0.019, 1.144, 0, 2.880, 3.782, 1.479
2.365, 0.996, -0.020, 1.152, 0, 2.890, 3.786, 1.488
2.375, 0.996, -0.021, 1.161, 0, 2.900, 3.790, 1.497
2.385, 0.995, -0.023, 1.170, 0, 2.910, 3.794, 1.506
2.395, 0.995, -0.024, 1.180, 0, 2.920, 3.798, 1.515
2.405, 0.995, -0.026, 1.191, 0, 2.930, 3.802, 1.524
2.415, 0.995, -0.028, 1.202, 0, 2.940, 3.805, 1.534
2.425, 0.994, -0.030, 1.213, 0, 2.950, 3.809, 1.543
2.435, 0.994, -0.032, 1.225, 0, 2.960, 3.812, 1.552
2.444, 0.994, -0.034, 1.238, 0, 2.970, 3.816, 1.562
2.454, 0.993, -0.037, 1.252, 0, 2.980, 3.819, 1.571
2.464, 0.993, -0.039, 1.266, 0, 2.990, 3.822, 1.580
2.474, 0.992, -0.042, 1.281, 0, 3.000, 3.825, 1.590
2.484, 0.992, -0.046, 1.297, 0, 3.010, 3.828, 1.599
2.494, 0.991, -0.049, 1.314, 0, 3.020, 3.830, 1.609
2.504, 0.991, -0.053, 1.332, 0, 3.030, 3.833, 1.619
2.514, 0.990, -0.057, 1.352, 0, 3.040, 3.835, 1.628
2.524, 0.990, -0.061, 1.372, 0, 3.050, 3.837, 1.638
2.534, 0.989, -0.066, 1.394, 0, 3.060, 3.839, 1.648
2.544, 0.988, -0.071, 1.417, 0, 3.070, 3.840, 1.657
2.553, 0.988, -0.076, 1.442, 0, 3.080, 3.842, 1.667
2.563, 0.987, -0.081, 1.468, 0, 3.090, 3.843, 1.677
2.573, 0.986, -0.086, 1.496, 0, 3.100, 3.844, 1.687
2.583, 0.985, -0.092, 1.526, 0, 3.110, 3.844, 1.697
2.593, 0.984, -0.097, 1.558, 0, 3.120, 3.845, 1.706
2.603, 0.983, -0.101, 1.592, 0, 3.130, 3.845, 1.716
2.613, 0.982, -0.104, 1.627, 0, 3.140, 3.844, 1.726
2.622, 0.981, -0.106, 1.665, 0, 3.150, 3.844, 1.736
2.632, 0.980, -0.107, 1.706, 0, 3.160, 3.842, 1.746
2.642, 0.979, -0.105, 1.748, 0, 3.170, 3.841, 1.755
2.652, 0.978, -0.101, 1.792, 0, 3.180, 3.839, 1.765
2.661, 0.977, -0.093, 1.838, 0, 3.190, 3.837, 1.774
2.671, 0.976, -0.083, 1.886, 0, 3.200, 3.834, 1.784
2.681, 0.975, -0.069, 1.935, 0, 3.210, 3.831, 1.793
2.691, 0.975, -0.052, 1.985, 0, 3.220, 3.827, 1.802
2.700, 0.975, -0.032, 2.036, 0, 3.230, 3.823, 1.811
2.710, 0.974, -0.011, 2.086, 0, 3.240, 3.818, 1.819
2.720, 0.975, 0.011, 2.137, 0, 3.250, 3.813, 1.828
2.730, 0.975, 0.032, 2.187, 0, 3.260, 3.808, 1.836
2.739, 0.975, 0.051, 2.236, 0, 3.270, 3.802, 1.844
2.749, 0.976, 0.068, 2.284, 0, 3.280, 3.796, 1.851
2.759, 0.977, 0.082, 2.330, 0, 3.290, 3.789, 1.858
2.769, 0.978, 0.093, 2.374, 0, 3.300, 3.782, 1.865
2.779, 0.979, 0.100, 2.417, 0, 3.310, 3.775, 1.872
2.788, 0.980, 0.105, 2.457, 0, 3.320, 3.768, 1.878
2.798, 0.981, 0.107, 2.495, 0, 3.330, 3.760, 1.884
2.808, 0.982, 0.106, 2.531, 0, 3.340, 3.752, 1.890
2.818, 0.983, 0.104, 2.565, 0, 3.350, 3.744, 1.896
2.828, 0.984, 0.101, 2.597, 0, 3.360, 3.735, 1.901
2.838, 0.985, 0.096, 2.626, 0, 3.370, 3.727, 1.906
2.847, 0.986, 0.092, 2.655, 0, 3.380, 3.718, 1.911
2.857, 0.987, 0.086, 2.681, 0, 3.390, 3.710, 1.915
2.867, 0.988, 0.081, 2.706, 0, 3.400, 3.701, 1.919
2.877, 0.988, 0.076, 2.729, 0, 3.410, 3.692, 1.923
2.887, 0.989, 0.071, 2.751, 0, 3.420, 3.683, 1.927
2.897, 0.990, 0.066, 2.772, 0, 3.430, 3.673, 1.931
2.907, 0.990, 0.061, 2.791, 0, 3.440, 3.664, 1.934
2.917, 0.991, 0.057, 2.809, 0, 3.450, 3.655, 1.938
2.927, 0.991, 0.053, 2.826, 0, 3.460, 3.645, 1.941
2.936, 0.992, 0.049, 2.842, 0, 3.470, 3.636, 1.944
2.946, 0.992, 0.046, 2.858, 0, 3.480, 3.626, 1.947
2.956, 0.993, 0.042, 2.872, 0, 3.490, 3.617, 1.950
2.966, 0.993, 0.039, 2.886, 0, 3.500, 3.607, 1.952
2.976, 0.994, 0.037, 2.899, 0, 3.510, 3.598, 1.955
2.986, 0.994, 0.034, 2.911, 0, 3.520, 3.588, 1.957
2.996, 0.994, 0.032, 2.923, 0, 3.530, 3.578, 1.959
3.006, 0.994, 0.030, 2.934, 0, 3.540, 3.569, 1.961
3.016, 0.995, 0.028, 2.944, 0, 3.550, 3.559, 1.963
3.026, 0.995, 0.026, 2.954, 0, 3.560, 3.549, 1.965
3.036, 0.995, 0.024, 2.963, 0, 3.570, 3.539, 1.967
3.046, 0.996, 0.023, 2.972, 0, 3.580, 3.529, 1.969
3.056, 0.996, 0.021, 2.981, 0, 3.590, 3.520, 1.970
3.066, 0.996, 0.020, 2.989, 0, 3.600, 3.510, 1.972
3.076, 0.996, 0.019, 2.997, 0, 3.610, 3.500, 1.973
3.086, 0.996, 0.018, 3.004, 0, 3.620, 3.490, 1.975
3.096, 0.996, 0.017, 3.011, 0, 3.630, 3.480, 1.976
3.106, 0.997, 0.016, 3.018, 0, 3.640, 3.470, 1.977
3.116, 0.997, 0.015, 3.025, 0, 3.650, 3.460, 1.978
3.126, 0.997, 0.014, 3.031, 0, 3.660, 3.450, 1.980
3.135, 0.997, 0.014, 3.037, 0, 3.670, 3.441, 1.981
3.145, 0.997, 0.013, 3.042, 0, 3.680, 3.431, 1.982
3.155, 0.997, 0.012, 3.048, 0, 3.690, 3.421, 1.983
3.165, 0.997, 0.012, 3.053, 0, 3.700, 3.411, 1.984
3.175, 0.998, 0.011, 3.058, 0, 3.710, 3.401, 1.984
3.185, 0.998, 0.011, 3.063, 0, 3.720, 3.391, 1.985
3.195, 0.998, 0.010, 3.067, 0, 3.730, 3.381, 1.986
3.205, 0.998, 0.010, 3.072, 0, 3.740, 3.371, 1.987
3.215, 0.998, 0.009, 3.076, 0, 3.750, 3.361, 1.987
3.225, 0.998, 0.009, 3.080, 0, 3.760, 3.351, 1.988
3.235, 0.998, 0.008, 3.084, 0, 3.770, 3.341, 1.989
3.245, 0.998, 0.008, 3.087, 0, 3.780, 3.331, 1.989
3.255, 0.998, 0.008, 3.091, 0, 3.790, 3.321, 1.990
3.265, 0.998, 0.008, 3.094, 0, 3.800, 3.311, 1.990
3.275, 0.998, 0.007, 3.097, 0, 3.810, 3.301, 1.991
3.285, 0.998, 0.007, 3.100, 0, 3.820, 3.291, 1.991
3.295, 0.999, 0.007, 3.103, 0, 3.830, 3.281, 1.991
3.305, 0.999, 0.007, 3.106, 0, 3.840, 3.271, 1.992
3.315, 0.999, 0.006, 3.109, 0, 3.850, 3.261, 1.992
3.325, 0.999, 0.006, 3.111, 0, 3.860, 3.251, 1.993
3.335, 0.999, 0.006, 3.114, 0, 3.870, 3.241, 1.993
3.345, 0.999, 0.006, 3.116, 0, 3.880, 3.231, 1.993
3.355, 0.999, 0.006, 3.118, 0, 3.890, 3.221, 1.993
3.365, 0.999, 0.006, 3.121, 0, 3.900, 3.211, 1.994
3.375, 0.999, 0.005, 3.123, 0, 3.910, 3.201, 1.994
3.385, 0.999, 0.005, 3.124, 0, 3.920, 3.191, 1.994
3.395, 0.999, 0.005, 3.126, 0, 3.930, 3.181, 1.994
3.405, 0.999, 0.005, 3.128, 0, 3.940, 3.171, 1.994
3.415, 0.999, 0.005, 3.129, 0, 3.950, 3.161, 1.994
3.425, 0.999, 0.005, 3.131, 0, 3.960, 3.151, 1.994
3.435, 0.999, 0.005, 3.132, 0, 3.970, 3.141, 1.995
3.445, 0.999, 0.005, 3.134, 0, 3.980, 3.131, 1.995
3.455, 0.999, 0.005, 3.135, 0, 3.990, 3.121, 1.995
3.465, 0.999, 0.005, 3.136, 0, 4.000, 3.111, 1.995
3.475, 1.000, 0.005, 3.137, 0, 4.010, 3.101, 1.995
3.485, 1.000, 0.005, 3.138, 0, 4.020, 3.091, 1.995
3.495, 1.000, 0.005, 3.138, 0, 4.030, 3.081, 1.995
3.505, 1.000, 0.005, 3.139, 0, 4.040, 3.072, 1.995
3.515, 1.000, 0.005, 3.140, 0, 4.050, 3.062, 1.995
3.525, 1.000, 0.005, 3.140, 0, 4.060, 3.052, 1.995
3.535, 1.000, 0.005, 3.141, 0, 4.070, 3.042, 1.995
3.545, 1.000, 0.005, 3.141, 0, 4.080, 3.032, 1.995
3.555, 1.000, 0.005, 3.141, 0, 4.090, 3.022, 1.995
3.565, 1.000, 0.005, 3.142, 0, 4.100, 3.012, 1.995
3.575, 1.000, 0.005, 3.142, 0, 4.110, 3.002, 1.995
3.587, 1.219, 21.921, 0.000, 0, 4.120, 3.008, 2.005
3.597, 1.000, -21.925, 0.000, 0, 4.130, 3.018, 2.005
3.607, 1.000, -0.005, 0.000, 0, 4.140, 3.028, 2.005
3.617, 1.000, -0.005, 0.001, 0, 4.150, 3.038, 2.005
3.627, 1.000, -0.005, 0.001, 0, 4.160, 3.048, 2.005
3.637, 1.000, -0.005, 0.002, 0, 4.170, 3.058, 2.005
3.647, 1.000, -0.005, 0.002, 0, 4.180, 3.068, 2.005
3.657, 1.000, -0.005, 0.003, 0, 4.190, 3.078, 2.005
3.667, 1.000, -0.005, 0.004, 0, 4.200, 3.088, 2.005
3.677, 1.000, -0.005, 0.005, 0, 4.210, 3.098, 2.005
3.687, 1.000, -0.005, 0.006, 0, 4.220, 3.108, 2.005
3.697, 0.999, -0.005, 0.007, 0, 4.230, 3.118, 2.005
3.707, 0.999, -0.005, 0.008, 0, 4.240, 3.128, 2.005
3.717, 0.999, -0.005, 0.009, 0, 4.250, 3.138, 2.005
3.727, 0.999, -0.005, 0.010, 0, 4.260, 3.148, 2.006
3.737, 0.999, -0.005, 0.012, 0, 4.270, 3.158, 2.006
3.747, 0.999, -0.005, 0.013, 0, 4.280, 3.168, 2.006
3.757, 0.999, -0.005, 0.015, 0, 4.290, 3.178, 2.006
3.767, 0.999, -0.005, 0.017, 0, 4.300, 3.188, 2.006
3.777, 0.999, -0.005, 0.019, 0, 4.310, 3.198, 2.006
3.787, 0.999, -0.005, 0.020, 0, 4.320, 3.208, 2.006
3.797, 0.999, -0.005, 0.023, 0, 4.330, 3.218, 2.007
3.807, 0.999, -0.006, 0.025, 0, 4.340, 3.228, 2.007
3.817, 0.999, -0.006, 0.027, 0, 4.350, 3.238, 2.007
3.827, 0.999, -0.006, 0.029, 0, 4.360, 3.248, 2.007
3.837, 0.999, -0.006, 0.032, 0, 4.370, 3.258, 2.008
3.847, 0.999, -0.006, 0.035, 0, 4.380, 3.268, 2.008
3.857, 0.999, -0.006, 0.037, 0, 4.390, 3.278, 2.008
3.867, 0.999, -0.007, 0.040, 0, 4.400, 3.288, 2.009
3.877, 0.998, -0.007, 0.043, 0, 4.410, 3.298, 2.009
3.887, 0.998, -0.007, 0.046, 0, 4.420, 3.308, 2.010
3.897, 0.998, -0.007, 0.050, 0, 4.430, 3.318, 2.010
3.907, 0.998, -0.007, 0.053, 0, 4.440, 3.328, 2.011
3.917, 0.998, -0.008, 0.057, 0, 4.450, 3.338, 2.011
3.927, 0.998, -0.008, 0.061, 0, 4.460, 3.348, 2.012
3.937, 0.998, -0.008, 0.065, 0, 4.470, 3.358, 2.012
3.947, 0.998, -0.009, 0.069, 0, 4.480, 3.368, 2.013
3.957, 0.998, -0.009, 0.073, 0, 4.490, 3.378, 2.014
3.967, 0.998, -0.010, 0.077, 0, 4.500, 3.388, 2.015
3.977, 0.998, -0.010, 0.082, 0, 4.510, 3.398, 2.015
3.987, 0.998, -0.010, 0.087, 0, 4.520, 3.408, 2.016
3.997, 0.997, -0.011, 0.092, 0, 4.530, 3.418, 2.017
4.007, 0.997, -0.011, 0.098, 0, 4.540, 3.428, 2.018
4.017, 0.997, -0.012, 0.103, 0, 4.550, 3.438, 2.019
4.027, 0.997, -0.013, 0.109, 0, 4.560, 3.447, 2.020
4.037, 0.997, -0.013, 0.115, 0, 4.570, 3.457, 2.021
4.047, 0.997, -0.014, 0.121, 0, 4.580, 3.467, 2.022
4.056, 0.997, -0.015, 0.128, 0, 4.590, 3.477, 2.024
4.066, 0.997, -0.016, 0.135, 0, 4.600, 3.487, 2.025
4.076, 0.996, -0.017, 0.142, 0, 4.610, 3.497, 2.026
4.086, 0.996, -0.018, 0.150, 0, 4.620, 3.507, 2.028
4.096, 0.996, -0.019, 0.158, 0, 4.630, 3.517, 2.029
4.106, 0.996, -0.020, 0.167, 0, 4.640, 3.526, 2.031
4.116, 0.996, -0.021, 0.175, 0, 4.650, 3.536, 2.033
4.126, 0.995, -0.022, 0.185, 0, 4.660, 3.546, 2.034
4.136, 0.995, -0.024, 0.195, 0, 4.670, 3.556, 2.036
4.146, 0.995, -0.025, 0.205, 0, 4.680, 3.566, 2.038
4.156, 0.995, -0.027, 0.216, 0, 4.690, 3.575, 2.040
4.166, 0.994, -0.029, 0.227, 0, 4.700, 3.585, 2.042
4.176, 0.994, -0.031, 0.239, 0, 4.710, 3.595, 2.045
4.186, 0.994, -0.033, 0.252, 0, 4.720, 3.604, 2.047
4.196, 0.993, -0.036, 0.265, 0, 4.730, 3.614, 2.050
4.206, 0.993, -0.039, 0.279, 0, 4.740, 3.623, 2.052
4.216, 0.992, -0.041, 0.294, 0, 4.750, 3.633, 2.055
4.226, 0.992, -0.045, 0.310, 0, 4.760, 3.642, 2.058
4.236, 0.992, -0.048, 0.327, 0, 4.770, 3.652, 2.061
4.245, 0.991, -0.052, 0.345, 0, 4.780, 3.661, 2.064
4.255, 0.990, -0.056, 0.364, 0, 4.790, 3.671, 2.068
4.265, 0.990, -0.060, 0.384, 0, 4.800, 3.680, 2.072
4.275, 0.989, -0.064, 0.406, 0, 4.810, 3.689, 2.075
4.285, 0.989, -0.069, 0.429, 0, 4.820, 3.698, 2.079
4.295, 0.988, -0.074, 0.453, 0, 4.830, 3.707, 2.084
4.305, 0.987, -0.079, 0.479, 0, 4.840, 3.716, 2.088
4.315, 0.986, -0.085, 0.506, 0, 4.850, 3.724, 2.093
4.324, 0.985, -0.090, 0.536, 0, 4.860, 3.733, 2.098
4.334, 0.984, -0.095, 0.567, 0, 4.870, 3.741, 2.103
4.344, 0.983, -0.099, 0.600, 0, 4.880, 3.749, 2.108
4.354, 0.982, -0.103, 0.636, 0, 4.890, 3.757, 2.114
4.364, 0.981, -0.106, 0.673, 0, 4.900, 3.765, 2.120
4.374, 0.980, -0.107, 0.713, 0, 4.910, 3.773, 2.126
4.383, 0.979, -0.106, 0.754, 0, 4.920, 3.780, 2.133
4.393, 0.978, -0.102, 0.798, 0, 4.930, 3.787, 2.139
4.403, 0.977, -0.095, 0.843, 0, 4.940, 3.794, 2.147
4.413, 0.976, -0.086, 0.891, 0, 4.950, 3.800, 2.154
4.422, 0.976, -0.073, 0.939, 0, 4.960, 3.806, 2.162
4.432, 0.975, -0.057, 0.989, 0, 4.970, 3.812, 2.170
4.442, 0.975, -0.038, 1.040, 0, 4.980, 3.817, 2.178
4.452, 0.974, -0.017, 1.091, 0, 4.990, 3.821, 2.187
4.461, 0.974, 0.005, 1.142, 0, 5.000, 3.826, 2.195
4.471, 0.975, 0.026, 1.192, 0, 5.010, 3.830, 2.204
4.481, 0.975, 0.046, 1.241, 0, 5.020, 3.833, 2.213
4.491, 0.976, 0.064, 1.289, 0, 5.030, 3.836, 2.223
4.500, 0.977, 0.079, 1.336, 0, 5.040, 3.838, 2.232
4.510, 0.978, 0.090, 1.381, 0, 5.050, 3.840, 2.242
4.520, 0.979, 0.099, 1.423, 0, 5.060, 3.842, 2.251
4.530, 0.980, 0.104, 1.464, 0, 5.070, 3.843, 2.261
4.540, 0.981, 0.107, 1.503, 0, 5.080, 3.844, 2.271
4.549, 0.982, 0.107, 1.539, 0, 5.090, 3.845, 2.281
4.559, 0.983, 0.105, 1.574, 0, 5.100, 3.845, 2.291
4.569, 0.984, 0.102, 1.606, 0, 5.110, 3.845, 2.300
4.579, 0.985, 0.098, 1.637, 0, 5.120, 3.844, 2.310
4.589, 0.986, 0.093, 1.665, 0, 5.130, 3.843, 2.320
4.599, 0.987, 0.088, 1.692, 0, 5.140, 3.842, 2.330
4.609, 0.987, 0.083, 1.717, 0, 5.150, 3.841, 2.340
4.618, 0.988, 0.078, 1.741, 0, 5.160, 3.839, 2.349
4.628, 0.989, 0.072, 1.763, 0, 5.170, 3.838, 2.359
4.638, 0.990, 0.067, 1.784, 0, 5.180, 3.836, 2.369
4.648, 0.990, 0.063, 1.804, 0, 5.190, 3.833, 2.378
4.658, 0.991, 0.058, 1.822, 0, 5.200, 3.831, 2.388
4.668, 0.991, 0.054, 1.839, 0, 5.210, 3.828, 2.398
4.678, 0.992, 0.050, 1.856, 0, 5.220, 3.826, 2.407
4.688, 0.992, 0.047, 1.871, 0, 5.230, 3.823, 2.417
4.698, 0.993, 0.043, 1.886, 0, 5.240, 3.820, 2.426
4.708, 0.993, 0.040, 1.900, 0, 5.250, 3.817, 2.436
4.718, 0.993, 0.037, 1.913, 0, 5.260, 3.813, 2.445
4.727, 0.994, 0.035, 1.925, 0, 5.270, 3.810, 2.454
4.737, 0.994, 0.032, 1.937, 0, 5.280, 3.807, 2.464
4.747, 0.994, 0.030, 1.948, 0, 5.290, 3.803, 2.473
4.757, 0.995, 0.028, 1.958, 0, 5.300, 3.799, 2.482
4.767, 0.995, 0.026, 1.968, 0, 5.310, 3.795, 2.491
4.777, 0.995, 0.025, 1.978, 0, 5.320, 3.792, 2.500
4.787, 0.995, 0.023, 1.987, 0, 5.330, 3.788, 2.510
4.797, 0.996, 0.022, 1.995, 0, 5.340, 3.784, 2.519
4.807, 0.996, 0.020, 2.003, 0, 5.350, 3.779, 2.528
4.817, 0.996, 0.019, 2.011, 0, 5.360, 3.775, 2.537
4.827, 0.996, 0.018, 2.019, 0, 5.370, 3.771, 2.546
4.837, 0.996, 0.017, 2.026, 0, 5.380, 3.767, 2.555
4.847, 0.997, 0.016, 2.033, 0, 5.390, 3.762, 2.564
4.857, 0.997, 0.015, 2.039, 0, 5.400, 3.758, 2.573
4.867, 0.997, 0.014, 2.045, 0, 5.410, 3.753, 2.581
4.877, 0.997, 0.014, 2.051, 0, 5.420, 3.749, 2.590
4.887, 0.997, 0.013, 2.057, 0, 5.430, 3.744, 2.599
4.897, 0.997, 0.012, 2.062, 0, 5.440, 3.739, 2.608
4.907, 0.997, 0.012, 2.067, 0, 5.450, 3.734, 2.617
4.917, 0.998, 0.011, 2.072, 0, 5.460, 3.730, 2.625
4.927, 0.998, 0.011, 2.077, 0, 5.470, 3.725, 2.634
4.937, 0.998, 0.010, 2.082, 0, 5.480, 3.720, 2.643
4.947, 0.998, 0.010, 2.086, 0, 5.490, 3.715, 2.652
4.957, 0.998, 0.009, 2.090, 0, 5.500, 3.710, 2.660
4.967, 0.998, 0.009, 2.094, 0, 5.510, 3.705, 2.669
4.977, 0.998, 0.008, 2.098, 0, 5.520, 3.700, 2.678
4.987, 0.998, 0.008, 2.102, 0, 5.530, 3.695, 2.686
4.997, 0.998, 0.008, 2.105, 0, 5.540, 3.690, 2.695
5.007, 0.998, 0.007, 2.108, 0, 5.550, 3.685, 2.703
5.017, 0.998, 0.007, 2.112, 0, 5.560, 3.680, 2.712
5.027, 0.998, 0.007, 2.115, 0, 5.570, 3.675, 2.721
5.037, 0.999, 0.007, 2.118, 0, 5.580, 3.670, 2.729
5.047, 0.999, 0.006, 2.120, 0, 5.590, 3.664, 2.738
5.056, 0.999, 0.006, 2.123, 0, 5.600, 3.659, 2.746
5.066, 0.999, 0.006, 2.126, 0, 5.610, 3.654, 2.755
5.076, 0.999, 0.006, 2.128, 0, 5.620, 3.649, 2.763
5.086, 0.999, 0.006, 2.130, 0, 5.630, 3.643, 2.772
5.096, 0.999, 0.005, 2.133, 0, 5.640, 3.638, 2.780
5.106, 0.999, 0.005, 2.135, 0, 5.650, 3.633, 2.788
5.116, 0.999, 0.005, 2.137, 0, 5.660, 3.627, 2.797
5.126, 0.999, 0.005, 2.139, 0, 5.670, 3.622, 2.805
5.136, 0.999, 0.005, 2.140, 0, 5.680, 3.617, 2.814
5.146, 0.999, 0.005, 2.142, 0, 5.690, 3.611, 2.822
5.156, 0.999, 0.005, 2.144, 0, 5.700, 3.606, 2.831
5.166, 0.999, 0.005, 2.145, 0, 5.710, 3.600, 2.839
5.176, 0.999, 0.004, 2.147, 0, 5.720, 3.595, 2.847
5.186, 0.999, 0.004, 2.148, 0, 5.730, 3.589, 2.856
5.196, 0.999, 0.004, 2.149, 0, 5.740, 3.584, 2.864
5.206, 0.999, 0.004, 2.150, 0, 5.750, 3.579, 2.872
5.216, 0.999, 0.004, 2.152, 0, 5.760, 3.573, 2.881
5.226, 0.999, 0.004, 2.153, 0, 5.770, 3.568, 2.889
5.236, 1.000, 0.004, 2.154, 0, 5.780, 3.562, 2.897
5.246, 1.000, 0.004, 2.154, 0, 5.790, 3.557, 2.906
5.256, 1.000, 0.004, 2.155, 0, 5.800, 3.551, 2.914
5.266, 1.000, 0.004, 2.156, 0, 5.810, 3.546, 2.922
5.276, 1.000, 0.004, 2.156, 0, 5.820, 3.540, 2.931
5.286, 1.000, 0.004, 2.157, 0, 5.830, 3.535, 2.939
5.296, 1.000, 0.004, 2.157, 0, 5.840, 3.529, 2.947
5.306, 1.000, 0.004, 2.158, 0, 5.850, 3.523, 2.956
5.316, 1.000, 0.004, 2.158, 0, 5.860, 3.518, 2.964
5.326, 1.000, 0.004, 2.158, 0, 5.870, 3.512, 2.972
5.336, 1.000, 0.004, 2.159, 0, 5.880, 3.507, 2.981
5.346, 1.000, 0.004, 2.159, 0, 5.890, 3.501, 2.989
5.356, 1.000, 0.004, 2.159, 0, 5.900, 3.496, 2.997
5.366, 1.000, 0.004, 2.159, 0, 5.910, 3.490, 3.006
5.376, 1.000, 0.004, 2.159, 0, 5.920, 3.485, 3.014
5.386, 1.000, 0.004, 2.158, 0, 5.930, 3.479, 3.022
5.396, 1.000, 0.004, 2.158, 0, 5.940, 3.474, 3.031
5.406, 1.000, 0.004, 2.158, 0, 5.950, 3.468, 3.039
5.416, 1.000, 0.004, 2.157, 0, 5.960, 3.462, 3.047
5.426, 1.000, 0.004, 2.157, 0, 5.970, 3.457, 3.056
5.436, 1.000, 0.004, 2.156, 0, 5.980, 3.451, 3.064
5.446, 1.000, 0.004, 2.156, 0, 5.990, 3.446, 3.072
5.456, 1.000, 0.004, 2.155, 0, 6.000, 3.440, 3.081
5.466, 1.000, 0.004, 2.154, 0, 6.010, 3.435, 3.089
5.476, 1.000, 0.004, 2.153, 0, 6.020, 3.429, 3.097
5.486, 1.000, 0.004, 2.153, 0, 6.030, 3.424, 3.106
5.496, 1.001, 0.004, 2.152, 0, 6.040, 3.418, 3.114
5.506, 1.001, 0.004, 2.150, 0, 6.050, 3.413, 3.122
5.516, 1.001, 0.004, 2.149, 0, 6.060, 3.407, 3.131
5.526, 1.001, 0.004, 2.148, 0, 6.070, 3.402, 3.139
5.536, 1.001, 0.004, 2.147, 0, 6.080, 3.396, 3.148
5.546, 1.001, 0.004, 2.145, 0, 6.090, 3.391, 3.156
5.556, 1.001, 0.004, 2.144, 0, 6.100, 3.386, 3.164
5.566, 1.001, 0.005, 2.142, 0, 6.110, 3.380, 3.173
5.576, 1.001, 0.005, 2.140, 0, 6.120, 3.375, 3.181
5.586, 1.001, 0.005, 2.138, 0, 6.130, 3.369, 3.190
5.596, 1.001, 0.005, 2.137, 0, 6.140, 3.364, 3.198
5.606, 1.001, 0.005, 2.135, 0, 6.150, 3.359, 3.207
5.616, 1.001, 0.005, 2.132, 0, 6.160, 3.353, 3.215
5.626, 1.001, 0.005, 2.130, 0, 6.170, 3.348, 3.224
5.636, 1.001, 0.005, 2.128, 0, 6.180, 3.343, 3.232
5.646, 1.001, 0.006, 2.125, 0, 6.190, 3.337, 3.241
5.656, 1.001, 0.006, 2.123, 0, 6.200, 3.332, 3.249
5.667, 1.001, 0.006, 2.120, 0, 6.210, 3.327, 3.258
5.677, 1.001, 0.006, 2.117, 0, 6.220, 3.322, 3.266
5.687, 1.001, 0.006, 2.114, 0, 6.230, 3.316, 3.275
5.697, 1.002, 0.007, 2.111, 0, 6.240, 3.311, 3.283
5.707, 1.002, 0.007, 2.108, 0, 6.250, 3.306, 3.292
5.717, 1.002, 0.007, 2.105, 0, 6.260, 3.301, 3.301
5.727, 1.002, 0.007, 2.101, 0, 6.270, 3.296, 3.309
5.737, 1.002, 0.008, 2.098, 0, 6.280, 3.291, 3.318
5.747, 1.002, 0.008, 2.094, 0, 6.290, 3.286, 3.326
5.757, 1.002, 0.008, 2.090, 0, 6.300, 3.281, 3.335
5.767, 1.002, 0.009, 2.086, 0, 6.310, 3.276, 3.344
5.777, 1.002, 0.009, 2.081, 0, 6.320, 3.271, 3.353
5.787, 1.002, 0.010, 2.077, 0, 6.330, 3.266, 3.361
5.797, 1.002, 0.010, 2.072, 0, 6.340, 3.261, 3.370
5.807, 1.002, 0.011, 2.067, 0, 6.350, 3.257, 3.379
5.817, 1.003, 0.011, 2.062, 0, 6.360, 3.252, 3.388
5.827, 1.003, 0.012, 2.057, 0, 6.370, 3.247, 3.397
5.837, 1.003, 0.012, 2.051, 0, 6.380, 3.242, 3.405
5.847, 1.003, 0.013, 2.045, 0, 6.390, 3.238, 3.414
5.857, 1.003, 0.014, 2.039, 0, 6.400, 3.233, 3.423
5.867, 1.003, 0.014, 2.032, 0, 6.410, 3.229, 3.432
5.877, 1.003, 0.015, 2.025, 0, 6.420, 3.224, 3.441
5.887, 1.004, 0.016, 2.018, 0, 6.430, 3.220, 3.450
5.897, 1.004, 0.017, 2.011, 0, 6.440, 3.216, 3.459
5.907, 1.004, 0.018, 2.003, 0, 6.450, 3.211, 3.469
5.917, 1.004, 0.019, 1.995, 0, 6.460, 3.207, 3.478
5.927, 1.004, 0.020, 1.986, 0, 6.470, 3.203, 3.487
5.937, 1.005, 0.022, 1.977, 0, 6.480, 3.199, 3.496
5.947, 1.005, 0.023, 1.968, 0, 6.490, 3.195, 3.505
5.957, 1.005, 0.025, 1.958, 0, 6.500, 3.191, 3.515
5.967, 1.005, 0.026, 1.947, 0, 6.510, 3.188, 3.524
5.977, 1.006, 0.028, 1.936, 0, 6.520, 3.184, 3.533
5.987, 1.006, 0.030, 1.924, 0, 6.530, 3.180, 3.543
5.998, 1.006, 0.032, 1.912, 0, 6.540, 3.177, 3.552
6.008, 1.007, 0.035, 1.899, 0, 6.550, 3.174, 3.562
6.018, 1.007, 0.037, 1.885, 0, 6.560, 3.170, 3.571
6.028, 1.007, 0.040, 1.871, 0, 6.570, 3.167, 3.581
6.038, 1.008, 0.043, 1.855, 0, 6.580, 3.165, 3.590
6.048, 1.008, 0.047, 1.839, 0, 6.590, 3.162, 3.600
6.058, 1.009, 0.050, 1.821, 0, 6.600, 3.159, 3.610
6.068, 1.009, 0.054, 1.803, 0, 6.610, 3.157, 3.620
6.078, 1.010, 0.058, 1.783, 0, 6.620, 3.155, 3.630
6.088, 1.010, 0.062, 1.762, 0, 6.630, 3.153, 3.639
6.098, 1.011, 0.067, 1.740, 0, 6.640, 3.151, 3.649
6.109, 1.012, 0.072, 1.716, 0, 6.650, 3.149, 3.659
6.119, 1.013, 0.077, 1.691, 0, 6.660, 3.148, 3.669
6.129, 1.013, 0.082, 1.664, 0, 6.670, 3.147, 3.679
6.139, 1.014, 0.087, 1.635, 0, 6.680, 3.146, 3.690
6.149, 1.015, 0.092, 1.605, 0, 6.690, 3.145, 3.700
6.159, 1.016, 0.097, 1.572, 0, 6.700, 3.145, 3.710
6.169, 1.017, 0.101, 1.538, 0, 6.710, 3.145, 3.720
6.180, 1.018, 0.104, 1.501, 0, 6.720, 3.146, 3.730
6.190, 1.019, 0.105, 1.462, 0, 6.730, 3.147, 3.740
6.200, 1.020, 0.105, 1.422, 0, 6.740, 3.148, 3.751
6.210, 1.021, 0.102, 1.379, 0, 6.750, 3.150, 3.761
6.220, 1.022, 0.097, 1.334, 0, 6.760, 3.152, 3.771
6.231, 1.023, 0.089, 1.287, 0, 6.770, 3.155, 3.780
6.241, 1.024, 0.077, 1.239, 0, 6.780, 3.158, 3.790
6.251, 1.025, 0.062, 1.190, 0, 6.790, 3.161, 3.800
6.261, 1.025, 0.044, 1.139, 0, 6.800, 3.165, 3.809
6.272, 1.025, 0.024, 1.088, 0, 6.810, 3.170, 3.818
6.282, 1.025, 0.003, 1.037, 0, 6.820, 3.175, 3.827
6.292, 1.025, -0.018, 0.987, 0, 6.830, 3.180, 3.836
6.302, 1.025, -0.038, 0.937, 0, 6.840, 3.186, 3.844
6.313, 1.024, -0.056, 0.888, 0, 6.850, 3.192, 3.853
6.323, 1.023, -0.072, 0.841, 0, 6.860, 3.199, 3.860
6.333, 1.023, -0.085, 0.796, 0, 6.870, 3.206, 3.868
6.343, 1.022, -0.094, 0.752, 0, 6.880, 3.213, 3.875
6.354, 1.021, -0.101, 0.711, 0, 6.890, 3.221, 3.882
6.364, 1.020, -0.104, 0.671, 0, 6.900, 3.229, 3.888
6.374, 1.019, -0.105, 0.634, 0, 6.910, 3.237, 3.894
6.384, 1.018, -0.104, 0.599, 0, 6.920, 3.245, 3.900
6.394, 1.017, -0.102, 0.566, 0, 6.930, 3.254, 3.906
6.404, 1.016, -0.098, 0.534, 0, 6.940, 3.262, 3.911
6.415, 1.015, -0.094, 0.505, 0, 6.950, 3.271, 3.916
6.425, 1.014, -0.089, 0.478, 0, 6.960, 3.280, 3.921
6.435, 1.013, -0.084, 0.452, 0, 6.970, 3.289, 3.926
6.445, 1.012, -0.079, 0.427, 0, 6.980, 3.298, 3.930
6.455, 1.011, -0.073, 0.405, 0, 6.990, 3.308, 3.934
6.465, 1.011, -0.069, 0.383, 0, 7.000, 3.317, 3.938
6.475, 1.010, -0.064, 0.363, 0, 7.010, 3.326, 3.942
6.485, 1.009, -0.059, 0.344, 0, 7.020, 3.336, 3.945
6.495, 1.009, -0.055, 0.326, 0, 7.030, 3.345, 3.948
6.506, 1.008, -0.051, 0.310, 0, 7.040, 3.355, 3.952
6.516, 1.008, -0.048, 0.294, 0, 7.050, 3.365, 3.955
6.526, 1.007, -0.044, 0.279, 0, 7.060, 3.374, 3.957
6.536, 1.007, -0.041, 0.265, 0, 7.070, 3.384, 3.960
6.546, 1.007, -0.038, 0.251, 0, 7.080, 3.394, 3.963
6.556, 1.006, -0.036, 0.239, 0, 7.090, 3.403, 3.965
6.566, 1.006, -0.033, 0.227, 0, 7.100, 3.413, 3.967
6.576, 1.006, -0.031, 0.215, 0, 7.110, 3.423, 3.970
6.586, 1.005, -0.029, 0.204, 0, 7.120, 3.433, 3.972
6.596, 1.005, -0.027, 0.194, 0, 7.130, 3.443, 3.974
6.606, 1.005, -0.025, 0.184, 0, 7.140, 3.453, 3.976
6.616, 1.004, -0.059, 0.175, 0, 7.150, 3.462, 3.977
6.626, 1.003, -0.142, 0.166, 0, 7.160, 3.472, 3.979
6.636, 1.000, -0.241, 0.158, 0, 7.170, 3.482, 3.981
6.646, 0.997, -0.340, 0.150, 0, 7.180, 3.492, 3.982
6.656, 0.993, -0.440, 0.142, 0, 7.190, 3.502, 3.984
6.666, 0.987, -0.539, 0.135, 0, 7.200, 3.512, 3.985
6.676, 0.981, -0.638, 0.128, 0, 7.210, 3.521, 3.986
6.686, 0.974, -0.737, 0.122, 0, 7.220, 3.531, 3.988
6.695, 0.965, -0.836, 0.116, 0, 7.230, 3.541, 3.989
6.705, 0.956, -0.935, 0.110, 0, 7.240, 3.550, 3.990
6.714, 0.946, -1.000, 0.104, 0, 7.250, 3.560, 3.991
6.724, 0.936, -1.014, 0.099, 0, 7.260, 3.569, 3.992
6.733, 0.926, -1.013, 0.094, 0, 7.270, 3.578, 3.993
6.742, 0.915, -1.012, 0.089, 0, 7.280, 3.587, 3.993
6.751, 0.905, -1.012, 0.085, 0, 7.290, 3.596, 3.994
6.760, 0.895, -1.011, 0.080, 0, 7.300, 3.605, 3.995
6.769, 0.885, -1.010, 0.076, 0, 7.310, 3.614, 3.996
6.778, 0.875, -1.010, 0.072, 0, 7.320, 3.623, 3.996
6.786, 0.865, -1.009, 0.069, 0, 7.330, 3.631, 3.997
6.795, 0.855, -1.009, 0.065, 0, 7.340, 3.640, 3.997
6.803, 0.845, -1.008, 0.062, 0, 7.350, 3.648, 3.998
6.812, 0.835, -1.008, 0.059, 0, 7.360, 3.657, 3.999
6.820, 0.825, -1.008, 0.056, 0, 7.370, 3.665, 3.999
6.828, 0.814, -1.007, 0.053, 0, 7.380, 3.673, 3.999
6.836, 0.804, -1.007, 0.050, 0, 7.390, 3.681, 4.000
6.844, 0.794, -1.006, 0.047, 0, 7.400, 3.689, 4.000
6.852, 0.784, -1.006, 0.045, 0, 7.410, 3.697, 4.001
6.860, 0.774, -1.006, 0.042, 0, 7.420, 3.704, 4.001
6.867, 0.764, -1.006, 0.040, 0, 7.430, 3.712, 4.001
6.875, 0.754, -1.005, 0.038, 0, 7.440, 3.720, 4.002
6.882, 0.744, -1.005, 0.036, 0, 7.450, 3.727, 4.002
6.890, 0.734, -1.005, 0.034, 0, 7.460, 3.734, 4.002
6.897, 0.724, -1.005, 0.032, 0, 7.470, 3.742, 4.002
6.904, 0.714, -1.004, 0.030, 0, 7.480, 3.749, 4.003
6.911, 0.704, -1.004, 0.028, 0, 7.490, 3.756, 4.003
6.918, 0.694, -1.004, 0.027, 0, 7.500, 3.763, 4.003
6.925, 0.684, -1.004, 0.025, 0, 7.510, 3.770, 4.003
6.931, 0.674, -1.004, 0.024, 0, 7.520, 3.776, 4.003
6.938, 0.664, -1.004, 0.022, 0, 7.530, 3.783, 4.003
6.945, 0.654, -1.003, 0.021, 0, 7.540, 3.790, 4.004
6.951, 0.644, -1.003, 0.020, 0, 7.550, 3.796, 4.004
6.957, 0.634, -1.003, 0.018, 0, 7.560, 3.802, 4.004
6.964, 0.624, -1.003, 0.017, 0, 7.570, 3.809, 4.004
6.970, 0.614, -1.003, 0.016, 0, 7.580, 3.815, 4.004
6.976, 0.604, -1.003, 0.015, 0, 7.590, 3.821, 4.004
6.982, 0.594, -1.003, 0.014, 0, 7.600, 3.827, 4.004
6.988, 0.583, -1.003, 0.013, 0, 7.610, 3.832, 4.004
6.993, 0.573, -1.002, 0.012, 0, 7.620, 3.838, 4.004
6.999, 0.563, -1.002, 0.011, 0, 7.630, 3.844, 4.004
7.004, 0.553, -1.002, 0.011, 0, 7.640, 3.849, 4.004
7.010, 0.543, -1.002, 0.010, 0, 7.650, 3.855, 4.005
7.015, 0.533, -1.002, 0.009, 0, 7.660, 3.860, 4.005
7.020, 0.523, -1.002, 0.008, 0, 7.670, 3.865, 4.005
7.026, 0.513, -1.002, 0.008, 0, 7.680, 3.870, 4.005
7.031, 0.503, -1.002, 0.007, 0, 7.690, 3.876, 4.005
7.036, 0.493, -1.002, 0.007, 0, 7.700, 3.880, 4.005
7.040, 0.483, -1.002, 0.006, 0, 7.710, 3.885, 4.005
7.045, 0.473, -1.002, 0.006, 0, 7.720, 3.890, 4.005
7.050, 0.463, -1.002, 0.005, 0, 7.730, 3.895, 4.005
7.054, 0.453, -1.001, 0.005, 0, 7.740, 3.899, 4.005
7.059, 0.443, -1.001, 0.004, 0, 7.750, 3.904, 4.005
7.063, 0.433, -1.001, 0.004, 0, 7.760, 3.908, 4.005
7.067, 0.423, -1.001, 0.004, 0, 7.770, 3.912, 4.005
7.071, 0.413, -1.001, 0.003, 0, 7.780, 3.916, 4.005
7.075, 0.403, -1.001, 0.003, 0, 7.790, 3.920, 4.005
7.079, 0.393, -1.001, 0.003, 0, 7.800, 3.924, 4.005
7.083, 0.383, -1.001, 0.002, 0, 7.810, 3.928, 4.005
7.087, 0.373, -1.001, 0.002, 0, 7.820, 3.932, 4.005
7.091, 0.363, -1.001, 0.002, 0, 7.830, 3.935, 4.005
7.094, 0.353, -1.001, 0.002, 0, 7.840, 3.939, 4.005
7.098, 0.343, -1.001, 0.002, 0, 7.850, 3.942, 4.005
7.101, 0.333, -1.001, 0.001, 0, 7.860, 3.946, 4.005
7.104, 0.323, -1.001, 0.001, 0, 7.870, 3.949, 4.005
7.107, 0.313, -1.001, 0.001, 0, 7.880, 3.952, 4.005
7.110, 0.303, -1.001, 0.001, 0, 7.890, 3.955, 4.005
7.113, 0.293, -1.001, 0.001, 0, 7.900, 3.958, 4.005
7.116, 0.283, -1.001, 0.001, 0, 7.910, 3.961, 4.005
7.119, 0.273, -1.001, 0.001, 0, 7.920, 3.964, 4.005
7.121, 0.263, -1.001, 0.001, 0, 7.930, 3.966, 4.005
7.124, 0.253, -1.000, 0.000, 0, 7.940, 3.969, 4.005
7.126, 0.243, -1.000, 0.000, 0, 7.950, 3.971, 4.005
7.129, 0.233, -1.000, 0.000, 0, 7.960, 3.974, 4.005
7.131, 0.223, -1.000, 0.000, 0, 7.970, 3.976, 4.005
7.133, 0.213, -1.000, 0.000, 0, 7.980, 3.978, 4.005
7.135, 0.203, -1.000, 0.000, 0, 7.990, 3.980, 4.005
7.137, 0.193, -1.000, 0.000, 0, 8.000, 3.982, 4.005
7.139, 0.183, -1.000, 0.000, 0, 8.010, 3.984, 4.005
7.141, 0.173, -1.000, 0.000, 0, 8.020, 3.985, 4.005
7.142, 0.163, -1.000, 0.000, 0, 8.030, 3.987, 4.005
7.144, 0.153, -1.000, 0.000, 0, 8.040, 3.989, 4.005
7.145, 0.143, -1.000, 0.000, 0, 8.050, 3.990, 4.005
7.146, 0.133, -1.000, 0.000, 0, 8.060, 3.991, 4.005
7.148, 0.123, -1.000, 0.000, 0, 8.070, 3.993, 4.005
7.149, 0.113, -1.000, 0.000, 0, 8.080, 3.994, 4.005
7.150, 0.103, -1.000, 0.000, 0, 8.090, 3.995, 4.005
7.151, 0.093, -1.000, 0.000, 0, 8.100, 3.996, 4.005
7.152, 0.083, -1.000, 0.000, 0, 8.110, 3.997, 4.005
7.152, 0.073, -1.000, 0.000, 0, 8.120, 3.997, 4.005
7.153, 0.063, -1.000, 0.000, 0, 8.130, 3.998, 4.005
7.154, 0.053, -1.000, 0.000, 0, 8.140, 3.998, 4.005
7.154, 0.043, -0.965, 0.000, 0, 8.150, 3.999, 4.005
7.154, 0.035, -0.880, 0.000, 0, 8.160, 3.999, 4.005
7.155, 0.027, -0.780, 0.000, 0, 8.170, 3.999, 4.005
7.155, 0.020, -0.680, 0.000, 0, 8.180, 4.000, 4.005
7.155, 0.014, -0.580, 0.000, 0, 8.190, 4.000, 4.005
7.155, 0.009, -0.480, 0.000, 0, 8.200, 4.000, 4.005
7.155, 0.006, -0.380, 0.000, 0, 8.210, 4.000, 4.005
7.155, 0.003, -0.280, 0.000, 0, 8.220, 4.000, 4.005
7.155, 0.001, -0.180, 0.000, 0, 8.230, 4.000, 4.005
7.155, 0.000, -0.080, 6.283, 0, 8.240, 4.000, 4.005
7.155, 0.000, -0.015, 6.283, 0, 8.250, 4.000, 4.005
