0.000, 0.001, 0.100, 0.000, 0, 0.000, 0.000, 0.292
0.000, 0.002, 0.100, 0.000, 0, 0.010, 0.000, 0.292
0.000, 0.005, 0.250, 0.000, 0, 0.020, 0.000, 0.292
0.000, 0.008, 0.350, 0.000, 0, 0.030, 0.000, 0.292
0.000, 0.013, 0.450, 0.000, 0, 0.040, 0.000, 0.292
0.000, 0.018, 0.550, 0.000, 0, 0.050, 0.000, 0.292
0.001, 0.025, 0.650, 0.000, 0, 0.060, 0.001, 0.292
0.001, 0.032, 0.750, 0.000, 0, 0.070, 0.001, 0.292
0.001, 0.041, 0.850, 0.000, 0, 0.080, 0.001, 0.292
0.002, 0.050, 0.950, 0.000, 0, 0.090, 0.002, 0.292
0.003, 0.060, 1.000, 0.000, 0, 0.100, 0.003, 0.292
0.003, 0.070, 1.000, 0.000, 0, 0.110, 0.003, 0.292
0.004, 0.080, 1.000, 0.000, 0, 0.120, 0.004, 0.292
0.005, 0.090, 1.000, 0.000, 0, 0.130, 0.005, 0.292
0.006, 0.100, 1.000, 0.000, 0, 0.140, 0.006, 0.292
0.007, 0.110, 1.000, 0.000, 0, 0.150, 0.007, 0.292
0.008, 0.120, 1.000, 0.000, 0, 0.160, 0.008, 0.292
0.010, 0.130, 1.000, 0.000, 0, 0.170, 0.010, 0.292
0.011, 0.140, 1.000, 0.000, 0, 0.180, 0.011, 0.292
0.012, 0.150, 1.000, 0.000, 0, 0.190, 0.012, 0.292
0.014, 0.160, 1.000, 0.000, 0, 0.200, 0.014, 0.292
0.016, 0.170, 1.000, 0.000, 0, 0.210, 0.016, 0.292
0.018, 0.180, 1.000, 0.000, 0, 0.220, 0.018, 0.292
0.019, 0.190, 1.000, 0.000, 0, 0.230, 0.019, 0.292
0.021, 0.200, 1.000, 0.000, 0, 0.240, 0.021, 0.292
0.024, 0.210, 1.000, 0.000, 0, 0.250, 0.024, 0.292
0.026, 0.220, 1.000, 0.000, 0, 0.260, 0.026, 0.292
0.028, 0.230, 1.000, 0.000, 0, 0.270, 0.028, 0.292
0.030, 0.240, 1.000, 0.000, 0, 0.280, 0.030, 0.292
0.033, 0.250, 1.000, 0.000, 0, 0.290, 0.033, 0.292
0.036, 0.260, 1.000, 0.000, 0, 0.300, 0.036, 0.292
0.038, 0.270, 1.000, 0.000, 0, 0.310, 0.038, 0.292
0.041, 0.280, 1.000, 0.000, 0, 0.320, 0.041, 0.292
0.044, 0.290, 1.000, 0.000, 0, 0.330, 0.044, 0.292
0.047, 0.300, 1.000, 0.000, 0, 0.340, 0.047, 0.292
0.050, 0.310, 1.000, 0.000, 0, 0.350, 0.050, 0.292
0.053, 0.320, 1.000, 0.000, 0, 0.360, 0.053, 0.292
0.057, 0.330, 1.000, 0.000, 0, 0.370, 0.057, 0.292
0.060, 0.340, 1.000, 0.000, 0, 0.380, 0.060, 0.292
0.063, 0.350, 1.000, 0.000, 0, 0.390, 0.063, 0.292
0.067, 0.360, 1.000, 0.000, 0, 0.400, 0.067, 0.292
0.071, 0.370, 1.000, 0.000, 0, 0.410, 0.071, 0.292
0.075, 0.380, 1.000, 0.000, 0, 0.420, 0.075, 0.292
0.078, 0.390, 1.000, 0.000, 0, 0.430, 0.078, 0.292
0.082, 0.400, 1.000, 0.000, 0, 0.440, 0.082, 0.292
0.087, 0.410, 1.000, 0.000, 0, 0.450, 0.087, 0.292
0.091, 0.420, 1.000, 0.000, 0, 0.460, 0.091, 0.292
0.095, 0.430, 1.000, 0.000, 0, 0.470, 0.095, 0.292
0.099, 0.440, 1.000, 0.000, 0, 0.480, 0.099, 0.292
0.104, 0.450, 1.000, 0.000, 0, 0.490, 0.104, 0.292
0.109, 0.460, 1.000, 0.000, 0, 0.500, 0.109, 0.292
0.113, 0.470, 1.000, 0.000, 0, 0.510, 0.113, 0.292
0.118, 0.480, 1.000, 0.000, 0, 0.520, 0.118, 0.292
0.123, 0.490, 1.000, 0.000, 0, 0.530, 0.123, 0.292
0.128, 0.500, 1.000, 0.000, 0, 0.540, 0.128, 0.292
0.133, 0.510, 1.000, 0.000, 0, 0.550, 0.133, 0.292
0.138, 0.520, 1.000, 0.000, 0, 0.560, 0.138, 0.292
0.144, 0.530, 1.000, 0.000, 0, 0.570, 0.144, 0.292
0.149, 0.540, 1.000, 0.000, 0, 0.580, 0.149, 0.292
0.154, 0.550, 1.000, 0.000, 0, 0.590, 0.154, 0.292
0.160, 0.560, 1.000, 0.000, 0, 0.600, 0.160, 0.292
0.166, 0.570, 1.000, 0.000, 0, 0.610, 0.166, 0.292
0.172, 0.580, 1.000, 0.000, 0, 0.620, 0.172, 0.292
0.177, 0.590, 1.000, 0.000, 0, 0.630, 0.177, 0.292
0.183, 0.600, 1.000, 0.000, 0, 0.640, 0.183, 0.292
0.190, 0.610, 1.000, 0.000, 0, 0.650, 0.190, 0.292
0.196, 0.620, 1.000, 0.000, 0, 0.660, 0.196, 0.292
0.202, 0.630, 1.000, 0.000, 0, 0.670, 0.202, 0.292
0.208, 0.640, 1.000, 0.000, 0, 0.680, 0.208, 0.292
0.215, 0.650, 1.000, 0.000, 0, 0.690, 0.215, 0.292
0.222, 0.660, 1.000, 0.000, 0, 0.700, 0.222, 0.292
0.228, 0.670, 1.000, 0.000, 0, 0.710, 0.228, 0.292
0.235, 0.680, 1.000, 0.000, 0, 0.720, 0.235, 0.292
0.242, 0.690, 1.000, 0.000, 0, 0.730, 0.242, 0.292
0.249, 0.700, 1.000, 0.000, 0, 0.740, 0.249, 0.292
0.256, 0.710, 1.000, 0.000, 0, 0.750, 0.256, 0.292
0.263, 0.720, 1.000, 0.000, 0, 0.760, 0.263, 0.292
0.271, 0.730, 1.000, 0.000, 0, 0.770, 0.271, 0.292
0.278, 0.740, 1.000, 0.000, 0, 0.780, 0.278, 0.292
0.285, 0.750, 1.000, 0.000, 0, 0.790, 0.285, 0.292
0.293, 0.760, 1.000, 0.000, 0, 0.800, 0.293, 0.292
0.301, 0.770, 1.000, 0.000, 0, 0.810, 0.301, 0.292
0.309, 0.780, 1.000, 0.000, 0, 0.820, 0.309, 0.292
0.316, 0.790, 1.000, 0.000, 0, 0.830, 0.316, 0.292
0.324, 0.800, 1.000, 0.000, 0, 0.840, 0.324, 0.292
0.333, 0.810, 1.000, 0.000, 0, 0.850, 0.333, 0.292
0.341, 0.820, 1.000, 0.000, 0, 0.860, 0.341, 0.292
0.349, 0.830, 1.000, 0.000, 0, 0.870, 0.349, 0.292
0.357, 0.840, 1.000, 0.000, 0, 0.880, 0.357, 0.292
0.366, 0.850, 1.000, 0.000, 0, 0.890, 0.366, 0.292
0.375, 0.860, 1.000, 0.000, 0, 0.900, 0.375, 0.292
0.383, 0.870, 1.000, 0.000, 0, 0.910, 0.383, 0.292
0.392, 0.880, 1.000, 0.000, 0, 0.920, 0.392, 0.292
0.401, 0.890, 1.000, 0.000, 0, 0.930, 0.401, 0.292
0.410, 0.900, 1.000, 0.000, 0, 0.940, 0.410, 0.292
0.419, 0.910, 1.000, 0.000, 0, 0.950, 0.419, 0.292
0.428, 0.920, 1.000, 0.000, 0, 0.960, 0.428, 0.292
0.438, 0.930, 1.000, 0.000, 0, 0.970, 0.438, 0.292
0.447, 0.940, 1.000, 0.000, 0, 0.980, 0.447, 0.292
0.456, 0.950, 1.000, 0.000, 0, 0.990, 0.456, 0.292
0.466, 0.960, 1.000, 0.000, 0, 1.000, 0.466, 0.292
0.476, 0.970, 1.000, 0.000, 0, 1.010, 0.476, 0.292
0.486, 0.980, 1.000, 0.000, 0, 1.020, 0.486, 0.292
0.495, 0.990, 1.000, 0.000, 0, 1.030, 0.495, 0.292
0.505, 1.000, 1.000, 0.000, 0, 1.040, 0.505, 0.292
0.516, 1.010, 1.000, 0.000, 0, 1.050, 0.516, 0.292
0.526, 1.020, 1.000, 0.000, 0, 1.060, 0.526, 0.292
0.536, 1.030, 1.000, 0.000, 0, 1.070, 0.536, 0.292
0.546, 1.040, 1.000, 0.000, 0, 1.080, 0.546, 0.292
0.557, 1.050, 1.000, 0.000, 0, 1.090, 0.557, 0.292
0.568, 1.060, 1.000, 0.000, 0, 1.100, 0.568, 0.292
0.578, 1.070, 1.000, 0.000, 0, 1.110, 0.578, 0.292
0.589, 1.080, 1.000, 0.000, 0, 1.120, 0.589, 0.292
0.600, 1.090, 1.000, 0.000, 0, 1.130, 0.600, 0.292
0.611, 1.100, 1.000, 0.000, 0, 1.140, 0.611, 0.292
0.622, 1.110, 1.000, 0.000, 0, 1.150, 0.622, 0.292
0.633, 1.120, 1.000, 0.000, 0, 1.160, 0.633, 0.292
0.645, 1.130, 1.000, 0.000, 0, 1.170, 0.645, 0.292
0.656, 1.140, 1.000, 0.000, 0, 1.180, 0.656, 0.292
0.667, 1.150, 1.000, 0.000, 0, 1.190, 0.667, 0.292
0.679, 1.160, 1.000, 0.000, 0, 1.200, 0.679, 0.292
0.691, 1.170, 1.000, 0.000, 0, 1.210, 0.691, 0.292
0.703, 1.180, 1.000, 0.000, 0, 1.220, 0.703, 0.292
0.714, 1.190, 1.000, 0.000, 0, 1.230, 0.714, 0.292
0.726, 1.200, 1.000, 0.000, 0, 1.240, 0.726, 0.292
0.739, 1.210, 1.000, 0.000, 0, 1.250, 0.739, 0.292
0.751, 1.220, 1.000, 0.000, 0, 1.260, 0.751, 0.292
0.763, 1.230, 1.000, 0.000, 0, 1.270, 0.763, 0.292
0.775, 1.240, 1.000, 0.000, 0, 1.280, 0.775, 0.292
0.788, 1.250, 1.000, 0.000, 0, 1.290, 0.788, 0.292
0.801, 1.260, 1.000, 0.000, 0, 1.300, 0.801, 0.292
0.813, 1.270, 1.000, 0.000, 0, 1.310, 0.813, 0.292
0.826, 1.280, 1.000, 0.000, 0, 1.320, 0.826, 0.292
0.839, 1.290, 1.000, 0.000, 0, 1.330, 0.839, 0.292
0.852, 1.300, 1.000, 0.000, 0, 1.340, 0.852, 0.292
0.865, 1.310, 1.000, 0.000, 0, 1.350, 0.865, 0.292
0.878, 1.320, 1.000, 0.000, 0, 1.360, 0.878, 0.292
0.892, 1.330, 1.000, 0.000, 0, 1.370, 0.892, 0.292
0.905, 1.340, 1.000, 0.000, 0, 1.380, 0.905, 0.292
0.918, 1.350, 1.000, 0.000, 0, 1.390, 0.918, 0.292
0.932, 1.360, 1.000, 0.000, 0, 1.400, 0.932, 0.292
0.946, 1.370, 1.000, 0.000, 0, 1.410, 0.946, 0.292
0.960, 1.380, 1.000, 0.000, 0, 1.420, 0.960, 0.292
0.973, 1.390, 1.000, 0.000, 0, 1.430, 0.973, 0.292
0.987, 1.400, 1.000, 0.000, 0, 1.440, 0.987, 0.292
1.002, 1.410, 1.000, 0.000, 0, 1.450, 1.002, 0.292
1.016, 1.420, 1.000, 0.000, 0, 1.460, 1.016, 0.292
1.030, 1.430, 1.000, 0.000, 0, 1.470, 1.030, 0.292
1.044, 1.440, 1.000, 0.000, 0, 1.480, 1.044, 0.292
1.059, 1.450, 1.000, 0.000, 0, 1.490, 1.059, 0.292
1.074, 1.460, 1.000, 0.000, 0, 1.500, 1.074, 0.292
1.088, 1.470, 1.000, 0.000, 0, 1.510, 1.088, 0.292
1.103, 1.480, 1.000, 0.000, 0, 1.520, 1.103, 0.292
1.118, 1.490, 1.000, 0.000, 0, 1.530, 1.118, 0.292
1.133, 1.500, 1.000, 0.000, 0, 1.540, 1.133, 0.292
1.148, 1.510, 1.000, 0.000, 0, 1.550, 1.148, 0.292
1.163, 1.520, 1.000, 0.000, 0, 1.560, 1.163, 0.292
1.179, 1.530, 1.000, 0.000, 0, 1.570, 1.179, 0.292
1.194, 1.540, 1.000, 0.000, 0, 1.580, 1.194, 0.292
1.209, 1.550, 1.000, 0.000, 0, 1.590, 1.209, 0.292
1.225, 1.560, 1.000, 0.000, 0, 1.600, 1.225, 0.292
1.241, 1.570, 1.000, 0.000, 0, 1.610, 1.241, 0.292
1.257, 1.580, 1.000, 0.000, 0, 1.620, 1.257, 0.292
1.272, 1.590, 1.000, 0.000, 0, 1.630, 1.272, 0.292
1.288, 1.600, 1.000, 0.000, 0, 1.640, 1.288, 0.292
1.305, 1.610, 1.000, 0.000, 0, 1.650, 1.305, 0.292
1.321, 1.620, 1.000, 0.000, 0, 1.660, 1.321, 0.292
1.337, 1.630, 1.000, 0.000, 0, 1.670, 1.337, 0.292
1.353, 1.640, 1.000, 0.000, 0, 1.680, 1.353, 0.292
1.370, 1.650, 1.000, 0.000, 0, 1.690, 1.370, 0.292
1.387, 1.660, 1.000, 0.000, 0, 1.700, 1.387, 0.292
1.403, 1.670, 1.000, 0.000, 0, 1.710, 1.403, 0.292
1.420, 1.680, 1.000, 0.000, 0, 1.720, 1.420, 0.292
1.437, 1.690, 1.000, 0.000, 0, 1.730, 1.437, 0.292
1.454, 1.700, 1.000, 0.000, 0, 1.740, 1.454, 0.292
1.471, 1.710, 1.000, 0.000, 0, 1.750, 1.471, 0.292
1.488, 1.720, 1.000, 0.000, 0, 1.760, 1.488, 0.292
1.506, 1.730, 1.000, 0.000, 0, 1.770, 1.506, 0.292
1.523, 1.740, 1.000, 0.000, 0, 1.780, 1.523, 0.292
1.540, 1.750, 1.000, 0.000, 0, 1.790, 1.540, 0.292
1.558, 1.760, 1.000, 0.000, 0, 1.800, 1.558, 0.292
1.576, 1.770, 1.000, 0.000, 0, 1.810, 1.576, 0.292
1.594, 1.780, 1.000, 0.000, 0, 1.820, 1.594, 0.292
1.611, 1.790, 1.000, 0.000, 0, 1.830, 1.611, 0.292
1.629, 1.800, 1.000, 0.000, 0, 1.840, 1.629, 0.292
1.648, 1.810, 1.000, 0.000, 0, 1.850, 1.648, 0.292
1.666, 1.820, 1.000, 0.000, 0, 1.860, 1.666, 0.292
1.684, 1.830, 1.000, 0.000, 0, 1.870, 1.684, 0.292
1.702, 1.840, 1.000, 0.000, 0, 1.880, 1.702, 0.292
1.721, 1.850, 1.000, 0.000, 0, 1.890, 1.721, 0.292
1.740, 1.860, 1.000, 0.000, 0, 1.900, 1.740, 0.292
1.758, 1.870, 1.000, 0.000, 0, 1.910, 1.758, 0.292
1.777, 1.880, 1.000, 0.000, 0, 1.920, 1.777, 0.292
1.796, 1.890, 1.000, 0.000, 0, 1.930, 1.796, 0.292
1.815, 1.900, 1.000, 0.000, 0, 1.940, 1.815, 0.292
1.834, 1.910, 1.000, 0.000, 0, 1.950, 1.834, 0.292
1.853, 1.920, 1.000, 0.000, 0, 1.960, 1.853, 0.292
1.873, 1.930, 1.000, 0.000, 0, 1.970, 1.873, 0.292
1.892, 1.940, 1.000, 0.000, 0, 1.980, 1.892, 0.292
1.911, 1.950, 1.000, 0.000, 0, 1.990, 1.911, 0.292
1.931, 1.959, 0.950, 0.000, 0, 2.000, 1.931, 0.292
1.951, 1.968, 0.850, 0.000, 0, 2.010, 1.951, 0.292
1.970, 1.975, 0.750, 0.000, 0, 2.020, 1.970, 0.292
1.990, 1.982, 0.650, 0.000, 0, 2.030, 1.990, 0.292
2.010, 1.987, 0.550, 0.000, 0, 2.040, 2.010, 0.292
2.030, 1.992, 0.450, 0.000, 0, 2.050, 2.030, 0.292
2.050, 1.995, 0.350, 0.000, 0, 2.060, 2.050, 0.292
2.070, 1.998, 0.250, 0.000, 0, 2.070, 2.070, 0.292
2.090, 1.999, 0.150, 0.000, 0, 2.080, 2.090, 0.292
2.110, 2.000, 0.050, 0.000, 0, 2.090, 2.110, 0.292
2.130, 2.000, 0.000, 0.000, 0, 2.100, 2.130, 0.292
2.150, 2.000, -0.000, 0.000, 0, 2.110, 2.150, 0.292
2.170, 2.000, 0.000, 0.000, 0, 2.120, 2.170, 0.292
2.190, 2.000, -0.000, 0.000, 0, 2.130, 2.190, 0.292
2.210, 2.000, 0.000, 0.000, 0, 2.140, 2.210, 0.292
2.230, 2.000, -0.000, 0.000, 0, 2.150, 2.230, 0.292
2.250, 2.000, 0.000, 0.000, 0, 2.160, 2.250, 0.292
2.270, 2.000, -0.000, 0.000, 0, 2.170, 2.270, 0.292
2.290, 2.000, -0.000, 0.000, 0, 2.180, 2.290, 0.292
2.310, 2.000, 0.000, 0.000, 0, 2.190, 2.310, 0.292
2.330, 2.000, -0.000, 0.000, 0, 2.200, 2.330, 0.292
2.350, 2.000, 0.000, 0.000, 0, 2.210, 2.350, 0.292
2.370, 2.000, -0.000, 0.000, 0, 2.220, 2.370, 0.292
2.390, 2.000, 0.000, 0.000, 0, 2.230, 2.390, 0.292
2.410, 2.000, -0.000, 0.000, 0, 2.240, 2.410, 0.292
2.430, 2.000, 0.000, 0.000, 0, 2.250, 2.430, 0.292
2.450, 2.000, 0.000, 0.000, 0, 2.260, 2.450, 0.292
2.470, 2.000, 0.000, 0.000, 0, 2.270, 2.470, 0.292
2.490, 2.000, 0.000, 0.000, 0, 2.280, 2.490, 0.292
2.510, 2.000, 0.000, 0.000, 0, 2.290, 2.510, 0.292
2.530, 2.000, 0.000, 0.000, 0, 2.300, 2.530, 0.292
2.550, 2.000, 0.000, 0.000, 0, 2.310, 2.550, 0.292
2.570, 2.000, -0.000, 0.000, 0, 2.320, 2.570, 0.292
2.590, 2.000, 0.000, 0.000, 0, 2.330, 2.590, 0.292
2.610, 2.000, -0.000, 0.000, 0, 2.340, 2.610, 0.292
2.630, 2.000, 0.000, 0.000, 0, 2.350, 2.630, 0.292
2.650, 2.000, 0.000, 0.000, 0, 2.360, 2.650, 0.292
2.670, 2.000, 0.000, 0.000, 0, 2.370, 2.670, 0.292
2.690, 2.000, 0.000, 0.000, 0, 2.380, 2.690, 0.292
2.710, 2.000, -0.000, 0.000, 0, 2.390, 2.710, 0.292
2.730, 2.000, 0.000, 0.000, 0, 2.400, 2.730, 0.292
2.750, 2.000, -0.000, 0.000, 0, 2.410, 2.750, 0.292
2.770, 2.000, 0.000, 0.000, 0, 2.420, 2.770, 0.292
2.790, 2.000, -0.000, 0.000, 0, 2.430, 2.790, 0.292
2.810, 2.000, 0.000, 0.000, 0, 2.440, 2.810, 0.292
2.830, 2.000, -0.000, 0.000, 0, 2.450, 2.830, 0.292
2.850, 2.000, 0.000, 0.000, 0, 2.460, 2.850, 0.292
2.870, 2.000, 0.000, 0.000, 0, 2.470, 2.870, 0.292
2.890, 2.000, 0.000, 0.000, 0, 2.480, 2.890, 0.292
2.910, 2.000, 0.000, 0.000, 0, 2.490, 2.910, 0.292
2.930, 2.000, 0.000, 0.000, 0, 2.500, 2.930, 0.292
2.950, 2.000, 0.000, 0.000, 0, 2.510, 2.950, 0.292
2.970, 2.000, -0.000, 0.000, 0, 2.520, 2.970, 0.292
2.990, 2.000, 0.000, 0.000, 0, 2.530, 2.990, 0.292
3.010, 2.000, 0.000, 0.000, 0, 2.540, 3.010, 0.292
3.030, 2.000, 0.000, 0.000, 0, 2.550, 3.030, 0.292
3.050, 2.000, 0.000, 0.000, 0, 2.560, 3.050, 0.292
3.070, 2.000, 0.000, 0.000, 0, 2.570, 3.070, 0.292
3.090, 2.000, 0.000, 0.000, 0, 2.580, 3.090, 0.292
3.110, 2.000, 0.000, 0.000, 0, 2.590, 3.110, 0.292
3.130, 2.000, 0.000, 0.000, 0, 2.600, 3.130, 0.292
3.150, 2.000, 0.000, 0.000, 0, 2.610, 3.150, 0.292
3.170, 2.000, 0.000, 0.000, 0, 2.620, 3.170, 0.292
3.190, 2.000, 0.000, 0.000, 0, 2.630, 3.190, 0.292
3.210, 2.000, 0.000, 0.000, 0, 2.640, 3.210, 0.292
3.230, 2.000, 0.000, 0.000, 0, 2.650, 3.230, 0.292
3.250, 2.000, 0.000, 0.000, 0, 2.660, 3.250, 0.292
3.270, 2.000, 0.000, 0.000, 0, 2.670, 3.270, 0.292
3.290, 2.000, 0.000, 0.000, 0, 2.680, 3.290, 0.292
3.310, 2.000, 0.000, 0.000, 0, 2.690, 3.310, 0.292
3.330, 2.000, 0.000, 0.000, 0, 2.700, 3.330, 0.292
3.350, 2.000, 0.000, 0.000, 0, 2.710, 3.350, 0.292
3.370, 2.000, 0.000, 0.000, 0, 2.720, 3.370, 0.292
3.390, 2.000, 0.000, 0.000, 0, 2.730, 3.390, 0.292
3.410, 2.000, 0.000, 0.000, 0, 2.740, 3.410, 0.292
3.430, 2.000, 0.000, 0.000, 0, 2.750, 3.430, 0.292
3.450, 2.000, 0.000, 0.000, 0, 2.760, 3.450, 0.292
3.470, 2.000, 0.000, 0.000, 0, 2.770, 3.470, 0.292
3.490, 2.000, 0.000, 0.000, 0, 2.780, 3.490, 0.292
3.510, 2.000, 0.000, 0.000, 0, 2.790, 3.510, 0.292
3.530, 2.000, 0.000, 0.000, 0, 2.800, 3.530, 0.292
3.550, 2.000, 0.000, 0.000, 0, 2.810, 3.550, 0.292
3.570, 2.000, -0.000, 0.000, 0, 2.820, 3.570, 0.292
3.590, 2.000, 0.000, 0.000, 0, 2.830, 3.590, 0.292
3.610, 2.000, 0.000, 0.000, 0, 2.840, 3.610, 0.292
3.630, 2.000, 0.000, 0.000, 0, 2.850, 3.630, 0.292
3.650, 2.000, -0.000, 0.000, 0, 2.860, 3.650, 0.292
3.670, 2.000, 0.000, 0.000, 0, 2.870, 3.670, 0.292
3.690, 2.000, -0.000, 0.000, 0, 2.880, 3.690, 0.292
3.710, 2.000, -0.000, 0.000, 0, 2.890, 3.710, 0.292
3.730, 2.000, 0.000, 0.000, 0, 2.900, 3.730, 0.292
3.750, 2.000, 0.000, 0.000, 0, 2.910, 3.750, 0.292
3.770, 2.000, 0.000, 0.000, 0, 2.920, 3.770, 0.292
3.790, 2.000, -0.000, 0.000, 0, 2.930, 3.790, 0.292
3.810, 2.000, 0.000, 0.000, 0, 2.940, 3.810, 0.292
3.830, 2.000, -0.000, 0.000, 0, 2.950, 3.830, 0.292
3.850, 2.000, -0.000, 0.000, 0, 2.960, 3.850, 0.292
3.870, 2.000, 0.000, 0.000, 0, 2.970, 3.870, 0.292
3.890, 2.000, 0.000, 0.000, 0, 2.980, 3.890, 0.292
3.910, 2.000, 0.000, 0.000, 0, 2.990, 3.910, 0.292
3.930, 2.000, -0.000, 0.000, 0, 3.000, 3.930, 0.292
3.950, 2.000, 0.000, 0.000, 0, 3.010, 3.950, 0.292
3.970, 2.000, 0.000, 0.000, 0, 3.020, 3.970, 0.292
3.990, 2.000, -0.000, 0.000, 0, 3.030, 3.990, 0.292
4.010, 2.000, 0.000, 0.000, 0, 3.040, 4.010, 0.292
4.030, 2.000, -0.000, 0.000, 0, 3.050, 4.030, 0.292
4.050, 2.000, 0.000, 0.000, 0, 3.060, 4.050, 0.292
4.070, 2.000, 0.000, 0.000, 0, 3.070, 4.070, 0.292
4.090, 2.000, -0.000, 0.000, 0, 3.080, 4.090, 0.292
4.110, 2.000, 0.000, 0.000, 0, 3.090, 4.110, 0.292
4.130, 2.000, 0.000, 0.000, 0, 3.100, 4.130, 0.292
4.150, 2.000, 0.000, 0.000, 0, 3.110, 4.150, 0.292
4.170, 2.000, -0.000, 0.000, 0, 3.120, 4.170, 0.292
4.190, 2.000, 0.000, 0.000, 0, 3.130, 4.190, 0.292
4.210, 2.000, 0.000, 0.000, 0, 3.140, 4.210, 0.292
4.230, 2.000, -0.000, 0.000, 0, 3.150, 4.230, 0.292
4.250, 2.000, 0.000, 0.000, 0, 3.160, 4.250, 0.292
4.270, 2.000, 0.000, 0.000, 0, 3.170, 4.270, 0.292
4.290, 2.000, -0.000, 0.000, 0, 3.180, 4.290, 0.292
4.310, 2.000, 0.000, 0.000, 0, 3.190, 4.310, 0.292
4.330, 2.000, 0.000, 0.000, 0, 3.200, 4.330, 0.292
4.350, 2.000, 0.000, 0.000, 0, 3.210, 4.350, 0.292
4.370, 2.000, -0.000, 0.000, 0, 3.220, 4.370, 0.292
4.390, 2.000, 0.000, 0.000, 0, 3.230, 4.390, 0.292
4.410, 2.000, 0.000, 0.000, 0, 3.240, 4.410, 0.292
4.430, 2.000, 0.000, 0.000, 0, 3.250, 4.430, 0.292
4.450, 2.000, -0.000, 0.000, 0, 3.260, 4.450, 0.292
4.470, 2.000, 0.000, 0.000, 0, 3.270, 4.470, 0.292
4.490, 2.000, -0.000, 0.000, 0, 3.280, 4.490, 0.292
4.510, 2.000, 0.000, 0.000, 0, 3.290, 4.510, 0.292
4.530, 2.000, 0.000, 0.000, 0, 3.300, 4.530, 0.292
4.550, 2.000, -0.000, 0.000, 0, 3.310, 4.550, 0.292
4.570, 2.000, 0.000, 0.000, 0, 3.320, 4.570, 0.292
4.590, 2.000, 0.000, 0.000, 0, 3.330, 4.590, 0.292
4.610, 2.000, 0.000, 0.000, 0, 3.340, 4.610, 0.292
4.630, 2.000, 0.000, 0.000, 0, 3.350, 4.630, 0.292
4.650, 2.000, 0.000, 0.000, 0, 3.360, 4.650, 0.292
4.670, 2.000, -0.000, 0.000, 0, 3.370, 4.670, 0.292
4.690, 2.000, 0.000, 0.000, 0, 3.380, 4.690, 0.292
4.710, 2.000, 0.000, 0.000, 0, 3.390, 4.710, 0.292
4.730, 2.000, -0.000, 0.000, 0, 3.400, 4.730, 0.292
4.750, 2.000, 0.000, 0.000, 0, 3.410, 4.750, 0.292
4.770, 2.000, 0.000, 0.000, 0, 3.420, 4.770, 0.292
4.790, 2.000, -0.000, 0.000, 0, 3.430, 4.790, 0.292
4.810, 2.000, 0.000, 0.000, 0, 3.440, 4.810, 0.292
4.830, 2.000, -0.000, 0.000, 0, 3.450, 4.830, 0.292
4.850, 2.000, 0.000, 0.000, 0, 3.460, 4.850, 0.292
4.870, 2.000, 0.000, 0.000, 0, 3.470, 4.870, 0.292
4.890, 2.000, 0.000, 0.000, 0, 3.480, 4.890, 0.292
4.910, 2.000, 0.000, 0.000, 0, 3.490, 4.910, 0.292
4.930, 2.000, -0.000, 0.000, 0, 3.500, 4.930, 0.292
4.950, 2.000, 0.000, 0.000, 0, 3.510, 4.950, 0.292
4.970, 2.000, 0.000, 0.000, 0, 3.520, 4.970, 0.292
4.990, 2.000, 0.000, 0.000, 0, 3.530, 4.990, 0.292
5.010, 2.000, -0.000, 0.000, 0, 3.540, 5.010, 0.292
5.030, 2.000, 0.000, 0.000, 0, 3.550, 5.030, 0.292
5.050, 2.000, 0.000, 0.000, 0, 3.560, 5.050, 0.292
5.070, 2.000, 0.000, 0.000, 0, 3.570, 5.070, 0.292
5.090, 2.000, -0.000, 0.000, 0, 3.580, 5.090, 0.292
5.110, 2.000, 0.000, 0.000, 0, 3.590, 5.110, 0.292
5.130, 2.000, -0.000, 0.000, 0, 3.600, 5.130, 0.292
5.150, 2.000, 0.000, 0.000, 0, 3.610, 5.150, 0.292
5.170, 2.000, 0.000, 0.000, 0, 3.620, 5.170, 0.292
5.190, 2.000, 0.000, 0.000, 0, 3.630, 5.190, 0.292
5.210, 2.000, -0.000, 0.000, 0, 3.640, 5.210, 0.292
5.230, 2.000, 0.000, 0.000, 0, 3.650, 5.230, 0.292
5.250, 2.000, 0.000, 0.000, 0, 3.660, 5.250, 0.292
5.270, 2.000, -0.000, 0.000, 0, 3.670, 5.270, 0.292
5.290, 2.000, 0.000, 0.000, 0, 3.680, 5.290, 0.292
5.310, 2.000, 0.000, 0.000, 0, 3.690, 5.310, 0.292
5.330, 2.000, 0.000, 0.000, 0, 3.700, 5.330, 0.292
5.350, 2.000, -0.000, 0.000, 0, 3.710, 5.350, 0.292
5.370, 2.000, 0.000, 0.000, 0, 3.720, 5.370, 0.292
5.390, 2.000, -0.000, 0.000, 0, 3.730, 5.390, 0.292
5.410, 2.000, 0.000, 0.000, 0, 3.740, 5.410, 0.292
5.430, 2.000, 0.000, 0.000, 0, 3.750, 5.430, 0.292
5.450, 2.000, 0.000, 0.000, 0, 3.760, 5.450, 0.292
5.470, 2.000, -0.000, 0.000, 0, 3.770, 5.470, 0.292
5.490, 2.000, 0.000, 0.000, 0, 3.780, 5.490, 0.292
5.510, 2.000, -0.000, 0.000, 0, 3.790, 5.510, 0.292
5.530, 2.000, 0.000, 0.000, 0, 3.800, 5.530, 0.292
5.550, 2.000, 0.000, 0.000, 0, 3.810, 5.550, 0.292
5.570, 2.000, -0.000, 0.000, 0, 3.820, 5.570, 0.292
5.590, 2.000, 0.000, 0.000, 0, 3.830, 5.590, 0.292
5.610, 2.000, 0.000, 0.000, 0, 3.840, 5.610, 0.292
5.630, 2.000, 0.000, 0.000, 0, 3.850, 5.630, 0.292
5.650, 2.000, 0.000, 0.000, 0, 3.860, 5.650, 0.292
5.670, 2.000, -0.000, 0.000, 0, 3.870, 5.670, 0.292
5.690, 2.000, 0.000, 0.000, 0, 3.880, 5.690, 0.292
5.710, 2.000, 0.000, 0.000, 0, 3.890, 5.710, 0.292
5.730, 2.000, 0.000, 0.000, 0, 3.900, 5.730, 0.292
5.750, 2.000, 0.000, 0.000, 0, 3.910, 5.750, 0.292
5.770, 2.000, -0.000, 0.000, 0, 3.920, 5.770, 0.292
5.790, 2.000, 0.000, 0.000, 0, 3.930, 5.790, 0.292
5.810, 2.000, 0.000, 0.000, 0, 3.940, 5.810, 0.292
5.830, 2.000, -0.000, 0.000, 0, 3.950, 5.830, 0.292
5.850, 2.000, 0.000, 0.000, 0, 3.960, 5.850, 0.292
5.870, 2.000, 0.000, 0.000, 0, 3.970, 5.870, 0.292
5.890, 2.000, 0.000, 0.000, 0, 3.980, 5.890, 0.292
5.910, 2.000, 0.000, 0.000, 0, 3.990, 5.910, 0.292
5.930, 2.000, -0.000, 0.000, 0, 4.000, 5.930, 0.292
5.950, 2.000, 0.000, 0.000, 0, 4.010, 5.950, 0.292
5.970, 2.000, -0.000, 0.000, 0, 4.020, 5.970, 0.292
5.990, 2.000, 0.000, 0.000, 0, 4.030, 5.990, 0.292
6.010, 2.000, -0.000, 0.000, 0, 4.040, 6.010, 0.292
6.030, 2.000, 0.000, 0.000, 0, 4.050, 6.030, 0.292
6.050, 2.000, -0.000, 0.000, 0, 4.060, 6.050, 0.292
6.070, 2.000, 0.000, 0.000, 0, 4.070, 6.070, 0.292
6.090, 2.000, 0.000, 0.000, 0, 4.080, 6.090, 0.292
6.110, 2.000, -0.000, 0.000, 0, 4.090, 6.110, 0.292
6.130, 2.000, 0.000, 0.000, 0, 4.100, 6.130, 0.292
6.150, 2.000, -0.000, 0.000, 0, 4.110, 6.150, 0.292
6.170, 2.000, 0.000, 0.000, 0, 4.120, 6.170, 0.292
6.190, 2.000, 0.000, 0.000, 0, 4.130, 6.190, 0.292
6.210, 2.000, -0.000, 0.000, 0, 4.140, 6.210, 0.292
6.230, 2.000, 0.000, 0.000, 0, 4.150, 6.230, 0.292
6.250, 2.000, 0.000, 0.000, 0, 4.160, 6.250, 0.292
6.270, 2.000, 0.000, 0.000, 0, 4.170, 6.270, 0.292
6.290, 2.000, 0.000, 0.000, 0, 4.180, 6.290, 0.292
6.310, 2.000, -0.000, 0.000, 0, 4.190, 6.310, 0.292
6.330, 2.000, 0.000, 0.000, 0, 4.200, 6.330, 0.292
6.350, 2.000, -0.000, 0.000, 0, 4.210, 6.350, 0.292
6.370, 2.000, 0.000, 0.000, 0, 4.220, 6.370, 0.292
6.390, 2.000, -0.000, 0.000, 0, 4.230, 6.390, 0.292
6.410, 2.000, 0.000, 0.000, 0, 4.240, 6.410, 0.292
6.430, 2.000, 0.000, 0.000, 0, 4.250, 6.430, 0.292
6.450, 2.000, 0.000, 0.000, 0, 4.260, 6.450, 0.292
6.470, 2.000, 0.000, 0.000, 0, 4.270, 6.470, 0.292
6.490, 2.000, 0.000, 0.000, 0, 4.280, 6.490, 0.292
6.510, 2.000, -0.000, 0.000, 0, 4.290, 6.510, 0.292
6.530, 2.000, 0.000, 0.000, 0, 4.300, 6.530, 0.292
6.550, 2.000, 0.000, 0.000, 0, 4.310, 6.550, 0.292
6.570, 2.000, -0.000, 0.000, 0, 4.320, 6.570, 0.292
6.590, 2.000, 0.000, 0.000, 0, 4.330, 6.590, 0.292
6.610, 2.000, -0.000, 0.000, 0, 4.340, 6.610, 0.292
6.630, 2.000, 0.000, 0.000, 0, 4.350, 6.630, 0.292
6.650, 2.000, 0.000, 0.000, 0, 4.360, 6.650, 0.292
6.670, 2.000, -0.000, 0.000, 0, 4.370, 6.670, 0.292
6.690, 2.000, 0.000, 0.000, 0, 4.380, 6.690, 0.292
6.710, 2.000, 0.000, 0.000, 0, 4.390, 6.710, 0.292
6.730, 2.000, 0.000, 0.000, 0, 4.400, 6.730, 0.292
6.750, 2.000, -0.000, 0.000, 0, 4.410, 6.750, 0.292
6.770, 2.000, 0.000, 0.000, 0, 4.420, 6.770, 0.292
6.790, 2.000, 0.000, 0.000, 0, 4.430, 6.790, 0.292
6.810, 2.000, -0.000, 0.000, 0, 4.440, 6.810, 0.292
6.830, 2.000, 0.000, 0.000, 0, 4.450, 6.830, 0.292
6.850, 2.000, -0.000, 0.000, 0, 4.460, 6.850, 0.292
6.870, 2.000, 0.000, 0.000, 0, 4.470, 6.870, 0.292
6.890, 2.000, -0.000, 0.000, 0, 4.480, 6.890, 0.292
6.910, 2.000, 0.000, 0.000, 0, 4.490, 6.910, 0.292
6.930, 2.000, -0.000, 0.000, 0, 4.500, 6.930, 0.292
6.950, 2.000, 0.000, 0.000, 0, 4.510, 6.950, 0.292
6.970, 2.000, 0.000, 0.000, 0, 4.520, 6.970, 0.292
6.990, 2.000, -0.000, 0.000, 0, 4.530, 6.990, 0.292
7.010, 2.000, 0.036, 6.283, 0, 4.540, 7.010, 0.292
7.030, 2.003, 0.249, 6.283, 0, 4.550, 7.030, 0.292
7.050, 2.006, 0.279, 6.283, 0, 4.560, 7.050, 0.292
7.070, 2.008, 0.273, 6.283, 0, 4.570, 7.070, 0.292
7.090, 2.011, 0.267, 6.282, 0, 4.580, 7.090, 0.292
7.110, 2.014, 0.261, 6.282, 0, 4.590, 7.110, 0.292
7.131, 2.016, 0.255, 6.281, 0, 4.600, 7.131, 0.292
7.151, 2.019, 0.248, 6.281, 0, 4.610, 7.151, 0.292
7.171, 2.021, 0.242, 6.280, 0, 4.620, 7.171, 0.292
7.191, 2.023, 0.236, 6.279, 0, 4.630, 7.191, 0.292
7.211, 2.026, 0.230, 6.278, 0, 4.640, 7.211, 0.292
7.232, 2.028, 0.224, 6.277, 0, 4.650, 7.232, 0.292
7.252, 2.030, 0.218, 6.276, 0, 4.660, 7.252, 0.291
7.272, 2.032, 0.212, 6.275, 0, 4.670, 7.272, 0.291
7.293, 2.034, 0.206, 6.274, 0, 4.680, 7.293, 0.291
7.313, 2.036, 0.200, 6.273, 0, 4.690, 7.313, 0.291
7.333, 2.038, 0.194, 6.271, 0, 4.700, 7.333, 0.291
7.354, 2.040, 0.188, 6.270, 0, 4.710, 7.354, 0.290
7.374, 2.042, 0.182, 6.269, 0, 4.720, 7.374, 0.290
7.395, 2.044, 0.176, 6.267, 0, 4.730, 7.395, 0.290
7.415, 2.045, 0.170, 6.265, 0, 4.740, 7.415, 0.290
7.436, 2.047, 0.164, 6.264, 0, 4.750, 7.436, 0.289
7.456, 2.049, 0.159, 6.262, 0, 4.760, 7.456, 0.289
7.477, 2.050, 0.153, 6.260, 0, 4.770, 7.477, 0.288
7.497, 2.052, 0.147, 6.259, 0, 4.780, 7.497, 0.288
7.518, 2.053, 0.142, 6.257, 0, 4.790, 7.518, 0.287
7.538, 2.054, 0.136, 6.255, 0, 4.800, 7.538, 0.287
7.559, 2.056, 0.130, 6.253, 0, 4.810, 7.559, 0.286
7.579, 2.057, 0.125, 6.251, 0, 4.820, 7.579, 0.285
7.600, 2.058, 0.119, 6.249, 0, 4.830, 7.600, 0.285
7.621, 2.059, 0.114, 6.247, 0, 4.840, 7.620, 0.284
7.641, 2.060, 0.108, 6.245, 0, 4.850, 7.641, 0.283
7.662, 2.061, 0.103, 6.243, 0, 4.860, 7.662, 0.283
7.682, 2.062, 0.098, 6.241, 0, 4.870, 7.682, 0.282
7.703, 2.063, 0.093, 6.239, 0, 4.880, 7.703, 0.281
7.724, 2.064, 0.087, 6.236, 0, 4.890, 7.723, 0.280
7.744, 2.065, 0.082, 6.234, 0, 4.900, 7.744, 0.279
7.765, 2.066, 0.077, 6.232, 0, 4.910, 7.765, 0.278
7.786, 2.067, 0.072, 6.230, 0, 4.920, 7.785, 0.277
7.806, 2.067, 0.067, 6.227, 0, 4.930, 7.806, 0.276
7.827, 2.068, 0.062, 6.225, 0, 4.940, 7.827, 0.274
7.848, 2.068, 0.057, 6.223, 0, 4.950, 7.847, 0.273
7.868, 2.069, 0.053, 6.220, 0, 4.960, 7.868, 0.272
7.889, 2.069, 0.048, 6.218, 0, 4.970, 7.889, 0.271
7.910, 2.070, 0.043, 6.216, 0, 4.980, 7.909, 0.269
7.930, 2.070, 0.039, 6.213, 0, 4.990, 7.930, 0.268
7.951, 2.071, 0.034, 6.211, 0, 5.000, 7.951, 0.266
7.972, 2.071, 0.030, 6.208, 0, 5.010, 7.971, 0.265
7.993, 2.071, 0.025, 6.206, 0, 5.020, 7.992, 0.263
8.013, 2.071, 0.021, 6.203, 0, 5.030, 8.013, 0.262
8.034, 2.072, 0.017, 6.201, 0, 5.040, 8.033, 0.260
8.055, 2.072, 0.012, 6.199, 0, 5.050, 8.054, 0.258
8.075, 2.072, 0.008, 6.196, 0, 5.060, 8.074, 0.256
8.096, 2.072, 0.004, 6.194, 0, 5.070, 8.095, 0.255
8.117, 2.072, 0.000, 6.191, 0, 5.080, 8.116, 0.253
8.138, 2.072, -0.004, 6.189, 0, 5.090, 8.136, 0.251
8.158, 2.072, -0.008, 6.186, 0, 5.100, 8.157, 0.249
8.179, 2.072, -0.011, 6.184, 0, 5.110, 8.178, 0.247
8.200, 2.071, -0.015, 6.181, 0, 5.120, 8.198, 0.245
8.220, 2.071, -0.019, 6.179, 0, 5.130, 8.219, 0.243
8.241, 2.071, -0.022, 6.177, 0, 5.140, 8.239, 0.240
8.262, 2.071, -0.026, 6.174, 0, 5.150, 8.260, 0.238
8.283, 2.070, -0.029, 6.172, 0, 5.160, 8.281, 0.236
8.303, 2.070, -0.033, 6.169, 0, 5.170, 8.301, 0.234
8.324, 2.070, -0.036, 6.167, 0, 5.180, 8.322, 0.231
8.345, 2.069, -0.039, 6.165, 0, 5.190, 8.342, 0.229
8.365, 2.069, -0.043, 6.162, 0, 5.200, 8.363, 0.226
8.386, 2.068, -0.046, 6.160, 0, 5.210, 8.383, 0.224
8.407, 2.068, -0.049, 6.158, 0, 5.220, 8.404, 0.221
8.427, 2.067, -0.052, 6.155, 0, 5.230, 8.424, 0.219
8.448, 2.067, -0.055, 6.153, 0, 5.240, 8.445, 0.216
8.469, 2.066, -0.058, 6.151, 0, 5.250, 8.465, 0.213
8.489, 2.066, -0.060, 6.148, 0, 5.260, 8.486, 0.210
8.510, 2.065, -0.063, 6.146, 0, 5.270, 8.506, 0.208
8.531, 2.064, -0.066, 6.144, 0, 5.280, 8.527, 0.205
8.551, 2.064, -0.069, 6.142, 0, 5.290, 8.547, 0.202
8.572, 2.063, -0.071, 6.140, 0, 5.300, 8.568, 0.199
8.593, 2.062, -0.074, 6.137, 0, 5.310, 8.588, 0.196
8.613, 2.062, -0.076, 6.135, 0, 5.320, 8.608, 0.193
8.634, 2.061, -0.078, 6.133, 0, 5.330, 8.629, 0.190
8.654, 2.060, -0.081, 6.131, 0, 5.340, 8.649, 0.187
8.675, 2.059, -0.083, 6.129, 0, 5.350, 8.669, 0.184
8.696, 2.058, -0.085, 6.127, 0, 5.360, 8.690, 0.181
8.716, 2.057, -0.087, 6.125, 0, 5.370, 8.710, 0.177
8.737, 2.056, -0.090, 6.123, 0, 5.380, 8.730, 0.174
8.757, 2.056, -0.092, 6.121, 0, 5.390, 8.751, 0.171
8.778, 2.055, -0.094, 6.120, 0, 5.400, 8.771, 0.167
8.798, 2.054, -0.096, 6.118, 0, 5.410, 8.791, 0.164
8.819, 2.053, -0.097, 6.116, 0, 5.420, 8.811, 0.161
8.839, 2.052, -0.099, 6.114, 0, 5.430, 8.832, 0.157
8.860, 2.051, -0.101, 6.112, 0, 5.440, 8.852, 0.154
8.880, 2.050, -0.103, 6.111, 0, 5.450, 8.872, 0.150
8.901, 2.049, -0.105, 6.109, 0, 5.460, 8.892, 0.147
8.921, 2.048, -0.106, 6.107, 0, 5.470, 8.912, 0.143
8.942, 2.046, -0.108, 6.106, 0, 5.480, 8.933, 0.140
8.962, 2.045, -0.110, 6.104, 0, 5.490, 8.953, 0.136
8.983, 2.044, -0.111, 6.103, 0, 5.500, 8.973, 0.132
9.003, 2.043, -0.113, 6.101, 0, 5.510, 8.993, 0.129
9.024, 2.042, -0.114, 6.100, 0, 5.520, 9.013, 0.125
9.044, 2.041, -0.116, 6.098, 0, 5.530, 9.033, 0.121
9.064, 2.040, -0.117, 6.097, 0, 5.540, 9.053, 0.117
9.085, 2.038, -0.119, 6.096, 0, 5.550, 9.073, 0.114
9.105, 2.037, -0.120, 6.095, 0, 5.560, 9.093, 0.110
9.125, 2.036, -0.121, 6.093, 0, 5.570, 9.113, 0.106
9.146, 2.035, -0.123, 6.092, 0, 5.580, 9.133, 0.102
9.166, 2.034, -0.124, 6.091, 0, 5.590, 9.153, 0.098
9.186, 2.032, -0.125, 6.090, 0, 5.600, 9.173, 0.094
9.207, 2.031, -0.127, 6.089, 0, 5.610, 9.193, 0.090
9.227, 2.030, -0.128, 6.088, 0, 5.620, 9.213, 0.087
9.247, 2.028, -0.129, 6.087, 0, 5.630, 9.233, 0.083
9.268, 2.027, -0.130, 6.086, 0, 5.640, 9.253, 0.079
9.288, 2.026, -0.132, 6.085, 0, 5.650, 9.273, 0.075
9.308, 2.025, -0.133, 6.084, 0, 5.660, 9.292, 0.071
9.328, 2.023, -0.134, 6.083, 0, 5.670, 9.312, 0.067
9.349, 2.022, -0.135, 6.083, 0, 5.680, 9.332, 0.063
9.369, 2.020, -0.136, 6.082, 0, 5.690, 9.352, 0.059
9.389, 2.019, -0.137, 6.081, 0, 5.700, 9.372, 0.055
9.409, 2.018, -0.138, 6.081, 0, 5.710, 9.391, 0.050
9.429, 2.016, -0.140, 6.080, 0, 5.720, 9.411, 0.046
9.449, 2.015, -0.141, 6.080, 0, 5.730, 9.431, 0.042
9.470, 2.014, -0.142, 6.079, 0, 5.740, 9.451, 0.038
9.490, 2.012, -0.143, 6.079, 0, 5.750, 9.470, 0.034
9.510, 2.011, -0.144, 6.078, 0, 5.760, 9.490, 0.030
9.530, 2.009, -0.145, 6.078, 0, 5.770, 9.510, 0.026
9.550, 2.008, -0.146, 6.078, 0, 5.780, 9.529, 0.022
9.570, 2.006, -0.147, 6.078, 0, 5.790, 9.549, 0.018
9.590, 2.005, -0.148, 6.077, 0, 5.800, 9.569, 0.014
9.610, 2.003, -0.149, 6.077, 0, 5.810, 9.588, 0.010
9.630, 2.002, -0.150, 6.077, 0, 5.820, 9.608, 0.006
9.650, 2.000, -0.151, 6.077, 0, 5.830, 9.627, 0.001
9.670, 1.999, -0.152, 6.077, 0, 5.840, 9.647, -0.003
9.690, 1.997, -0.153, 6.077, 0, 5.850, 9.666, -0.007
9.710, 1.996, -0.154, 6.077, 0, 5.860, 9.686, -0.011
9.730, 1.994, -0.155, 6.078, 0, 5.870, 9.706, -0.015
9.750, 1.993, -0.156, 6.078, 0, 5.880, 9.725, -0.019
9.770, 1.991, -0.157, 6.078, 0, 5.890, 9.745, -0.023
9.790, 1.989, -0.158, 6.079, 0, 5.900, 9.764, -0.027
9.810, 1.988, -0.159, 6.079, 0, 5.910, 9.783, -0.031
9.830, 1.986, -0.161, 6.079, 0, 5.920, 9.803, -0.035
9.849, 1.985, -0.162, 6.080, 0, 5.930, 9.822, -0.039
9.869, 1.983, -0.163, 6.081, 0, 5.940, 9.842, -0.043
9.889, 1.981, -0.164, 6.081, 0, 5.950, 9.861, -0.047
9.909, 1.980, -0.165, 6.082, 0, 5.960, 9.881, -0.051
9.929, 1.978, -0.166, 6.083, 0, 5.970, 9.900, -0.055
9.948, 1.976, -0.167, 6.083, 0, 5.980, 9.919, -0.059
9.968, 1.975, -0.168, 6.084, 0, 5.990, 9.939, -0.063
9.988, 1.973, -0.169, 6.085, 0, 6.000, 9.958, -0.067
10.008, 1.971, -0.170, 6.086, 0, 6.010, 9.977, -0.071
10.027, 1.970, -0.172, 6.087, 0, 6.020, 9.997, -0.074
10.047, 1.968, -0.173, 6.088, 0, 6.030, 10.016, -0.078
10.067, 1.966, -0.174, 6.090, 0, 6.040, 10.035, -0.082
10.086, 1.964, -0.175, 6.091, 0, 6.050, 10.055, -0.086
10.106, 1.963, -0.176, 6.092, 0, 6.060, 10.074, -0.090
10.125, 1.961, -0.177, 6.093, 0, 6.070, 10.093, -0.093
10.145, 1.959, -0.178, 6.095, 0, 6.080, 10.112, -0.097
10.165, 1.957, -0.180, 6.096, 0, 6.090, 10.132, -0.101
10.184, 1.955, -0.181, 6.098, 0, 6.100, 10.151, -0.104
10.204, 1.954, -0.182, 6.099, 0, 6.110, 10.170, -0.108
10.223, 1.952, -0.183, 6.101, 0, 6.120, 10.189, -0.111
10.243, 1.950, -0.184, 6.103, 0, 6.130, 10.208, -0.115
10.262, 1.948, -0.186, 6.105, 0, 6.140, 10.228, -0.118
10.282, 1.946, -0.187, 6.106, 0, 6.150, 10.247, -0.122
10.301, 1.944, -0.188, 6.108, 0, 6.160, 10.266, -0.125
10.321, 1.942, -0.189, 6.110, 0, 6.170, 10.285, -0.129
10.340, 1.941, -0.190, 6.112, 0, 6.180, 10.304, -0.132
10.359, 1.939, -0.192, 6.114, 0, 6.190, 10.323, -0.135
10.379, 1.937, -0.193, 6.117, 0, 6.200, 10.342, -0.138
10.398, 1.935, -0.194, 6.119, 0, 6.210, 10.361, -0.142
10.417, 1.933, -0.195, 6.121, 0, 6.220, 10.380, -0.145
10.437, 1.931, -0.196, 6.123, 0, 6.230, 10.399, -0.148
10.456, 1.929, -0.198, 6.126, 0, 6.240, 10.419, -0.151
10.475, 1.927, -0.199, 6.128, 0, 6.250, 10.438, -0.154
10.494, 1.925, -0.200, 6.131, 0, 6.260, 10.457, -0.157
10.514, 1.923, -0.201, 6.134, 0, 6.270, 10.476, -0.160
10.533, 1.921, -0.202, 6.136, 0, 6.280, 10.495, -0.163
10.552, 1.919, -0.203, 6.139, 0, 6.290, 10.514, -0.165
10.571, 1.917, -0.204, 6.142, 0, 6.300, 10.533, -0.168
10.590, 1.915, -0.206, 6.145, 0, 6.310, 10.551, -0.171
10.610, 1.913, -0.207, 6.148, 0, 6.320, 10.570, -0.173
10.629, 1.911, -0.208, 6.151, 0, 6.330, 10.589, -0.176
10.648, 1.908, -0.209, 6.154, 0, 6.340, 10.608, -0.178
10.667, 1.906, -0.210, 6.157, 0, 6.350, 10.627, -0.181
10.686, 1.904, -0.211, 6.161, 0, 6.360, 10.646, -0.183
10.705, 1.902, -0.212, 6.164, 0, 6.370, 10.665, -0.185
10.724, 1.900, -0.213, 6.167, 0, 6.380, 10.684, -0.188
10.743, 1.898, -0.213, 6.171, 0, 6.390, 10.703, -0.190
10.762, 1.896, -0.214, 6.174, 0, 6.400, 10.722, -0.192
10.781, 1.894, -0.215, 6.178, 0, 6.410, 10.740, -0.194
10.800, 1.891, -0.216, 6.182, 0, 6.420, 10.759, -0.196
10.819, 1.889, -0.216, 6.185, 0, 6.430, 10.778, -0.198
10.837, 1.887, -0.217, 6.189, 0, 6.440, 10.797, -0.200
10.856, 1.885, -0.218, 6.193, 0, 6.450, 10.816, -0.201
10.875, 1.883, -0.218, 6.197, 0, 6.460, 10.834, -0.203
10.894, 1.881, -0.218, 6.201, 0, 6.470, 10.853, -0.205
10.913, 1.878, -0.219, 6.206, 0, 6.480, 10.872, -0.206
10.931, 1.876, -0.219, 6.210, 0, 6.490, 10.890, -0.207
10.950, 1.874, -0.219, 6.214, 0, 6.500, 10.909, -0.209
10.969, 1.872, -0.219, 6.219, 0, 6.510, 10.928, -0.210
10.988, 1.870, -0.219, 6.223, 0, 6.520, 10.947, -0.211
11.006, 1.867, -0.219, 6.228, 0, 6.530, 10.965, -0.212
11.025, 1.865, -0.219, 6.232, 0, 6.540, 10.984, -0.213
11.044, 1.863, -0.219, 6.237, 0, 6.550, 11.002, -0.214
11.062, 1.861, -0.219, 6.242, 0, 6.560, 11.021, -0.215
11.081, 1.859, -0.218, 6.246, 0, 6.570, 11.040, -0.216
11.099, 1.857, -0.218, 6.251, 0, 6.580, 11.058, -0.216
11.118, 1.854, -0.217, 6.256, 0, 6.590, 11.077, -0.217
11.136, 1.852, -0.216, 6.261, 0, 6.600, 11.095, -0.217
11.155, 1.850, -0.215, 6.267, 0, 6.610, 11.114, -0.218
11.173, 1.848, -0.214, 6.272, 0, 6.620, 11.132, -0.218
11.192, 1.846, -0.213, 6.277, 0, 6.630, 11.151, -0.218
11.210, 1.844, -0.211, 6.282, 0, 6.640, 11.169, -0.218
11.229, 1.842, -0.210, 0.005, 0, 6.650, 11.187, -0.218
11.247, 1.839, -0.208, 0.010, 0, 6.660, 11.206, -0.218
11.265, 1.837, -0.207, 0.016, 0, 6.670, 11.224, -0.218
11.284, 1.835, -0.205, 0.021, 0, 6.680, 11.243, -0.217
11.302, 1.833, -0.203, 0.027, 0, 6.690, 11.261, -0.217
11.320, 1.831, -0.200, 0.033, 0, 6.700, 11.279, -0.216
11.339, 1.829, -0.198, 0.039, 0, 6.710, 11.297, -0.216
11.357, 1.827, -0.195, 0.045, 0, 6.720, 11.316, -0.215
11.375, 1.825, -0.192, 0.050, 0, 6.730, 11.334, -0.214
11.393, 1.824, -0.190, 0.057, 0, 6.740, 11.352, -0.213
11.412, 1.822, -0.186, 0.063, 0, 6.750, 11.370, -0.212
11.430, 1.820, -0.183, 0.069, 0, 6.760, 11.389, -0.211
11.448, 1.818, -0.180, 0.075, 0, 6.770, 11.407, -0.210
11.466, 1.816, -0.176, 0.081, 0, 6.780, 11.425, -0.208
11.484, 1.815, -0.172, 0.088, 0, 6.790, 11.443, -0.207
11.503, 1.813, -0.168, 0.094, 0, 6.800, 11.461, -0.205
11.521, 1.811, -0.164, 0.101, 0, 6.810, 11.479, -0.203
11.539, 1.810, -0.160, 0.107, 0, 6.820, 11.497, -0.201
11.557, 1.808, -0.155, 0.114, 0, 6.830, 11.515, -0.199
11.575, 1.807, -0.150, 0.120, 0, 6.840, 11.533, -0.197
11.593, 1.805, -0.146, 0.127, 0, 6.850, 11.551, -0.195
11.611, 1.804, -0.141, 0.134, 0, 6.860, 11.569, -0.193
11.629, 1.802, -0.135, 0.140, 0, 6.870, 11.586, -0.190
11.647, 1.801, -0.130, 0.147, 0, 6.880, 11.604, -0.188
11.665, 1.800, -0.124, 0.154, 0, 6.890, 11.622, -0.185
11.683, 1.799, -0.119, 0.161, 0, 6.900, 11.640, -0.182
11.701, 1.798, -0.113, 0.168, 0, 6.910, 11.658, -0.179
11.719, 1.796, -0.107, 0.175, 0, 6.920, 11.675, -0.176
11.737, 1.795, -0.101, 0.182, 0, 6.930, 11.693, -0.173
11.755, 1.795, -0.095, 0.189, 0, 6.940, 11.711, -0.170
11.773, 1.794, -0.089, 0.196, 0, 6.950, 11.728, -0.166
11.791, 1.793, -0.082, 0.203, 0, 6.960, 11.746, -0.163
11.809, 1.792, -0.076, 0.210, 0, 6.970, 11.763, -0.159
11.827, 1.791, -0.069, 0.217, 0, 6.980, 11.781, -0.155
11.844, 1.791, -0.062, 0.224, 0, 6.990, 11.798, -0.151
11.862, 1.790, -0.055, 0.232, 0, 7.000, 11.816, -0.147
11.880, 1.790, -0.049, 0.239, 0, 7.010, 11.833, -0.143
11.898, 1.789, -0.042, 0.246, 0, 7.020, 11.851, -0.139
11.916, 1.789, -0.035, 0.253, 0, 7.030, 11.868, -0.134
11.934, 1.789, -0.028, 0.261, 0, 7.040, 11.885, -0.130
11.952, 1.788, -0.021, 0.268, 0, 7.050, 11.902, -0.125
11.970, 1.788, -0.014, 0.275, 0, 7.060, 11.920, -0.120
11.988, 1.788, -0.007, 0.282, 0, 7.070, 11.937, -0.115
12.005, 1.788, 0.000, 0.290, 0, 7.080, 11.954, -0.110
12.023, 1.788, 0.007, 0.297, 0, 7.090, 11.971, -0.105
12.041, 1.788, 0.014, 0.304, 0, 7.100, 11.988, -0.100
12.059, 1.789, 0.021, 0.311, 0, 7.110, 12.005, -0.095
12.077, 1.789, 0.028, 0.318, 0, 7.120, 12.022, -0.089
12.095, 1.789, 0.035, 0.326, 0, 7.130, 12.039, -0.083
12.113, 1.790, 0.042, 0.333, 0, 7.140, 12.056, -0.078
12.131, 1.790, 0.048, 0.340, 0, 7.150, 12.073, -0.072
12.149, 1.791, 0.055, 0.347, 0, 7.160, 12.090, -0.066
12.166, 1.791, 0.062, 0.354, 0, 7.170, 12.107, -0.059
12.184, 1.792, 0.068, 0.361, 0, 7.180, 12.124, -0.053
12.202, 1.793, 0.074, 0.369, 0, 7.190, 12.140, -0.047
12.220, 1.794, 0.081, 0.376, 0, 7.200, 12.157, -0.040
12.238, 1.794, 0.087, 0.383, 0, 7.210, 12.174, -0.034
12.256, 1.795, 0.093, 0.390, 0, 7.220, 12.190, -0.027
12.274, 1.796, 0.098, 0.397, 0, 7.230, 12.207, -0.020
12.292, 1.797, 0.104, 0.404, 0, 7.240, 12.223, -0.013
12.310, 1.799, 0.110, 0.410, 0, 7.250, 12.240, -0.006
12.328, 1.799, 0.075, 0.417, 0, 7.260, 12.256, 0.001
12.346, 1.799, -0.004, 0.424, 0, 7.270, 12.273, 0.009
12.364, 1.798, -0.090, 0.431, 0, 7.280, 12.289, 0.016
12.382, 1.797, -0.176, 0.438, 0, 7.290, 12.306, 0.024
12.400, 1.794, -0.262, 0.444, 0, 7.300, 12.322, 0.031
12.418, 1.790, -0.349, 0.451, 0, 7.310, 12.338, 0.039
12.436, 1.786, -0.436, 0.457, 0, 7.320, 12.354, 0.047
12.454, 1.781, -0.524, 0.464, 0, 7.330, 12.370, 0.055
12.471, 1.775, -0.612, 0.470, 0, 7.340, 12.386, 0.063
12.489, 1.768, -0.701, 0.476, 0, 7.350, 12.401, 0.071
12.507, 1.760, -0.750, 0.483, 0, 7.360, 12.417, 0.079
12.524, 1.753, -0.755, 0.489, 0, 7.370, 12.433, 0.087
12.542, 1.745, -0.754, 0.495, 0, 7.380, 12.448, 0.096
12.559, 1.738, -0.754, 0.501, 0, 7.390, 12.463, 0.104
12.576, 1.730, -0.753, 0.507, 0, 7.400, 12.478, 0.112
12.593, 1.723, -0.753, 0.512, 0, 7.410, 12.493, 0.121
12.611, 1.715, -0.754, 0.518, 0, 7.420, 12.508, 0.129
12.628, 1.707, -0.754, 0.524, 0, 7.430, 12.523, 0.138
12.645, 1.700, -0.754, 0.529, 0, 7.440, 12.538, 0.146
12.662, 1.692, -0.755, 0.535, 0, 7.450, 12.552, 0.155
12.678, 1.685, -0.756, 0.540, 0, 7.460, 12.567, 0.163
12.695, 1.677, -0.757, 0.545, 0, 7.470, 12.581, 0.172
12.712, 1.670, -0.758, 0.550, 0, 7.480, 12.596, 0.181
12.729, 1.662, -0.759, 0.555, 0, 7.490, 12.610, 0.189
12.745, 1.654, -0.761, 0.561, 0, 7.500, 12.624, 0.198
12.762, 1.647, -0.762, 0.565, 0, 7.510, 12.638, 0.207
12.778, 1.639, -0.764, 0.570, 0, 7.520, 12.651, 0.216
12.794, 1.632, -0.766, 0.575, 0, 7.530, 12.665, 0.225
12.810, 1.624, -0.767, 0.580, 0, 7.540, 12.679, 0.233
12.827, 1.616, -0.769, 0.584, 0, 7.550, 12.692, 0.242
12.843, 1.608, -0.771, 0.589, 0, 7.560, 12.706, 0.251
12.859, 1.601, -0.773, 0.593, 0, 7.570, 12.719, 0.260
12.875, 1.593, -0.775, 0.598, 0, 7.580, 12.732, 0.269
12.891, 1.585, -0.777, 0.602, 0, 7.590, 12.745, 0.278
12.906, 1.577, -0.780, 0.606, 0, 7.600, 12.758, 0.287
12.922, 1.570, -0.782, 0.611, 0, 7.610, 12.771, 0.296
12.938, 1.562, -0.784, 0.615, 0, 7.620, 12.784, 0.305
12.953, 1.554, -0.787, 0.619, 0, 7.630, 12.797, 0.314
12.969, 1.546, -0.789, 0.623, 0, 7.640, 12.809, 0.323
12.984, 1.538, -0.791, 0.626, 0, 7.650, 12.822, 0.332
12.999, 1.530, -0.794, 0.630, 0, 7.660, 12.834, 0.341
13.015, 1.522, -0.796, 0.634, 0, 7.670, 12.846, 0.350
13.030, 1.514, -0.799, 0.638, 0, 7.680, 12.858, 0.359
13.045, 1.506, -0.801, 0.641, 0, 7.690, 12.871, 0.368
13.060, 1.498, -0.804, 0.645, 0, 7.700, 12.883, 0.377
13.075, 1.490, -0.806, 0.648, 0, 7.710, 12.894, 0.386
13.089, 1.482, -0.809, 0.652, 0, 7.720, 12.906, 0.395
13.104, 1.474, -0.811, 0.655, 0, 7.730, 12.918, 0.404
13.119, 1.466, -0.813, 0.658, 0, 7.740, 12.930, 0.413
13.133, 1.458, -0.816, 0.661, 0, 7.750, 12.941, 0.422
13.148, 1.449, -0.818, 0.665, 0, 7.760, 12.952, 0.431
13.162, 1.441, -0.821, 0.668, 0, 7.770, 12.964, 0.439
13.177, 1.433, -0.823, 0.671, 0, 7.780, 12.975, 0.448
13.191, 1.425, -0.826, 0.674, 0, 7.790, 12.986, 0.457
13.205, 1.416, -0.828, 0.677, 0, 7.800, 12.997, 0.466
13.219, 1.408, -0.831, 0.679, 0, 7.810, 13.008, 0.475
13.233, 1.400, -0.833, 0.682, 0, 7.820, 13.019, 0.484
13.247, 1.391, -0.836, 0.685, 0, 7.830, 13.030, 0.493
13.261, 1.383, -0.838, 0.688, 0, 7.840, 13.041, 0.501
13.275, 1.375, -0.840, 0.690, 0, 7.850, 13.051, 0.510
13.288, 1.366, -0.843, 0.693, 0, 7.860, 13.062, 0.519
13.302, 1.358, -0.845, 0.695, 0, 7.870, 13.072, 0.527
13.315, 1.349, -0.847, 0.698, 0, 7.880, 13.083, 0.536
13.329, 1.341, -0.850, 0.700, 0, 7.890, 13.093, 0.545
13.342, 1.332, -0.852, 0.702, 0, 7.900, 13.103, 0.553
13.355, 1.324, -0.854, 0.705, 0, 7.910, 13.113, 0.562
13.368, 1.315, -0.856, 0.707, 0, 7.920, 13.123, 0.570
13.382, 1.307, -0.859, 0.709, 0, 7.930, 13.133, 0.579
13.395, 1.298, -0.861, 0.711, 0, 7.940, 13.143, 0.587
13.407, 1.289, -0.863, 0.714, 0, 7.950, 13.153, 0.596
13.420, 1.281, -0.865, 0.716, 0, 7.960, 13.162, 0.604
13.433, 1.272, -0.867, 0.718, 0, 7.970, 13.172, 0.613
13.446, 1.263, -0.869, 0.720, 0, 7.980, 13.181, 0.621
13.458, 1.255, -0.871, 0.722, 0, 7.990, 13.191, 0.629
13.471, 1.246, -0.873, 0.723, 0, 8.000, 13.200, 0.637
13.483, 1.237, -0.875, 0.725, 0, 8.010, 13.209, 0.646
13.495, 1.228, -0.877, 0.727, 0, 8.020, 13.219, 0.654
13.507, 1.220, -0.879, 0.729, 0, 8.030, 13.228, 0.662
13.520, 1.211, -0.881, 0.731, 0, 8.040, 13.237, 0.670
13.532, 1.202, -0.883, 0.732, 0, 8.050, 13.246, 0.678
13.543, 1.193, -0.885, 0.734, 0, 8.060, 13.255, 0.686
13.555, 1.184, -0.887, 0.736, 0, 8.070, 13.263, 0.694
13.567, 1.175, -0.889, 0.737, 0, 8.080, 13.272, 0.702
13.579, 1.166, -0.891, 0.739, 0, 8.090, 13.281, 0.710
13.590, 1.157, -0.893, 0.740, 0, 8.100, 13.289, 0.717
13.602, 1.149, -0.894, 0.742, 0, 8.110, 13.298, 0.725
13.613, 1.140, -0.896, 0.743, 0, 8.120, 13.306, 0.733
13.625, 1.131, -0.898, 0.744, 0, 8.130, 13.314, 0.740
13.636, 1.122, -0.900, 0.746, 0, 8.140, 13.323, 0.748
13.647, 1.113, -0.901, 0.747, 0, 8.150, 13.331, 0.756
13.658, 1.104, -0.903, 0.748, 0, 8.160, 13.339, 0.763
13.669, 1.095, -0.905, 0.750, 0, 8.170, 13.347, 0.771
13.680, 1.085, -0.906, 0.751, 0, 8.180, 13.355, 0.778
13.690, 1.076, -0.908, 0.752, 0, 8.190, 13.363, 0.785
13.701, 1.067, -0.910, 0.753, 0, 8.200, 13.370, 0.793
13.712, 1.058, -0.911, 0.754, 0, 8.210, 13.378, 0.800
13.722, 1.049, -0.913, 0.755, 0, 8.220, 13.386, 0.807
13.733, 1.040, -0.914, 0.756, 0, 8.230, 13.393, 0.814
13.743, 1.031, -0.916, 0.758, 0, 8.240, 13.401, 0.821
13.753, 1.022, -0.918, 0.759, 0, 8.250, 13.408, 0.828
13.763, 1.012, -0.919, 0.760, 0, 8.260, 13.416, 0.835
13.773, 1.003, -0.921, 0.760, 0, 8.270, 13.423, 0.842
13.783, 0.994, -0.922, 0.761, 0, 8.280, 13.430, 0.849
13.793, 0.985, -0.923, 0.762, 0, 8.290, 13.437, 0.856
13.803, 0.975, -0.925, 0.763, 0, 8.300, 13.444, 0.863
13.812, 0.966, -0.926, 0.764, 0, 8.310, 13.451, 0.869
13.822, 0.957, -0.928, 0.765, 0, 8.320, 13.458, 0.876
13.832, 0.948, -0.929, 0.766, 0, 8.330, 13.465, 0.882
13.841, 0.938, -0.931, 0.766, 0, 8.340, 13.472, 0.889
13.850, 0.929, -0.932, 0.767, 0, 8.350, 13.478, 0.895
13.859, 0.920, -0.933, 0.768, 0, 8.360, 13.485, 0.902
13.868, 0.910, -0.935, 0.769, 0, 8.370, 13.492, 0.908
13.877, 0.901, -0.936, 0.769, 0, 8.380, 13.498, 0.914
13.886, 0.892, -0.937, 0.770, 0, 8.390, 13.505, 0.921
13.895, 0.882, -0.938, 0.771, 0, 8.400, 13.511, 0.927
13.904, 0.873, -0.940, 0.771, 0, 8.410, 13.517, 0.933
13.913, 0.863, -0.941, 0.772, 0, 8.420, 13.523, 0.939
13.921, 0.854, -0.942, 0.773, 0, 8.430, 13.529, 0.945
13.930, 0.845, -0.944, 0.773, 0, 8.440, 13.535, 0.951
13.938, 0.835, -0.945, 0.774, 0, 8.450, 13.541, 0.957
13.946, 0.826, -0.946, 0.774, 0, 8.460, 13.547, 0.962
13.954, 0.816, -0.947, 0.775, 0, 8.470, 13.553, 0.968
13.962, 0.807, -0.948, 0.775, 0, 8.480, 13.559, 0.974
13.970, 0.797, -0.949, 0.776, 0, 8.490, 13.565, 0.979
13.978, 0.788, -0.951, 0.776, 0, 8.500, 13.570, 0.985
13.986, 0.778, -0.952, 0.777, 0, 8.510, 13.576, 0.990
13.994, 0.769, -0.953, 0.777, 0, 8.520, 13.581, 0.996
14.001, 0.759, -0.954, 0.777, 0, 8.530, 13.587, 1.001
14.009, 0.750, -0.955, 0.778, 0, 8.540, 13.592, 1.006
14.016, 0.740, -0.956, 0.778, 0, 8.550, 13.597, 1.011
14.024, 0.730, -0.957, 0.779, 0, 8.560, 13.603, 1.016
14.031, 0.721, -0.958, 0.779, 0, 8.570, 13.608, 1.022
14.038, 0.711, -0.959, 0.779, 0, 8.580, 13.613, 1.027
14.045, 0.702, -0.960, 0.780, 0, 8.590, 13.618, 1.031
14.052, 0.692, -0.961, 0.780, 0, 8.600, 13.623, 1.036
14.059, 0.682, -0.962, 0.780, 0, 8.610, 13.627, 1.041
14.065, 0.673, -0.963, 0.781, 0, 8.620, 13.632, 1.046
14.072, 0.663, -0.964, 0.781, 0, 8.630, 13.637, 1.051
14.078, 0.653, -0.965, 0.781, 0, 8.640, 13.642, 1.055
14.085, 0.644, -0.966, 0.781, 0, 8.650, 13.646, 1.060
14.091, 0.634, -0.967, 0.782, 0, 8.660, 13.651, 1.064
14.098, 0.624, -0.968, 0.782, 0, 8.670, 13.655, 1.069
14.104, 0.615, -0.969, 0.782, 0, 8.680, 13.659, 1.073
14.110, 0.605, -0.970, 0.782, 0, 8.690, 13.664, 1.077
14.116, 0.595, -0.971, 0.782, 0, 8.700, 13.668, 1.081
14.122, 0.586, -0.972, 0.783, 0, 8.710, 13.672, 1.085
14.127, 0.576, -0.973, 0.783, 0, 8.720, 13.676, 1.090
14.133, 0.566, -0.974, 0.783, 0, 8.730, 13.680, 1.094
14.139, 0.556, -0.975, 0.783, 0, 8.740, 13.684, 1.097
14.144, 0.547, -0.975, 0.783, 0, 8.750, 13.688, 1.101
14.149, 0.537, -0.976, 0.783, 0, 8.760, 13.692, 1.105
14.155, 0.527, -0.977, 0.784, 0, 8.770, 13.696, 1.109
14.160, 0.517, -0.978, 0.784, 0, 8.780, 13.699, 1.112
14.165, 0.508, -0.979, 0.784, 0, 8.790, 13.703, 1.116
14.170, 0.498, -0.979, 0.784, 0, 8.800, 13.706, 1.120
14.175, 0.488, -0.980, 0.784, 0, 8.810, 13.710, 1.123
14.179, 0.478, -0.981, 0.784, 0, 8.820, 13.713, 1.126
14.184, 0.468, -0.982, 0.784, 0, 8.830, 13.717, 1.130
14.189, 0.458, -0.982, 0.784, 0, 8.840, 13.720, 1.133
14.193, 0.449, -0.983, 0.784, 0, 8.850, 13.723, 1.136
14.198, 0.439, -0.984, 0.785, 0, 8.860, 13.726, 1.139
14.202, 0.429, -0.985, 0.785, 0, 8.870, 13.729, 1.142
14.206, 0.419, -0.985, 0.785, 0, 8.880, 13.732, 1.145
14.210, 0.409, -0.986, 0.785, 0, 8.890, 13.735, 1.148
14.214, 0.399, -0.987, 0.785, 0, 8.900, 13.738, 1.151
14.218, 0.390, -0.987, 0.785, 0, 8.910, 13.741, 1.154
14.222, 0.380, -0.988, 0.785, 0, 8.920, 13.743, 1.156
14.226, 0.370, -0.988, 0.785, 0, 8.930, 13.746, 1.159
14.229, 0.360, -0.989, 0.785, 0, 8.940, 13.748, 1.161
14.233, 0.350, -0.990, 0.785, 0, 8.950, 13.751, 1.164
14.236, 0.340, -0.990, 0.785, 0, 8.960, 13.753, 1.166
14.239, 0.330, -0.991, 0.785, 0, 8.970, 13.756, 1.169
14.243, 0.320, -0.991, 0.785, 0, 8.980, 13.758, 1.171
14.246, 0.310, -0.992, 0.785, 0, 8.990, 13.760, 1.173
14.249, 0.300, -0.992, 0.785, 0, 9.000, 13.762, 1.175
14.252, 0.290, -0.993, 0.785, 0, 9.010, 13.764, 1.177
14.254, 0.281, -0.993, 0.785, 0, 9.020, 13.766, 1.179
14.257, 0.271, -0.994, 0.785, 0, 9.030, 13.768, 1.181
14.260, 0.261, -0.994, 0.785, 0, 9.040, 13.770, 1.183
14.262, 0.251, -0.995, 0.785, 0, 9.050, 13.772, 1.185
14.265, 0.241, -0.995, 0.785, 0, 9.060, 13.773, 1.187
14.267, 0.231, -0.995, 0.785, 0, 9.070, 13.775, 1.188
14.269, 0.221, -0.996, 0.785, 0, 9.080, 13.777, 1.190
14.271, 0.211, -0.996, 0.785, 0, 9.090, 13.778, 1.191
14.273, 0.201, -0.996, 0.785, 0, 9.100, 13.780, 1.193
14.275, 0.191, -0.997, 0.785, 0, 9.110, 13.781, 1.194
14.277, 0.181, -0.997, 0.785, 0, 9.120, 13.782, 1.195
14.279, 0.171, -0.997, 0.785, 0, 9.130, 13.783, 1.196
14.280, 0.161, -0.998, 0.785, 0, 9.140, 13.785, 1.198
14.282, 0.151, -0.998, 0.785, 0, 9.150, 13.786, 1.199
14.283, 0.141, -0.998, 0.785, 0, 9.160, 13.787, 1.200
14.285, 0.131, -0.998, 0.785, 0, 9.170, 13.788, 1.201
14.286, 0.121, -0.999, 0.785, 0, 9.180, 13.788, 1.201
14.287, 0.111, -0.999, 0.785, 0, 9.190, 13.789, 1.202
14.288, 0.101, -0.999, 0.785, 0, 9.200, 13.790, 1.203
14.289, 0.091, -0.999, 0.785, 0, 9.210, 13.791, 1.204
14.290, 0.081, -0.999, 0.785, 0, 9.220, 13.791, 1.204
14.290, 0.071, -0.999, 0.785, 0, 9.230, 13.792, 1.205
14.291, 0.061, -1.000, 0.785, 0, 9.240, 13.792, 1.205
14.291, 0.051, -1.000, 0.785, 0, 9.250, 13.792, 1.205
14.292, 0.042, -0.956, 0.785, 0, 9.260, 13.793, 1.206
14.292, 0.033, -0.862, 0.785, 0, 9.270, 13.793, 1.206
14.292, 0.025, -0.762, 0.785, 0, 9.280, 13.793, 1.206
14.293, 0.019, -0.662, 0.785, 0, 9.290, 13.793, 1.206
14.293, 0.013, -0.562, 0.785, 0, 9.300, 13.793, 1.206
14.293, 0.009, -0.462, 0.785, 0, 9.310, 13.793, 1.206
14.293, 0.005, -0.362, 0.785, 0, 9.320, 13.793, 1.207
14.293, 0.002, -0.262, 0.785, 0, 9.330, 13.793, 1.207
14.293, 0.001, -0.162, 0.785, 0, 9.340, 13.793, 1.207
14.293, 0.000, -0.062, 0.785, 0, 9.350, 13.793, 1.207
14.293, 0.000, -0.006, 0.785, 0, 9.360, 13.793, 1.207
