0,0,0,Infinity,0,0,0,0
0.0002,0.0131,1.25,Infinity,0,0.0105,0.0002,0
0.0005,0.0308,1.8009,Infinity,0,0.0203,0.0005,0
0.001,0.0505,2.0008,Infinity,0,0.0302,0.001,0
0.0017,0.0705,1.9665,621.2383,0,0.0403,0.0017,0
0.0026,0.0904,2.0423,Infinity,0,0.0501,0.0026,0
0.0037,0.1101,1.975,Infinity,0,0.0601,0.0037,0
0.005,0.1301,2.0054,Infinity,0,0.07,0.005,0
0.0065,0.1501,1.9864,620.289,0,0.0801,0.0065,0
0.0082,0.1702,2.0062,Infinity,0,0.0901,0.0082,0
0.0101,0.1902,2.0045,Infinity,0,0.1001,0.0101,0
0.0122,0.2101,2.0034,Infinity,0,0.11,0.0122,0
0.0145,0.2301,1.9912,Infinity,-0.0001,0.1201,0.0145,0
0.017,0.2501,2.0039,Infinity,-0.0001,0.1301,0.017,0
0.0197,0.2701,2.0032,Infinity,-0.0001,0.14,0.0197,0
0.0226,0.2901,1.9935,Infinity,-0.0001,0.15,0.0226,0
0.0257,0.3101,2.0034,616.5008,-0.0001,0.16,0.0257,0
0.029,0.3301,1.9949,Infinity,-0.0002,0.1701,0.029,0
0.0325,0.3501,2.0111,Infinity,-0.0002,0.18,0.0325,0
0.0362,0.3701,1.9879,614.4371,-0.0002,0.1901,0.0362,0
0.0401,0.3901,2.0103,Infinity,-0.0003,0.2,0.0401,0
0.0442,0.41,1.9959,Infinity,-0.0003,0.21,0.0442,0
0.0485,0.43,1.9966,612.0343,-0.0004,0.22,0.0485,0
0.053,0.4501,2.0031,Infinity,-0.0005,0.23,0.053,0
0.0577,0.4701,1.9971,610.2405,-0.0006,0.24,0.0577,0
0.0626,0.4901,2.003,Infinity,-0.0007,0.25,0.0626,0
0.0677,0.51,2.0028,608.3036,-0.0008,0.26,0.0677,0
0.073,0.53,1.9926,607.2737,-0.0009,0.27,0.073,0
0.0785,0.55,2.008,Infinity,-0.001,0.28,0.0785,0
0.0842,0.57,1.9933,Infinity,-0.0011,0.29,0.0842,0
0.0901,0.59,2.0031,Infinity,-0.0013,0.3,0.0901,0
0.0962,0.61,1.9986,Infinity,-0.0015,0.31,0.0962,0
0.1025,0.63,2.003,Infinity,-0.0017,0.32,0.1025,0
0.109,0.65,1.9947,Infinity,-0.0019,0.33,0.109,0
0.1157,0.6701,2.0032,Infinity,-0.0021,0.34,0.1157,0
0.1226,0.69,2.0031,597.7748,-0.0024,0.35,0.1226,0
0.1297,0.71,1.9955,Infinity,-0.0027,0.36,0.1297,0
0.137,0.73,1.9996,Infinity,-0.003,0.37,0.137,0
0.1445,0.75,2.0033,593.6337,-0.0033,0.38,0.1445,0
0.1522,0.77,1.9997,592.1886,-0.0037,0.39,0.1522,0
0.1601,0.79,1.9965,Infinity,-0.004,0.4,0.1601,0
0.1682,0.81,2.0034,Infinity,-0.0045,0.41,0.1682,0
0.1765,0.83,1.9969,Infinity,-0.0049,0.42,0.1765,0
0.185,0.85,2.0035,586.0727,-0.0054,0.43,0.185,0
0.1937,0.87,1.9973,584.4628,-0.0059,0.44,0.1937,0
0.2026,0.89,2.0006,582.8227,-0.0065,0.45,0.2026,0
0.2117,0.9101,2.0006,581.1531,-0.0071,0.46,0.2117,0
0.221,0.93,2.0007,579.4547,-0.0078,0.47,0.221,0
0.2305,0.95,1.9981,577.7232,-0.0085,0.48,0.2305,0
0.2402,0.97,2.0037,575.9689,-0.0092,0.49,0.2402,0
0.2501,0.99,1.9957,574.1783,-0.01,0.5,0.2501,0
0.2602,1.01,2.0012,572.3617,-0.0109,0.51,0.2602,0
0.2705,1.03,2.0013,570.5196,-0.0118,0.52,0.2705,0
0.281,1.05,1.9989,Infinity,-0.0128,0.53,0.281,0
0.2917,1.07,2.0015,566.7531,-0.0138,0.54,0.2917,0
0.3026,1.09,1.9968,564.8256,-0.0149,0.55,0.3026,0
0.3137,1.11,2.004,562.8805,-0.0161,0.56,0.3137,0
0.325,1.13,1.9971,560.9047,-0.0173,0.57,0.325,0
0.3365,1.15,1.9996,558.9039,-0.0187,0.58,0.3365,0
0.3482,1.17,2.0019,393.8615,-0.0201,0.59,0.3482,0
0.3601,1.19,1.9998,392.4162,-0.0216,0.6,0.3601,0
0.3722,1.21,2,552.773,-0.0231,0.61,0.3722,-0.0001
0.3845,1.23,1.998,550.6807,-0.0248,0.62,0.3845,-0.0001
0.397,1.25,2.0023,316.8418,-0.0265,0.63,0.397,-0.0001
0.4097,1.27,1.9983,386.4769,-0.0284,0.64,0.4097,-0.0001
0.4226,1.29,2.0005,314.3689,-0.0304,0.65,0.4226,-0.0001
0.4357,1.31,2.0006,313.1169,-0.0324,0.66,0.4357,-0.0001
0.449,1.33,2.0007,311.8554,-0.0346,0.67,0.449,-0.0001
0.4625,1.35,1.9989,310.5825,-0.0369,0.68,0.4625,-0.0001
0.4762,1.37,2.0009,309.3012,-0.0393,0.69,0.4762,-0.0001
0.4901,1.39,1.9992,308.0099,-0.0419,0.7,0.4901,-0.0001
0.5042,1.41,1.9993,265.657,-0.0446,0.71,0.5042,-0.0001
0.5185,1.43,2.0012,305.4019,-0.0474,0.72,0.5185,-0.0001
0.533,1.45,1.9996,304.0867,-0.0503,0.73,0.533,-0.0002
0.5477,1.47,1.9997,262.2405,-0.0535,0.74,0.5477,-0.0002
0.5626,1.49,2.0015,261.0912,-0.0567,0.75,0.5626,-0.0002
0.5777,1.51,1.9983,259.9348,-0.0602,0.76,0.5777,-0.0002
0.593,1.53,2.0001,231.4852,-0.0638,0.77,0.593,-0.0002
0.6085,1.55,2.0002,230.4433,-0.0675,0.78,0.6085,-0.0002
0.6242,1.57,2.0003,209.4367,-0.0715,0.79,0.6242,-0.0003
0.6401,1.59,2.0004,208.4809,-0.0756,0.8,0.6401,-0.0003
0.6562,1.61,2.0004,207.5234,-0.08,0.81,0.6562,-0.0003
0.6725,1.63,1.9991,191.2622,-0.0845,0.82,0.6725,-0.0003
0.689,1.65,2.0007,190.373,-0.0893,0.83,0.689,-0.0003
0.7057,1.67,1.9993,189.4825,-0.0942,0.84,0.7057,-0.0004
0.7226,1.69,1.9994,188.5914,-0.0994,0.85,0.7226,-0.0004
0.7397,1.71,2.0009,165.5716,-0.1049,0.86,0.7397,-0.0004
0.757,1.73,1.9996,164.7871,-0.1106,0.87,0.757,-0.0005
0.7745,1.75,2.0011,164.0046,-0.1165,0.88,0.7745,-0.0005
0.7922,1.77,1.9985,163.2224,-0.1227,0.89,0.7922,-0.0005
0.8101,1.79,2.0012,154.1221,-0.1291,0.9,0.8101,-0.0006
0.8282,1.81,1.9987,146.2597,-0.1359,0.91,0.8282,-0.0006
0.8465,1.83,2.0014,145.5598,-0.1429,0.92,0.8465,-0.0007
0.865,1.85,1.9989,144.8621,-0.1502,0.93,0.865,-0.0007
0.8837,1.87,2.0003,132.6388,-0.1579,0.94,0.8837,-0.0008
0.9026,1.89,2.0003,132.0043,-0.1658,0.95,0.9026,-0.0008
0.9217,1.91,2.0004,131.374,-0.1741,0.96,0.9217,-0.0009
0.941,1.93,1.9993,126.0023,-0.1827,0.97,0.941,-0.0009
0.9605,1.95,2.0005,121.1616,-0.1917,0.98,0.9605,-0.001
0.9802,1.97,1.9994,116.7682,-0.201,0.99,0.9802,-0.0011
1.0001,1.99,2.0006,112.7572,-0.2107,1,1.0001,-0.0012
1.0202,2.01,1.9995,112.2292,-0.2207,1.01,1.0202,-0.0012
1.0405,2.03,1.9996,105.6799,-0.2312,1.02,1.0405,-0.0013
1.061,2.05,2.0008,105.1921,-0.2421,1.03,1.061,-0.0014
1.0817,2.07,1.9997,99.6139,-0.2533,1.04,1.0817,-0.0015
1.1026,2.09,2.0008,101.6044,-0.265,1.05,1.1026,-0.0016
1.1237,2.11,1.9987,98.7179,-0.2771,1.06,1.1237,-0.0017
1.145,2.13,2.0009,93.9234,-0.2897,1.07,1.145,-0.0018
1.1665,2.15,1.9988,91.5497,-0.3028,1.08,1.1665,-0.0019
1.1882,2.17,2.0009,89.3196,-0.3163,1.09,1.1882,-0.002
1.2101,2.19,1.9999,88.941,-0.3302,1.1,1.2101,-0.0022
1.2322,2.21,2.0009,85.2384,-0.3447,1.11,1.2322,-0.0023
1.2544,2.2216,1.1568,83.3671,-0.3596,1.12,1.2544,-0.0024
1.2764,2.204,-1.7533,81.6011,-0.3749,1.13,1.2764,-0.0026
1.2983,2.184,-2.0004,79.9325,-0.3904,1.14,1.2983,-0.0027
1.3199,2.164,-2.0003,78.3536,-0.4062,1.15,1.3199,-0.0029
1.3413,2.144,-1.9991,76.8573,-0.4221,1.16,1.3413,-0.003
1.3626,2.124,-2.001,75.4379,-0.4382,1.17,1.3626,-0.0032
1.3836,2.104,-1.9988,73.0277,-0.4545,1.18,1.3836,-0.0034
1.4045,2.084,-2.0007,71.7936,-0.471,1.19,1.4045,-0.0035
1.4251,2.064,-1.9996,70.6177,-0.4876,1.2,1.4251,-0.0037
1.4455,2.044,-2.0005,69.4966,-0.5044,1.21,1.4455,-0.0039
1.4658,2.024,-2.0004,68.4268,-0.5213,1.22,1.4658,-0.0041
1.4858,2.004,-1.9992,66.5814,-0.5384,1.23,1.4858,-0.0043
1.5057,1.984,-2.0001,65.6361,-0.5555,1.24,1.5057,-0.0045
1.5253,1.964,-2,64.7315,-0.5728,1.25,1.5253,-0.0047
1.5447,1.944,-1.9999,63.865,-0.5901,1.26,1.5447,-0.0049
1.564,1.924,-2.0009,63.0349,-0.6076,1.27,1.564,-0.0051
1.583,1.904,-1.9985,61.5762,-0.625,1.28,1.583,-0.0053
1.6019,1.884,-2.0006,61.475,-0.6426,1.29,1.6019,-0.0055
1.6205,1.864,-2.0006,60.1219,-0.6602,1.3,1.6205,-0.0057
1.6389,1.844,-1.9993,60.0379,-0.6778,1.31,1.6389,-0.0059
1.6572,1.824,-2.0004,58.7794,-0.6955,1.32,1.6572,-0.0061
1.6752,1.804,-2.0003,58.7111,-0.7131,1.33,1.6752,-0.0064
1.6931,1.784,-1.999,57.5377,-0.7308,1.34,1.693,-0.0066
1.7107,1.764,-2.0001,56.9515,-0.7484,1.35,1.7107,-0.0068
1.7281,1.744,-2.0012,56.3871,-0.7661,1.36,1.7281,-0.007
1.7454,1.724,-1.9987,56.346,-0.7837,1.37,1.7454,-0.0073
1.7624,1.704,-1.9998,55.3191,-0.8013,1.38,1.7624,-0.0075
1.7793,1.684,-2.001,55.2899,-0.8188,1.39,1.7792,-0.0078
1.7959,1.664,-1.9997,54.79,-0.8362,1.4,1.7959,-0.008
1.8124,1.644,-1.9996,54.3076,-0.8536,1.41,1.8123,-0.0082
1.8286,1.624,-2.0008,54.294,-0.8709,1.42,1.8286,-0.0085
1.8446,1.604,-1.9995,53.3925,-0.8882,1.43,1.8446,-0.0087
1.8605,1.584,-1.9994,53.3881,-0.9053,1.44,1.8604,-0.009
1.8761,1.564,-2.0007,52.9581,-0.9223,1.45,1.8761,-0.0092
1.8916,1.544,-1.9993,52.5424,-0.9393,1.46,1.8915,-0.0095
1.9068,1.524,-2.0006,52.1404,-0.9561,1.47,1.9068,-0.0098
1.9218,1.504,-2.0006,52.1519,-0.9728,1.48,1.9218,-0.01
1.9367,1.484,-1.9991,51.375,-0.9893,1.49,1.9366,-0.0103
1.9513,1.464,-2.0005,51.7848,-1.0057,1.5,1.9513,-0.0105
1.9658,1.444,-1.999,51.0317,-1.022,1.51,1.9657,-0.0108
1.98,1.424,-2.0004,51.0561,-1.0381,1.52,1.9799,-0.011
1.994,1.404,-2.0004,51.0833,-1.0541,1.53,1.994,-0.0113
2.0079,1.384,-2.0004,50.7382,-1.0699,1.54,2.0078,-0.0116
2.0215,1.364,-1.9988,50.4035,-1.0855,1.55,2.0215,-0.0118
2.035,1.344,-2.0003,50.4381,-1.101,1.56,2.0349,-0.0121
2.0482,1.324,-2.0003,50.1153,-1.1163,1.57,2.0481,-0.0123
2.0612,1.304,-2.0004,49.8017,-1.1314,1.58,2.0612,-0.0126
2.0741,1.284,-1.9987,50.195,-1.1463,1.59,2.074,-0.0128
2.0867,1.264,-2.002,49.8848,-1.161,1.6,2.0866,-0.0131
2.0992,1.244,-1.9987,49.5832,-1.1755,1.61,2.0991,-0.0134
2.1114,1.224,-2.0003,49.6288,-1.1898,1.62,2.1113,-0.0136
2.1234,1.204,-1.9986,49.3366,-1.204,1.63,2.1234,-0.0139
2.1353,1.184,-2.0021,49.3847,-1.2179,1.64,2.1352,-0.0141
2.1469,1.164,-1.9986,49.4343,-1.2316,1.65,2.1468,-0.0144
2.1584,1.144,-2.0004,49.485,-1.2451,1.66,2.1583,-0.0146
2.1696,1.124,-2.0004,49.2029,-1.2584,1.67,2.1695,-0.0149
2.1806,1.104,-2.0004,48.9277,-1.2715,1.68,2.1805,-0.0151
2.1915,1.084,-1.9985,48.9807,-1.2843,1.69,2.1914,-0.0153
2.2021,1.064,-2.0004,49.0343,-1.2969,1.7,2.202,-0.0156
2.2126,1.044,-2.0005,49.0886,-1.3093,1.71,2.2125,-0.0158
2.2228,1.024,-2.0005,48.821,-1.3215,1.72,2.2227,-0.0161
2.2329,1.004,-1.9985,48.8759,-1.3335,1.73,2.2327,-0.0163
2.2427,0.984,-2.0028,48.6143,-1.3452,1.74,2.2426,-0.0165
2.2523,0.964,-1.9963,48.6696,-1.3567,1.75,2.2522,-0.0168
2.2618,0.944,-2.0029,48.7249,-1.3679,1.76,2.2616,-0.017
2.271,0.924,-1.9985,48.7804,-1.379,1.77,2.2709,-0.0172
2.28,0.904,-2.0008,48.8359,-1.3898,1.78,2.2799,-0.0174
2.2889,0.8893,-1.4704,0.3959,0.1835,1.79,2.2888,-0.0174
2.2978,0.8906,0.1318,0.3977,4.9912,1.8,2.2977,-0.0166
2.3068,0.8939,0.3215,0.4017,9.8265,1.81,2.3065,-0.0151
2.3158,0.8995,0.5673,0.4078,14.509,1.82,2.3152,-0.0128
2.3248,0.9076,0.809,0.4163,18.9747,1.83,2.3238,-0.0099
2.334,0.9181,1.0466,0.427,23.1847,1.84,2.3322,-0.0063
2.3433,0.9309,1.2808,0.44,27.1129,1.85,2.3405,-0.002
2.3528,0.946,1.5094,0.4553,30.7478,1.86,2.3486,0.0028
2.3624,0.9633,1.7295,0.473,34.0983,1.87,2.3566,0.0082
2.3723,0.9826,1.9313,0.4932,37.1817,1.88,2.3644,0.0141
2.3823,1.0026,2.0002,0.5158,40.0122,1.89,2.3721,0.0206
2.3925,1.0226,2.0002,0.541,42.6065,1.9,2.3796,0.0275
2.4029,1.0426,2.0016,0.5687,44.983,1.91,2.387,0.0349
2.4136,1.0626,1.9972,0.5989,47.1646,1.92,2.3942,0.0427
2.4244,1.0826,2.0021,0.6317,49.1696,1.93,2.4013,0.0509
2.4354,1.1026,1.9996,0.6669,51.0135,1.94,2.4082,0.0594
2.4466,1.1226,2.0001,0.7047,52.7147,1.95,2.415,0.0684
2.4581,1.1426,1.9992,0.745,54.2884,1.96,2.4217,0.0776
2.4697,1.1626,1.9999,0.7878,55.7481,1.97,2.4283,0.0873
2.4815,1.1826,2.0021,0.833,57.1034,1.98,2.4347,0.0972
2.4935,1.2026,1.998,0.8807,58.3665,1.99,2.441,0.1074
2.5058,1.2226,2.0003,0.9308,59.5476,2,2.4472,0.1179
2.5182,1.2426,1.9993,0.9833,60.6542,2.01,2.4533,0.1288
2.5308,1.2626,2.0015,1.0381,61.6929,2.02,2.4593,0.1399
2.5436,1.2826,1.9988,1.0952,62.6704,2.03,2.4652,0.1513
2.5567,1.3026,2.001,1.1545,63.5927,2.04,2.4709,0.1629
2.5699,1.3226,1.9982,1.2161,64.4651,2.05,2.4766,0.1749
2.5833,1.3426,2.0004,1.2797,65.2924,2.06,2.4823,0.1871
2.597,1.3626,2.0009,1.3454,66.0774,2.07,2.4878,0.1995
2.6108,1.3826,1.9996,1.413,66.8241,2.08,2.4932,0.2123
2.6248,1.4026,2,1.4826,67.536,2.09,2.4986,0.2252
2.639,1.4226,2.0005,1.5539,68.2157,2.1,2.5039,0.2384
2.6535,1.4426,1.9991,1.627,68.8661,2.11,2.5091,0.2519
2.6681,1.4626,1.9995,1.7018,69.4899,2.12,2.5142,0.2656
2.6829,1.4826,1.9999,1.7781,70.0889,2.13,2.5192,0.2795
2.6979,1.5026,2.0019,1.8556,70.6643,2.14,2.5242,0.2937
2.7132,1.5226,1.9971,1.9347,71.2186,2.15,2.5291,0.3081
2.7286,1.5426,2.0025,2.0148,71.7534,2.16,2.5339,0.3228
2.7442,1.5626,1.9977,2.096,72.2698,2.17,2.5387,0.3377
2.76,1.5826,2.0014,2.1781,72.7696,2.18,2.5434,0.3528
2.7761,1.6026,1.9999,2.2609,73.2533,2.19,2.548,0.3681
2.7923,1.6226,2.0002,2.3444,73.7224,2.2,2.5526,0.3837
2.8087,1.6426,1.9987,2.4284,74.1782,2.21,2.557,0.3995
2.8253,1.6626,2.0007,2.5127,74.6215,2.22,2.5614,0.4155
2.8422,1.6826,1.9992,2.5971,75.0532,2.23,2.5658,0.4318
2.8592,1.7026,2.0012,2.6814,75.4739,2.24,2.57,0.4482
2.8764,1.7226,1.998,2.7658,75.8846,2.25,2.5743,0.465
2.8938,1.7426,2.0016,2.8495,76.2861,2.26,2.5784,0.4819
2.9115,1.7626,1.9984,2.9329,76.6788,2.27,2.5824,0.499
2.9293,1.7826,2.0021,3.0154,77.0633,2.28,2.5864,0.5164
2.9473,1.8026,1.9989,3.0969,77.4402,2.29,2.5904,0.534
2.9655,1.8226,1.9991,3.1775,77.8106,2.3,2.5942,0.5518
2.984,1.8426,2.001,3.2566,78.1746,2.31,2.598,0.5698
3.0026,1.8626,1.9995,3.3342,78.5326,2.32,2.6017,0.5881
3.0214,1.8826,1.9997,3.4101,78.8853,2.33,2.6053,0.6066
3.0405,1.9026,1.9999,3.4841,79.2332,2.34,2.6089,0.6253
3.0597,1.9226,2.0001,3.5559,79.5766,2.35,2.6123,0.6442
3.0791,1.9426,2.0003,3.6253,79.9159,2.36,2.6157,0.6633
3.0987,1.9626,1.9989,3.6923,80.2516,2.37,2.6191,0.6827
3.1186,1.9826,2.0007,3.7565,80.5841,2.38,2.6223,0.7022
3.1386,2.0026,2.0009,3.8176,80.9135,2.39,2.6255,0.722
3.1588,2.0226,1.9978,3.8758,81.2406,2.4,2.6286,0.742
3.1792,2.0426,2.0013,3.9304,81.5657,2.41,2.6315,0.7622
3.1998,2.0626,1.9999,3.9817,81.8888,2.42,2.6345,0.7826
3.2207,2.0826,1.9985,4.0291,82.2108,2.43,2.6373,0.8032
3.2417,2.1026,2.002,4.0728,82.5316,2.44,2.64,0.8241
3.2629,2.1226,1.999,4.1123,82.8516,2.45,2.6427,0.8451
3.2844,2.1426,1.9992,4.1475,83.1716,2.46,2.6452,0.8664
3.306,2.1626,2.001,4.1784,83.4915,2.47,2.6477,0.8879
3.3278,2.1826,1.9981,4.2047,83.8119,2.48,2.65,0.9096
3.3498,2.2026,2.0015,4.2263,84.1332,2.49,2.6523,0.9315
3.3721,2.2226,2.0002,4.2432,84.4553,2.5,2.6544,0.9536
3.3945,2.2426,1.9989,4.255,84.7791,2.51,2.6564,0.976
3.4171,2.2626,2.0007,4.2618,85.1048,2.52,2.6584,0.9985
3.4399,2.2826,1.9994,4.2635,85.4328,2.53,2.6602,1.0212
3.463,2.3026,1.9997,4.26,85.7636,2.54,2.6619,1.0442
3.4862,2.3226,2,4.2511,86.0976,2.55,2.6635,1.0674
3.5096,2.3426,2.0003,4.2369,86.4352,2.56,2.6649,1.0908
3.5332,2.3626,1.9992,4.2173,86.7769,2.57,2.6663,1.1143
3.557,2.3824,1.985,4.1924,87.1232,2.58,2.6675,1.1381
3.5808,2.379,-0.3415,4.1622,87.4729,2.59,2.6685,1.1619
3.6045,2.359,-1.9996,4.1274,87.8239,2.6,2.6694,1.1855
3.6278,2.3389,-2.0014,4.0882,88.1749,2.61,2.6701,1.2089
3.651,2.319,-2.0003,4.0449,88.5263,2.62,2.6707,1.232
3.674,2.299,-1.9991,3.9976,88.8788,2.63,2.6712,1.255
3.6968,2.279,-2.0008,3.9467,89.2328,2.64,2.6715,1.2778
3.7194,2.259,-1.9996,3.8923,89.5885,2.65,2.6717,1.3004
3.7418,2.2389,-1.9998,3.8349,89.9466,2.66,2.6717,1.3228
3.764,2.219,-2.0016,3.7747,90.307,2.67,2.6716,1.345
3.786,2.199,-1.9988,3.7117,90.6703,2.68,2.6713,1.367
3.8077,2.179,-2.0006,3.6465,91.0371,2.69,2.6709,1.3887
3.8293,2.159,-1.9993,3.5789,91.4077,2.7,2.6704,1.4103
3.8507,2.139,-2.0011,3.5095,91.7823,2.71,2.6697,1.4317
3.8719,2.119,-1.9997,3.4384,92.1614,2.72,2.6689,1.4529
3.8929,2.099,-1.9999,3.3658,92.5455,2.73,2.668,1.4739
3.9137,2.079,-2.0001,3.292,92.9349,2.74,2.6669,1.4946
3.9343,2.059,-2.0003,3.217,93.3301,2.75,2.6657,1.5152
3.9547,2.0389,-1.9989,3.1411,93.7317,2.76,2.6644,1.5355
3.9749,2.0189,-2.0023,3.0647,94.1397,2.77,2.6629,1.5556
3.9949,1.9989,-1.9977,2.9876,94.5548,2.78,2.6614,1.5756
4.0147,1.9789,-2.0011,2.9101,94.9779,2.79,2.6596,1.5953
4.0342,1.9589,-2.0013,2.8327,95.4085,2.8,2.6578,1.6148
4.0536,1.939,-1.9982,2.755,95.848,2.81,2.6558,1.6341
4.0728,1.9189,-2,2.6775,96.297,2.82,2.6537,1.6532
4.0918,1.8989,-2.0019,2.6004,96.7555,2.83,2.6515,1.672
4.1106,1.879,-1.9987,2.5236,97.2241,2.84,2.6491,1.6907
4.1292,1.8589,-1.9989,2.4472,97.7044,2.85,2.6466,1.7091
4.1476,1.8389,-2.0024,2.3716,98.196,2.86,2.644,1.7273
4.1657,1.819,-1.9993,2.2968,98.6997,2.87,2.6412,1.7453
4.1837,1.799,-1.9994,2.2227,99.2167,2.88,2.6384,1.763
4.2015,1.7789,-1.9996,2.1497,99.748,2.89,2.6354,1.7806
4.2191,1.7589,-2.0014,2.0777,100.2937,2.9,2.6322,1.7979
4.2365,1.7389,-1.9982,2.0068,100.855,2.91,2.6289,1.815
4.2537,1.7189,-2.0018,1.9372,101.433,2.92,2.6255,1.8318
4.2707,1.6989,-2.0003,1.869,102.0278,2.93,2.622,1.8484
4.2875,1.6789,-1.9987,1.802,102.6414,2.94,2.6183,1.8648
4.3041,1.6589,-2.0006,1.7366,103.2749,2.95,2.6145,1.8809
4.3205,1.6389,-1.999,1.6725,103.9293,2.96,2.6106,1.8969
4.3367,1.6189,-2.0009,1.6101,104.6057,2.97,2.6065,1.9125
4.3526,1.5989,-2.001,1.5493,105.3049,2.98,2.6023,1.9279
4.3684,1.5789,-1.9978,1.49,106.0292,2.99,2.5979,1.9431
4.384,1.5589,-2.0013,1.4325,106.7801,3,2.5934,1.958
4.3994,1.5389,-1.9998,1.3767,107.5584,3.01,2.5887,1.9727
4.4146,1.5189,-1.9999,1.3227,108.3662,3.02,2.584,1.9871
4.4296,1.4989,-2,1.2704,109.2053,3.03,2.579,2.0013
4.4444,1.4789,-2.0001,1.22,110.0775,3.04,2.574,2.0152
4.459,1.4589,-2.0002,1.1713,110.9846,3.05,2.5687,2.0288
4.4734,1.4389,-2.0003,1.1246,111.9285,3.06,2.5634,2.0421
4.4876,1.4189,-1.9987,1.0796,112.9122,3.07,2.5578,2.0552
4.5015,1.3989,-2.0004,1.0364,113.9379,3.08,2.5522,2.068
4.5153,1.3789,-2.0005,0.9952,115.0071,3.09,2.5463,2.0805
4.5289,1.3589,-2.0005,0.9558,116.1222,3.1,2.5403,2.0927
4.5423,1.3389,-1.9987,0.9183,117.2865,3.11,2.5342,2.1046
4.5555,1.3189,-2.0004,0.8826,118.5028,3.12,2.5279,2.1162
4.5685,1.299,-2.0002,0.8488,119.7727,3.13,2.5215,2.1275
4.5813,1.2789,-1.9984,0.8168,121.1,3.14,2.5149,2.1384
4.5939,1.2589,-2.0015,0.7866,122.4863,3.15,2.5081,2.149
4.6063,1.2389,-1.9996,0.7582,123.933,3.16,2.5012,2.1593
4.6184,1.2189,-1.9992,0.7317,125.4438,3.17,2.4941,2.1692
4.6304,1.1989,-2.0005,0.7068,127.02,3.18,2.4869,2.1788
4.6422,1.1791,-1.9872,0.6838,128.6622,3.19,2.4795,2.188
4.6538,1.1601,-1.9004,0.6624,130.3722,3.2,2.472,2.1969
4.6652,1.1422,-1.7844,0.6427,132.153,3.21,2.4643,2.2053
4.6765,1.1255,-1.6685,0.6245,134.0075,3.22,2.4565,2.2134
4.6876,1.11,-1.5524,0.6079,135.9349,3.23,2.4485,2.2211
4.6986,1.0957,-1.4322,0.5929,137.9354,3.24,2.4404,2.2285
4.7094,1.0826,-1.3131,0.5794,140.0085,3.25,2.4321,2.2354
4.7201,1.0707,-1.1895,0.5673,142.1548,3.26,2.4237,2.242
4.7307,1.06,-1.0688,0.5566,144.3723,3.27,2.4151,2.2482
4.7412,1.0505,-0.9432,0.5473,146.6582,3.28,2.4063,2.254
4.7516,1.0423,-0.8199,0.5394,149.0084,3.29,2.3973,2.2593
4.762,1.0354,-0.6939,0.5329,151.4137,3.3,2.3883,2.2643
4.7723,1.0297,-0.5673,0.5277,153.8678,3.31,2.379,2.2688
4.7825,1.0253,-0.4395,0.5238,156.3654,3.32,2.3696,2.2729
4.7927,1.0222,-0.3123,0.5213,158.8964,3.33,2.3601,2.2766
4.8029,1.0204,-0.1838,0.5201,161.4471,3.34,2.3504,2.2798
4.8132,1.0198,-0.0551,0.5202,164.0104,3.35,2.3406,2.2827
4.8234,1.0206,0.0738,0.5216,166.5741,3.36,2.3307,2.285
4.8336,1.0226,0.2028,0.5243,169.1238,3.37,2.3206,2.287
4.8438,1.0259,0.3318,0.5284,171.6477,3.38,2.3105,2.2884
4.8541,1.0305,0.4596,0.5338,174.1391,3.39,2.3002,2.2895
4.8645,1.0364,0.5887,0.5405,176.5895,3.4,2.2899,2.2901
4.875,1.0464,0.9982,249.4003,178.9347,3.41,2.2794,2.2903
4.8856,1.0601,1.3701,248.3809,179.6644,3.42,2.2688,2.2904
4.8964,1.0801,2.0007,247.3426,179.6668,3.43,2.2581,2.2904
4.9074,1.1001,1.9969,246.2814,179.6693,3.44,2.247,2.2905
4.9186,1.1201,2.0011,245.2016,179.6719,3.45,2.2358,2.2906
4.93,1.1401,2.0012,244.1035,179.6746,3.46,2.2244,2.2906
4.9416,1.1601,2.0013,242.9872,179.6773,3.47,2.2129,2.2907
4.9534,1.1801,1.9978,241.8487,179.68,3.48,2.2011,2.2908
4.9654,1.2001,1.9981,240.6881,179.6828,3.49,2.189,2.2908
4.9776,1.2201,2.0019,239.5099,179.6857,3.5,2.1768,2.2909
4.99,1.2401,2.002,238.3142,179.6887,3.51,2.1644,2.291
5.0026,1.2601,1.9986,237.0971,179.6917,3.52,2.1518,2.291
5.0154,1.2801,1.9989,235.8587,179.6948,3.53,2.139,2.2911
5.0284,1.3001,2.0024,234.6034,179.698,3.54,2.1261,2.2912
5.0416,1.3201,1.9961,233.3232,179.7012,3.55,2.1128,2.2912
5.055,1.3401,2.0028,232.0265,179.7045,3.56,2.0994,2.2913
5.0686,1.3601,1.9997,230.7095,179.7079,3.57,2.0858,2.2914
5.0824,1.3801,1.9999,229.3723,179.7113,3.58,2.0721,2.2914
5.0964,1.4,2.0001,228.0153,179.7148,3.59,2.0581,2.2915
5.1106,1.4201,1.9974,226.6345,179.7184,3.6,2.0438,2.2916
5.125,1.4401,2.0035,225.2384,179.7221,3.61,2.0295,2.2917
5.1396,1.46,1.9979,223.8192,179.7259,3.62,2.0148,2.2917
5.1544,1.48,2.001,222.381,179.7297,3.63,2.0001,2.2918
5.1694,1.5001,1.9984,212.8948,179.7336,3.64,1.985,2.2919
5.1846,1.5201,2.0014,211.4696,179.7376,3.65,1.9698,2.2919
5.2,1.5401,1.9989,210.0231,179.7417,3.66,1.9544,2.292
5.2156,1.5601,2.0018,216.4215,179.7459,3.67,1.9388,2.2921
5.2314,1.58,1.9994,207.0754,179.7502,3.68,1.9231,2.2921
5.2474,1.6001,1.9972,213.3161,179.7546,3.69,1.907,2.2922
5.2636,1.6201,2.0024,204.0428,179.759,3.7,1.8908,2.2923
5.28,1.6401,2.0002,202.4987,179.7636,3.71,1.8744,2.2923
5.2966,1.6601,2.0004,208.5093,179.7683,3.72,1.8578,2.2924
5.3134,1.68,1.9983,199.3491,179.773,3.73,1.841,2.2925
5.3304,1.7001,2.0009,191.0491,179.7779,3.74,1.824,2.2925
5.3476,1.7201,1.9989,196.1177,179.7829,3.75,1.8068,2.2926
5.365,1.7401,2.0014,194.4731,179.788,3.76,1.7894,2.2927
5.3826,1.7601,1.9995,192.8073,179.7932,3.77,1.7718,2.2927
5.4004,1.7801,1.9998,191.1207,179.7985,3.78,1.754,2.2928
5.4184,1.8001,2,189.4138,179.8039,3.79,1.736,2.2929
5.4366,1.8201,2.0003,187.687,179.8095,3.8,1.7178,2.2929
5.455,1.84,2.0006,185.9406,179.8152,3.81,1.6994,2.293
5.4736,1.86,1.9989,177.9366,179.821,3.82,1.6808,2.293
5.4924,1.88,1.9992,176.2063,179.8269,3.83,1.662,2.2931
5.5114,1.9,2.0015,174.4584,179.833,3.84,1.643,2.2932
5.5306,1.92,1.9999,172.6902,179.8392,3.85,1.6238,2.2932
5.55,1.94,1.9983,170.8987,179.8456,3.86,1.6044,2.2933
5.5696,1.9601,2.0006,169.0878,179.8521,3.87,1.5848,2.2933
5.5894,1.9801,2.0009,167.2581,179.8588,3.88,1.565,2.2934
5.6094,2,1.9994,165.4068,179.8657,3.89,1.545,2.2934
5.6296,2.02,1.9998,163.5344,179.8727,3.9,1.5248,2.2934
5.65,2.04,2.0002,161.6416,179.8799,3.91,1.5044,2.2935
5.6706,2.06,2.0006,154.6662,179.8872,3.92,1.4838,2.2935
5.6914,2.08,1.9993,157.794,179.8948,3.93,1.463,2.2936
5.7124,2.1,1.9997,150.898,179.9025,3.94,1.442,2.2936
5.7336,2.12,2.0001,148.9831,179.9105,3.95,1.4208,2.2936
5.755,2.14,2.0006,147.0485,179.9186,3.96,1.3994,2.2937
5.7766,2.16,1.9994,145.0919,179.927,3.97,1.3778,2.2937
5.7984,2.18,1.9999,138.8498,179.9356,3.98,1.356,2.2937
5.8204,2.2,1.9989,141.1129,179.9444,3.99,1.334,2.2937
5.8426,2.22,2.0009,134.948,179.9534,4,1.3118,2.2938
5.865,2.24,1.9999,132.9665,179.9628,4.01,1.2894,2.2938
5.8876,2.26,2.0004,134.9865,179.9723,4.02,1.2668,2.2938
5.9104,2.28,1.9996,128.9411,179.9822,4.03,1.244,2.2938
5.9334,2.3,2.0001,126.8962,179.9923,4.04,1.221,2.2938
5.9566,2.32,2.0007,124.8311,-179.9972,4.05,1.1978,2.2938
5.98,2.34,1.9987,120.9795,-179.9865,4.06,1.1744,2.2938
6.0036,2.36,2.0006,118.8995,-179.9754,4.07,1.1508,2.2938
6.0274,2.38,2,115.1679,-179.9639,4.08,1.127,2.2938
6.0514,2.4,1.9994,113.0721,-179.9521,4.09,1.103,2.2937
6.0754,2.4039,0.3885,109.4637,-179.94,4.1,1.079,2.2937
6.0993,2.3841,-1.9787,108.8786,-179.9275,4.11,1.0551,2.2937
6.1229,2.3641,-1.9996,105.3502,-179.9149,4.12,1.0315,2.2937
6.1464,2.3441,-2.0009,103.3136,-179.9021,4.13,1.0081,2.2936
6.1696,2.3241,-1.9998,101.2889,-179.889,4.14,0.9848,2.2936
6.1926,2.3041,-1.9999,96.7051,-179.8757,4.15,0.9618,2.2935
6.2155,2.2841,-2.0001,94.7571,-179.8622,4.16,0.9389,2.2935
6.2381,2.2641,-1.999,91.6554,-179.8484,4.17,0.9163,2.2934
6.2606,2.2441,-2.0015,90.8964,-179.8344,4.18,0.8939,2.2933
6.2828,2.2241,-1.9982,86.7918,-179.82,4.19,0.8716,2.2933
6.3048,2.2041,-2.0018,84.9395,-179.8054,4.2,0.8496,2.2932
6.3267,2.1841,-1.9985,83.0961,-179.7906,4.21,0.8277,2.2931
6.3483,2.1641,-2.001,79.3605,-179.7754,4.22,0.8061,2.293
6.3698,2.1441,-1.9989,77.5827,-179.7598,4.23,0.7846,2.2929
6.391,2.1241,-2.0014,75.8184,-179.744,4.24,0.7634,2.2928
6.4121,2.1041,-1.9982,72.4041,-179.7278,4.25,0.7424,2.2927
6.4329,2.0841,-2.0018,69.9315,-179.7112,4.26,0.7215,2.2926
6.4535,2.0641,-1.9987,67.5284,-179.6943,4.27,0.7009,2.2925
6.474,2.0441,-2,65.8806,-179.6769,4.28,0.6804,2.2924
6.4942,2.0241,-2.0014,62.9265,-179.6591,4.29,0.6602,2.2923
6.5143,2.0041,-1.9984,61.3324,-179.6409,4.3,0.6402,2.2922
6.5341,1.9841,-2.0008,59.7496,-179.6221,4.31,0.6203,2.292
6.5537,1.9641,-2.0001,57.0304,-179.6029,4.32,0.6007,2.2919
6.5732,1.9441,-1.9993,54.9638,-179.5832,4.33,0.5812,2.2918
6.5924,1.9241,-1.9997,52.9504,-179.5629,4.34,0.562,2.2916
6.6115,1.9041,-2.0011,50.527,-179.542,4.35,0.543,2.2915
6.6303,1.8841,-1.9994,48.2145,-179.5204,4.36,0.5241,2.2913
6.649,1.8641,-1.9998,46.3968,-179.4982,4.37,0.5055,2.2911
6.6674,1.8441,-2.0003,44.6224,-179.4753,4.38,0.487,2.291
6.6856,1.8241,-1.9997,42.5383,-179.4516,4.39,0.4688,2.2908
6.7037,1.8041,-2.0003,40.864,-179.427,4.4,0.4507,2.2906
6.7215,1.7841,-1.9998,38.9213,-179.4016,4.41,0.4329,2.2904
6.7392,1.7641,-2.0004,36.7803,-179.3752,4.42,0.4153,2.2902
6.7566,1.7441,-1.9991,35.2601,-179.3478,4.43,0.3978,2.29
6.7738,1.7241,-2.0008,33.2969,-179.3193,4.44,0.3806,2.2898
6.7909,1.7041,-1.9997,31.4355,-179.2895,4.45,0.3635,2.2896
6.8077,1.6841,-1.9996,29.8589,-179.2585,4.46,0.3467,2.2894
6.8244,1.6641,-2.0005,28.069,-179.2259,4.47,0.3301,2.2892
6.8408,1.6441,-2.0006,26.4544,-179.1918,4.48,0.3136,2.2889
6.857,1.6241,-1.999,24.7673,-179.1559,4.49,0.2974,2.2887
6.8731,1.6041,-2.0002,23.1113,-179.118,4.5,0.2813,2.2885
6.8889,1.5841,-1.9998,21.553,-179.078,4.51,0.2655,2.2882
6.9046,1.5641,-2.0005,19.9355,-179.0355,4.52,0.2499,2.2879
6.92,1.5441,-1.9997,18.5157,-178.9903,4.53,0.2344,2.2877
6.9353,1.5241,-1.9999,16.9875,-178.9419,4.54,0.2192,2.2874
6.9503,1.5041,-2.0005,15.5769,-178.8899,4.55,0.2041,2.2871
6.9651,1.4841,-1.9998,14.186,-178.8339,4.56,0.1893,2.2868
6.9798,1.4641,-1.9996,12.8374,-178.773,4.57,0.1747,2.2865
6.9942,1.4441,-2.0007,11.5295,-178.7064,4.58,0.1602,2.2862
7.0085,1.4241,-1.9995,10.2516,-178.6331,4.59,0.146,2.2858
7.0225,1.4041,-2,9.034,-178.5516,4.6,0.132,2.2855
7.0363,1.3841,-2.0008,7.8675,-178.4601,4.61,0.1181,2.2851
7.05,1.3641,-1.9992,6.7506,-178.3558,4.62,0.1045,2.2847
7.0634,1.3441,-2.0009,5.6884,-178.2352,4.63,0.0911,2.2843
7.0767,1.3241,-1.9999,4.6871,-178.0929,4.64,0.0778,2.2838
7.0897,1.3041,-2.0005,3.7516,-177.9206,4.65,0.0648,2.2834
7.1025,1.2841,-2.0001,2.8894,-177.7045,4.66,0.052,2.2829
7.1152,1.2641,-2.0006,2.1075,-177.4196,4.67,0.0393,2.2823
7.1276,1.2441,-2.0004,1.4197,-177.0148,4.68,0.0269,2.2816
7.14,1.2359,-0.8217,0.7629,-176.0404,4.69,0.0146,2.2808
7.1524,1.2367,0.0788,0.7666,-174.5379,4.7,0.0023,2.2796
7.1648,1.24,0.3286,0.771,-173.0434,4.71,-0.01,2.2781
7.1772,1.2438,0.3884,0.7762,-171.5587,4.72,-0.0223,2.2763
7.1897,1.2483,0.4478,0.7822,-170.084,4.73,-0.0346,2.2741
7.2022,1.2534,0.5069,0.7889,-168.6217,4.74,-0.0469,2.2717
7.2148,1.259,0.5643,0.7964,-167.1733,4.75,-0.0592,2.2689
7.2275,1.2653,0.6212,0.8046,-165.7384,4.76,-0.0715,2.2657
7.2402,1.272,0.6778,0.8136,-164.3194,4.77,-0.0837,2.2623
7.253,1.2794,0.7328,0.8233,-162.9185,4.78,-0.0959,2.2586
7.2658,1.2872,0.786,0.8337,-161.5351,4.79,-0.1081,2.2545
7.2788,1.2956,0.8387,0.845,-160.1688,4.8,-0.1203,2.2501
7.2918,1.3045,0.8909,0.8569,-158.8215,4.81,-0.1325,2.2454
7.305,1.3139,0.9403,0.8696,-157.4935,4.82,-0.1446,2.2403
7.3182,1.3238,0.99,0.883,-156.1854,4.83,-0.1567,2.235
7.3316,1.3342,1.0365,0.8971,-154.8975,4.84,-0.1688,2.2293
7.345,1.345,1.0823,0.912,-153.6289,4.85,-0.1809,2.2234
7.3586,1.3563,1.1266,0.9276,-152.3797,4.86,-0.1929,2.2171
7.3723,1.368,1.1703,0.9439,-151.1513,4.87,-0.2049,2.2105
7.3861,1.3801,1.2101,0.9608,-149.9435,4.88,-0.2168,2.2036
7.4,1.3926,1.2503,0.9785,-148.7564,4.89,-0.2287,2.1963
7.414,1.4054,1.2853,0.9968,-147.5888,4.9,-0.2406,2.1888
7.4282,1.4187,1.3228,1.0158,-146.4406,4.91,-0.2524,2.181
7.4425,1.4322,1.3548,1.0354,-145.3125,4.92,-0.2642,2.1728
7.457,1.4461,1.3859,1.0557,-144.2034,4.93,-0.2759,2.1644
7.4716,1.4602,1.4148,1.0766,-143.113,4.94,-0.2876,2.1556
7.4864,1.4746,1.4415,1.098,-142.041,4.95,-0.2992,2.1465
7.5013,1.4893,1.4658,1.12,-140.987,4.96,-0.3108,2.1371
7.5163,1.5042,1.4889,1.1425,-139.9516,4.97,-0.3223,2.1275
7.5315,1.5192,1.5057,1.1656,-138.9334,4.98,-0.3338,2.1175
7.5468,1.5345,1.5239,1.1891,-137.9313,4.99,-0.3452,2.1072
7.5623,1.5499,1.5394,1.213,-136.9463,5,-0.3565,2.0966
7.578,1.5654,1.5484,1.2374,-135.9774,5.01,-0.3677,2.0857
7.5938,1.5809,1.5598,1.262,-135.0239,5.02,-0.3789,2.0746
7.6098,1.5966,1.5633,1.2871,-134.0854,5.03,-0.39,2.0631
7.6259,1.6123,1.5691,1.3123,-133.1614,5.04,-0.401,2.0513
7.6422,1.6279,1.5669,1.3379,-132.2515,5.05,-0.412,2.0393
7.6586,1.6436,1.5669,1.3636,-131.355,5.06,-0.4229,2.027
7.6752,1.6592,1.5602,1.3894,-130.4723,5.07,-0.4336,2.0143
7.6919,1.6747,1.5517,1.4153,-129.6021,5.08,-0.4443,2.0014
7.7088,1.6901,1.5404,1.4412,-128.7439,5.09,-0.4549,1.9883
7.7259,1.7054,1.526,1.4671,-127.8971,5.1,-0.4654,1.9748
7.7431,1.7205,1.5087,1.4929,-127.0613,5.11,-0.4757,1.9611
7.7604,1.7354,1.4896,1.5186,-126.2367,5.12,-0.486,1.9471
7.778,1.75,1.4652,1.544,-125.4226,5.13,-0.4961,1.9328
7.7956,1.7644,1.4403,1.5691,-124.6185,5.14,-0.5061,1.9183
7.8134,1.7785,1.4102,1.5939,-123.824,5.15,-0.516,1.9035
7.8313,1.7923,1.3785,1.6184,-123.0379,5.16,-0.5258,1.8885
7.8494,1.8058,1.3452,1.6423,-122.2603,5.17,-0.5355,1.8732
7.8675,1.8189,1.308,1.6658,-121.4913,5.18,-0.545,1.8577
7.8858,1.8315,1.2684,1.6886,-120.7304,5.19,-0.5543,1.842
7.9043,1.8438,1.2252,1.7108,-119.9765,5.2,-0.5635,1.826
7.9229,1.8556,1.1817,1.7323,-119.2291,5.21,-0.5726,1.8098
7.9415,1.867,1.1359,1.753,-118.4889,5.22,-0.5815,1.7934
7.9603,1.8778,1.0853,1.773,-117.7548,5.23,-0.5902,1.7768
7.9792,1.8882,1.0353,1.792,-117.0257,5.24,-0.5988,1.7599
7.9982,1.898,0.9834,1.8102,-116.3023,5.25,-0.6072,1.7429
8.0172,1.9073,0.9282,1.8274,-115.5842,5.26,-0.6155,1.7257
8.0364,1.916,0.8731,1.8435,-114.8709,5.27,-0.6235,1.7084
8.0556,1.9242,0.8151,1.8587,-114.1618,5.28,-0.6314,1.6908
8.075,1.9317,0.7573,1.8727,-113.4565,5.29,-0.6391,1.6731
8.0943,1.9387,0.6978,1.8857,-112.7552,5.3,-0.6466,1.6552
8.1138,1.9451,0.6369,1.8975,-112.0568,5.31,-0.6539,1.6372
8.1333,1.9509,0.5769,1.9081,-111.3614,5.32,-0.661,1.619
8.1529,1.956,0.5149,1.9176,-110.6692,5.33,-0.6679,1.6007
8.1725,1.9605,0.4531,1.9259,-109.9791,5.34,-0.6746,1.5823
8.1921,1.9644,0.3912,1.933,-109.2908,5.35,-0.6811,1.5637
8.2118,1.9677,0.3296,1.9388,-108.6043,5.36,-0.6874,1.5451
8.2315,1.9704,0.2676,1.9435,-107.9193,5.37,-0.6934,1.5263
8.2512,1.9725,0.2063,1.947,-107.2347,5.38,-0.6993,1.5075
8.271,1.9739,0.1457,1.9492,-106.5514,5.39,-0.7049,1.4886
8.2907,1.9748,0.0855,1.9503,-105.8688,5.4,-0.7103,1.4696
8.3105,1.9751,0.0263,1.9503,-105.1861,5.41,-0.7155,1.4505
8.3302,1.9747,-0.0319,1.9491,-104.504,5.42,-0.7204,1.4314
8.3499,1.9738,-0.0889,1.9468,-103.8215,5.43,-0.7251,1.4122
8.3696,1.9724,-0.1449,1.9434,-103.1383,5.44,-0.7296,1.393
8.3894,1.9704,-0.199,1.9389,-102.4541,5.45,-0.7339,1.3738
8.4091,1.9679,-0.2523,1.9335,-101.7685,5.46,-0.7379,1.3545
8.4287,1.9648,-0.3036,1.927,-101.0822,5.47,-0.7417,1.3352
8.4483,1.9613,-0.3529,1.9196,-100.3944,5.48,-0.7452,1.3159
8.4679,1.9573,-0.4009,1.9113,-99.7047,5.49,-0.7485,1.2967
8.4874,1.9528,-0.4464,1.9022,-99.0129,5.5,-0.7516,1.2774
8.5069,1.9479,-0.4908,1.8922,-98.3185,5.51,-0.7544,1.2581
8.5263,1.9426,-0.5327,1.8814,-97.622,5.52,-0.7569,1.2388
8.5457,1.9369,-0.5726,1.87,-96.923,5.53,-0.7593,1.2196
8.565,1.9308,-0.6099,1.8578,-96.2206,5.54,-0.7614,1.2004
8.5842,1.9243,-0.6465,1.8451,-95.5152,5.55,-0.7632,1.1813
8.6034,1.9175,-0.679,1.8317,-94.8064,5.56,-0.7648,1.1622
8.6225,1.9104,-0.7114,1.8179,-94.094,5.57,-0.7662,1.1431
8.6415,1.903,-0.7399,1.8036,-93.3785,5.58,-0.7673,1.1241
8.6605,1.8954,-0.7662,1.7888,-92.6582,5.59,-0.7682,1.1052
8.6794,1.8874,-0.7922,1.7736,-91.9337,5.6,-0.7688,1.0863
8.6982,1.8793,-0.8142,1.7581,-91.2052,5.61,-0.7692,1.0675
8.7169,1.8709,-0.8352,1.7423,-90.4727,5.62,-0.7694,1.0488
8.7355,1.8624,-0.852,1.7263,-89.7352,5.63,-0.7693,1.0302
8.754,1.8537,-0.8696,1.71,-88.9925,5.64,-0.769,1.0116
8.7725,1.8449,-0.8828,1.6936,-88.2452,5.65,-0.7684,0.9932
8.7908,1.8359,-0.8955,1.6771,-87.493,5.66,-0.7676,0.9749
8.8091,1.8269,-0.9046,1.6605,-86.7359,5.67,-0.7666,0.9566
8.8273,1.8178,-0.9125,1.6438,-85.9729,5.68,-0.7653,0.9385
8.8454,1.8086,-0.9184,1.6272,-85.204,5.69,-0.7638,0.9205
8.8634,1.7994,-0.9232,1.6105,-84.4296,5.7,-0.762,0.9026
8.8813,1.7901,-0.9246,1.594,-83.6498,5.71,-0.76,0.8848
8.8991,1.7809,-0.9257,1.5775,-82.8643,5.72,-0.7578,0.8671
8.9168,1.7716,-0.9227,1.5611,-82.0723,5.73,-0.7554,0.8496
8.9344,1.7624,-0.9211,1.545,-81.2739,5.74,-0.7527,0.8321
8.952,1.7533,-0.9162,1.529,-80.4703,5.75,-0.7498,0.8149
8.9694,1.7442,-0.9089,1.5132,-79.6608,5.76,-0.7467,0.7977
8.9867,1.7352,-0.9008,1.4976,-78.8446,5.77,-0.7433,0.7807
9.004,1.7262,-0.8912,1.4823,-78.0217,5.78,-0.7397,0.7638
9.0212,1.7174,-0.881,1.4673,-77.1927,5.79,-0.7359,0.747
9.0383,1.7088,-0.8677,1.4526,-76.3578,5.8,-0.7319,0.7304
9.0553,1.7002,-0.8538,1.4382,-75.5161,5.81,-0.7277,0.714
9.0722,1.6918,-0.8393,1.4242,-74.6685,5.82,-0.7232,0.6977
9.089,1.6836,-0.8213,1.4104,-73.8142,5.83,-0.7185,0.6815
9.1058,1.6756,-0.805,1.3971,-72.9532,5.84,-0.7136,0.6655
9.1225,1.6677,-0.7854,1.3842,-72.0865,5.85,-0.7084,0.6496
9.139,1.6601,-0.766,1.3717,-71.2141,5.86,-0.7031,0.6339
9.1556,1.6526,-0.7435,1.3595,-70.3353,5.87,-0.6975,0.6183
9.1721,1.6454,-0.722,1.3478,-69.4494,5.88,-0.6918,0.6029
9.1884,1.6384,-0.6994,1.3366,-68.5582,5.89,-0.6858,0.5877
9.2047,1.6317,-0.6746,1.3258,-67.6619,5.9,-0.6796,0.5726
9.221,1.6252,-0.6495,1.3154,-66.7597,5.91,-0.6732,0.5576
9.2372,1.6189,-0.6229,1.3055,-65.8511,5.92,-0.6665,0.5429
9.2533,1.613,-0.5972,1.2962,-64.937,5.93,-0.6597,0.5282
9.2694,1.6073,-0.5689,1.2872,-64.0185,5.94,-0.6527,0.5138
9.2854,1.6019,-0.5405,1.2788,-63.0951,5.95,-0.6454,0.4995
9.3014,1.5968,-0.5114,1.2709,-62.1669,5.96,-0.638,0.4854
9.3173,1.5919,-0.481,1.2635,-61.2333,5.97,-0.6303,0.4714
9.3332,1.5874,-0.4514,1.2565,-60.2956,5.98,-0.6224,0.4577
9.349,1.5832,-0.4194,1.2501,-59.3539,5.99,-0.6144,0.444
9.3648,1.5793,-0.388,1.2443,-58.4077,6,-0.6061,0.4306
9.3806,1.5758,-0.3556,1.2389,-57.4582,6.01,-0.5976,0.4173
9.3963,1.5726,-0.3227,1.2341,-56.5057,6.02,-0.5889,0.4042
9.412,1.5697,-0.2892,1.2298,-55.5507,6.03,-0.5801,0.3912
9.4276,1.5671,-0.2551,1.2261,-54.5924,6.04,-0.571,0.3785
9.4433,1.5649,-0.2209,1.2229,-53.6314,6.05,-0.5617,0.3659
9.4589,1.5631,-0.186,1.2203,-52.6689,6.06,-0.5522,0.3534
9.4746,1.5615,-0.1506,1.2182,-51.7043,6.07,-0.5425,0.3412
9.4901,1.5604,-0.1152,1.2167,-50.7391,6.08,-0.5327,0.3291
9.5057,1.5596,-0.0789,1.2157,-49.7725,6.09,-0.5226,0.3172
9.5213,1.5589,-0.0743,1.2154,-48.8052,6.1,-0.5123,0.3055
9.5368,1.5455,-1.3319,1.2156,-47.8423,6.11,-0.502,0.294
9.552,1.5255,-2.0001,1.2163,-46.8893,6.12,-0.4915,0.2829
9.5671,1.5055,-2.0001,1.2176,-45.9495,6.13,-0.4811,0.272
9.582,1.4855,-2,1.2194,-45.0235,6.14,-0.4706,0.2615
9.5966,1.4655,-2,1.2217,-44.1117,6.15,-0.46,0.2513
9.6111,1.4455,-2,1.2245,-43.2145,6.16,-0.4495,0.2414
9.6253,1.4255,-2,1.2278,-42.3323,6.17,-0.439,0.2318
9.6394,1.4055,-2.0001,1.2315,-41.4655,6.18,-0.4284,0.2225
9.6532,1.3855,-2.0001,1.2356,-40.6144,6.19,-0.4179,0.2135
9.6669,1.3655,-2.0002,1.2401,-39.7793,6.2,-0.4074,0.2048
9.6803,1.3455,-2.0002,1.245,-38.9604,6.21,-0.397,0.1963
9.6936,1.3255,-2.0003,1.2503,-38.158,6.22,-0.3865,0.1881
9.7067,1.3055,-1.9979,1.2559,-37.3712,6.23,-0.3762,0.1802
9.7195,1.2855,-2.0005,1.2619,-36.6003,6.24,-0.3658,0.1725
9.7322,1.2655,-2.0006,1.2682,-35.8464,6.25,-0.3556,0.1651
9.7446,1.2455,-2.0008,1.2747,-35.1096,6.26,-0.3454,0.158
9.7569,1.2255,-2.001,1.2816,-34.3901,6.27,-0.3353,0.1511
9.7689,1.2055,-1.9956,1.2887,-33.6859,6.28,-0.3252,0.1443
9.7808,1.1855,-2.0041,1.296,-32.998,6.29,-0.3153,0.1379
9.7924,1.1655,-1.9987,1.3035,-32.3275,6.3,-0.3055,0.1317
9.8039,1.1455,-1.9988,1.3113,-31.6725,6.31,-0.2957,0.1256
9.8152,1.1255,-2.002,1.3192,-31.034,6.32,-0.2861,0.1198
9.8262,1.1055,-1.9991,1.3273,-30.4118,6.33,-0.2765,0.1142
9.837,1.0855,-2.0025,1.3355,-29.8061,6.34,-0.2671,0.1089
9.8477,1.0655,-1.9963,1.3439,-29.2157,6.35,-0.2578,0.1037
9.8582,1.0455,-1.9997,1.3524,-28.6398,6.36,-0.2486,0.0986
9.8684,1.0255,-2.0034,1.361,-28.0802,6.37,-0.2396,0.0938
9.8785,1.0055,-2.0003,1.3697,-27.5367,6.38,-0.2307,0.0892
9.8883,0.9855,-1.9969,1.3784,-27.0074,6.39,-0.2219,0.0847
9.898,0.9655,-2.0007,1.3872,-26.4924,6.4,-0.2132,0.0804
9.9075,0.9455,-2.001,1.396,-25.9923,6.41,-0.2047,0.0762
9.9167,0.9255,-2.0013,1.4049,-25.5071,6.42,-0.1964,0.0723
9.9258,0.9055,-1.9977,1.4137,-25.0359,6.43,-0.1882,0.0684
9.9346,0.8855,-2.0019,1.4226,-24.5784,6.44,-0.1802,0.0647
9.9433,0.8655,-1.9981,1.4314,-24.1346,6.45,-0.1722,0.0612
9.9517,0.8455,-1.9982,1.4403,-23.7036,6.46,-0.1645,0.0578
9.96,0.8255,-2.0029,1.449,-23.286,6.47,-0.1569,0.0545
9.968,0.8055,-2.0034,1.4577,-22.8828,6.48,-0.1495,0.0514
9.9759,0.7855,-1.9944,1.4664,-22.492,6.49,-0.1422,0.0484
9.9835,0.7655,-2.0041,1.475,-22.1134,6.5,-0.1351,0.0455
9.991,0.7455,-1.9997,1.4834,-21.748,6.51,-0.1282,0.0428
9.9983,0.7255,-1.9947,1.4918,-21.3937,6.52,-0.1214,0.0401
10.0053,0.7055,-2.0053,1.5001,-21.0515,6.53,-0.1149,0.0376
10.0122,0.6855,-2.0005,1.5082,-20.722,6.54,-0.1085,0.0352
10.0188,0.6655,-1.9951,1.5163,-20.4035,6.5501,-0.1022,0.0328
10.0253,0.6455,-2.0069,1.5241,-20.0966,6.56,-0.0962,0.0306
10.0315,0.6255,-1.9955,1.5319,-19.8014,6.57,-0.0903,0.0285
10.0376,0.6055,-2.0018,1.5394,-19.5169,6.58,-0.0846,0.0265
10.0434,0.5855,-2.0023,1.5468,-19.2437,6.59,-0.0791,0.0245
10.0491,0.5655,-1.9959,1.554,-18.9811,6.6,-0.0737,0.0227
10.0545,0.5455,-2.003,1.561,-18.7288,6.61,-0.0685,0.021
10.0598,0.5255,-1.9961,1.5679,-18.4869,6.62,-0.0636,0.0193
10.0649,0.5055,-2.0038,1.5745,-18.2552,6.63,-0.0588,0.0177
10.0697,0.4855,-1.9964,1.581,-18.0337,6.64,-0.0541,0.0162
10.0744,0.4655,-2.0048,1.5872,-17.8222,6.65,-0.0497,0.0148
10.0788,0.4455,-1.9968,1.5932,-17.6208,6.66,-0.0455,0.0134
10.0831,0.4254,-1.9967,1.599,-17.4285,6.6701,-0.0414,0.0121
10.0872,0.4054,-2.0064,1.6045,-17.2461,6.6801,-0.0375,0.0109
10.091,0.3854,-1.9973,1.6098,-17.0736,6.6901,-0.0338,0.0098
10.0947,0.3654,-1.9971,1.6149,-16.9099,6.7001,-0.0303,0.0087
10.0981,0.3454,-2.0087,1.6197,-16.756,6.7101,-0.027,0.0078
10.1014,0.3254,-1.9981,1.6242,-16.6118,6.72,-0.0239,0.0068
10.1044,0.3055,-1.9981,1.6285,-16.4763,6.73,-0.021,0.006
10.1073,0.2855,-1.998,1.6326,-16.3496,6.74,-0.0182,0.0052
10.1099,0.2654,-1.9978,1.6363,-16.2315,6.7501,-0.0157,0.0044
10.1124,0.2453,-1.9976,1.6398,-16.1221,6.7601,-0.0133,0.0037
10.1146,0.2253,-2.0159,1.643,-16.0222,6.7701,-0.0112,0.0031
10.1167,0.2053,-1.9803,1.646,-15.9309,6.7802,-0.0092,0.0025
10.1186,0.1853,-2.0192,1.6487,-15.8481,6.7901,-0.0074,0.002
10.1202,0.1652,-1.9757,1.6511,-15.7738,6.8002,-0.0058,0.0016
10.1217,0.1451,-2.024,1.6532,-15.708,6.8102,-0.0044,0.0012
10.1229,0.1253,-2.0019,1.655,-15.6516,6.8201,-0.0032,0.0009
10.124,0.1051,-1.9625,1.6565,-15.6028,6.8304,-0.0022,0.0006
10.1248,0.0849,-2.0379,1.6578,-15.5624,6.8403,-0.0014,0.0003
10.1255,0.0651,-2.0063,1.6587,-15.5312,6.8502,-0.0007,0.0002
10.126,0.0444,-1.9088,1.6594,-15.5077,6.861,-0.0003,0
10.1262,0.0231,-2.0409,1.6598,-15.4926,6.8714,0,0