0.0001,0,0,18.4347,5.8972
0.0005,0.0455,4.4999,18.4317,5.8928
0.0017,0.1214,7.5013,18.4219,5.8796
0.0037,0.2015,8.0891,18.4031,5.8583
0.0065,0.281,7.9632,18.375,5.8283
0.0102,0.361,7.9905,18.3372,5.7899
0.0145,0.4406,8.0436,18.2899,5.7437
0.0197,0.5202,7.9584,18.2326,5.6887
0.0257,0.6001,8.012,18.1648,5.626
0.0325,0.68,7.9868,18.0863,5.555
0.0401,0.7601,7.9978,17.9964,5.4762
0.0485,0.8401,8.0056,17.8949,5.3899
0.0577,0.9201,7.9912,17.7809,5.2961
0.0677,1.0002,8.0011,17.6539,5.1952
0.0785,1.0802,8.0088,17.5131,5.0875
0.0901,1.1601,7.9992,17.3577,4.9733
0.1025,1.2401,7.9933,17.1863,4.8525
0.1157,1.3201,8.0036,16.9978,4.7259
0.1297,1.4001,7.9995,16.7909,4.5935
0.1445,1.4801,7.9974,16.5637,4.4558
0.1601,1.5601,7.997,16.3143,4.3131
0.1765,1.6401,8.0082,16.0409,4.1663
0.1937,1.72,7.9985,15.7408,4.0153
0.2117,1.8,7.9923,15.4106,3.8606
0.2305,1.88,7.9978,15.0466,3.7027
0.2501,1.96,8.0117,14.6454,3.5428
0.2705,2.04,7.9861,14.2014,3.3804
0.2917,2.12,8.0112,13.7086,3.2171
0.3137,2.1999,7.9925,13.1601,3.0528
0.3365,2.28,7.9994,12.546,2.8886
0.3601,2.36,8.0018,11.856,2.7252
0.3845,2.4399,8.0012,11.0764,2.5633
0.4097,2.5199,7.9943,10.189,2.4037
0.4357,2.5999,8.0031,9.1714,2.2475
0.4625,2.6799,7.9971,7.9945,2.0954
0.4901,2.7599,7.9988,6.6188,1.9487
0.5185,2.8399,8.0036,4.9927,1.8086
0.5477,2.9199,7.9951,3.0433,1.6762
0.5777,2.9999,7.9997,0.6673,1.5531
0.6085,3.0799,8.0011,-2.2798,1.4409
0.6401,3.1599,7.9981,-6.0116,1.3413
0.6721,3.2005,4.0651,-10.8023,1.2576
0.7034,3.1279,-7.2602,-16.8795,1.1933
0.7339,3.0582,-6.9729,-24.4257,1.1483
0.7641,3.0114,-4.6751,-33.5504,1.1222
0.794,2.9893,-2.2142,-43.9581,1.115
0.8239,2.9925,0.3155,-54.7867,1.1269
0.8541,3.0213,2.8866,-64.9319,1.1585
0.8849,3.0763,5.4951,-73.6368,1.211
0.9164,3.1526,7.6288,-80.709,1.2864
0.9487,3.2326,8.0004,-86.3042,1.3878
0.9818,3.3126,8.0002,-90.6899,1.5194
1.0158,3.3926,7.9991,-94.1293,1.6881
1.0505,3.4726,8.0004,-96.836,1.9044
1.086,3.5525,7.9989,-98.9718,2.1856
1.1223,3.6325,7.9978,-100.6554,2.562
1.1595,3.7126,8.0014,-101.9722,3.0888
1.1974,3.7925,7.9987,-102.9844,3.883
1.2361,3.8725,7.999,-103.7375,5.2336
1.2756,3.9525,8.0004,-104.2632,8.1031
1.316,4.0325,7.9986,-104.5842,18.843
1.3571,4.1125,7.9986,-104.7151,47.7034
1.399,4.1925,8.0005,-104.664,11.5096
1.4417,4.2725,7.9976,-104.4337,6.9662
1.4853,4.3525,7.9995,-104.0214,5.1495
1.5296,4.4309,7.8401,-103.4196,4.1502
1.5737,4.4099,-2.1034,-102.6257,3.5163
1.617,4.3299,-8.0009,-101.6471,3.0755
1.6595,4.2499,-8.0012,-100.4863,2.747
1.7012,4.1699,-7.9977,-99.1373,2.4903
1.7421,4.0898,-8.002,-97.5919,2.2834
1.7822,4.0098,-8.0004,-95.8402,2.1131
1.8215,3.9298,-7.9995,-93.8697,1.9709
1.86,3.8498,-8.0019,-91.6683,1.8513
1.8977,3.7698,-7.9974,-89.2235,1.7506
1.9345,3.6899,-8.003,-86.5265,1.666
1.9707,3.6105,-7.9382,-83.5722,1.5954
2.006,3.5388,-7.1696,-80.3589,1.5374
2.0408,3.4791,-5.9657,-76.8891,1.4905
2.0752,3.4309,-4.8202,-73.1716,1.4539
2.1091,3.3937,-3.7207,-69.2308,1.4269
2.1428,3.3672,-2.651,-65.1039,1.409
2.1763,3.3511,-1.6053,-60.8396,1.3999
2.2097,3.3453,-0.5785,-56.5014,1.3993
2.2432,3.3497,0.4347,-52.1597,1.4071
2.2769,3.364,1.4345,-47.8807,1.4234
2.3107,3.3883,2.4237,-43.7265,1.448
2.3451,3.434,4.5684,-39.9418,2.3213
2.3802,3.5103,7.6352,-38.2077,2.4003
2.4161,3.5904,7.9996,-36.7964,2.4846
2.4528,3.6704,8.0068,-35.4339,2.574
2.4903,3.7503,7.9955,-34.1188,2.669
2.5286,3.8304,7.9987,-32.8491,2.7695
2.5677,3.9104,8.0019,-31.6245,2.8755
2.6076,3.9904,8.0008,-30.4441,2.987
2.6483,4.0703,7.9998,-29.306,3.104
2.6898,4.1503,7.9991,-28.2084,3.2266
2.7321,4.2304,7.9985,-27.1497,3.3547
2.7752,4.3104,8.0026,-26.1286,3.4882
2.8191,4.3904,7.9978,-25.1433,3.6272
2.8638,4.4704,8.0021,-24.192,3.7713
2.9094,4.5504,7.9976,-23.2733,3.9206
2.9556,4.6304,8.0021,-22.3853,4.0749
3.0028,4.7104,7.9978,-21.5266,4.2341
3.0507,4.7904,8.0024,-20.6956,4.3978
3.0994,4.8704,7.9984,-19.891,4.566
3.1489,4.9504,7.9987,-19.1109,4.7384
3.1988,4.9995,4.913,-18.3569,4.9133
3.2489,5.0001,0.0581,-17.6324,5.0893
3.2989,5.0001,-0.0002,-16.9386,5.2654
3.3489,5.0001,-0.0002,-16.2733,5.4416
3.3988,5,-0.0002,-15.6343,5.6174
3.4489,5,-0.0002,-15.0192,5.7926
3.4989,5,-0.0002,-14.4262,5.9667
3.5489,5,-0.0002,-13.8543,6.1392
3.5988,5,-0.0002,-13.3014,6.3101
3.6488,5,-0.0002,-12.766,6.4788
3.6989,5,-0.0002,-12.247,6.6451
3.7489,5,-0.0002,-11.7428,6.8087
3.7989,5,-0.0002,-11.2531,6.9689
3.8489,5,-0.0002,-10.7766,7.1256
3.8989,5,-0.0002,-10.3119,7.2787
3.9489,5,-0.0002,-9.8585,7.4274
3.9989,5,-0.0002,-9.4156,7.5716
4.0489,5,-0.0002,-8.9824,7.7111
4.0989,5,-0.0002,-8.558,7.8454
4.1489,5,-0.0002,-8.1419,7.9741
4.1989,5,-0.0002,-7.7336,8.0971
4.2489,5,-0.0002,-7.3323,8.214
4.2989,5,-0.0002,-6.9374,8.3246
4.3489,5,-0.0002,-6.5484,8.4284
4.3989,5,-0.0002,-6.165,8.5252
4.4489,5,-0.0002,-5.7864,8.6147
4.4989,5,-0.0002,-5.4122,8.6971
4.5489,5,-0.0002,-5.0419,8.7715
4.5989,5,-0.0002,-4.6752,8.8381
4.6489,5,-0.0002,-4.3116,8.8963
4.6989,5,-0.0002,-3.9506,8.9459
4.7488,5,-0.0002,-3.5921,8.9872
4.7989,5,-0.0002,-3.2353,9.02
4.8489,5,-0.0002,-2.8797,9.0433
4.8988,5,-0.0002,-2.5255,9.0576
4.9489,5,-0.0002,-2.1717,9.063
4.9989,5,-0.0002,-1.8181,9.0588
5.0489,5,-0.0002,-1.4645,9.0452
5.0989,5,-0.0002,-1.1102,9.0222
5.1488,5,-0.0002,-0.755,8.9896
5.1988,5,-0.0002,-0.3983,8.9472
5.2489,5,-0.0002,-0.0395,8.8953
5.2989,5,-0.0002,0.3216,8.8337
5.3488,5,-0.0002,0.6853,8.7628
5.3989,5,-0.0002,1.0523,8.6822
5.4488,5,-0.0002,1.4233,8.5921
5.4989,5,-0.0002,1.7986,8.4928
5.5489,5,-0.0002,2.179,8.3842
5.5989,5,-0.0002,2.5649,8.2667
5.6489,5,-0.0002,2.957,8.1401
5.6989,5,-0.0002,3.3559,8.0051
5.7489,5,-0.0002,3.7623,7.8616
5.7989,5,-0.0002,4.1775,7.7097
5.8489,5,-0.0002,4.602,7.5501
5.8989,5,-0.0002,5.0366,7.383
5.9489,5,-0.0002,5.4827,7.2084
5.9985,4.9643,-3.5675,5.9394,7.0285
6.0473,4.8845,-7.9857,6.4041,6.8452
6.0954,4.8045,-7.9985,6.8756,6.6591
6.1426,4.7244,-7.999,7.3547,6.4711
6.1891,4.6444,-8.0042,7.8415,6.2818
6.2347,4.5644,-7.9954,8.3371,6.0916
6.2795,4.4844,-8.0052,8.8421,5.9015
6.3236,4.4045,-7.9961,9.3572,5.7116
6.3668,4.3245,-8.0012,9.8834,5.5227
6.4093,4.2444,-7.9967,10.4215,5.3352
6.4509,4.1644,-8.0066,10.9719,5.1498
6.4918,4.0845,-7.9971,11.5354,4.9667
6.5319,4.0123,-7.2076,12.1144,4.7859
6.5719,3.9999,-1.24,12.7144,4.6055
6.6119,3.9999,-0.0002,13.343,4.4248
6.6519,3.9999,-0.0003,14.0044,4.2447
6.6919,3.9999,-0.0003,14.7017,4.0651
6.7319,3.9999,-0.0003,15.4401,3.8864
6.7719,3.9999,-0.0003,16.2233,3.7096
6.8119,3.9999,-0.0003,17.0566,3.5344
6.8519,3.9999,-0.0003,17.947,3.3616
6.8919,3.9999,-0.0003,18.9018,3.1915
6.9319,3.9999,-0.0003,19.929,3.0249
6.9719,3.9999,-0.0003,21.0387,2.862
7.0119,3.9999,-0.0003,22.2438,2.7033
7.0519,3.9999,-0.0004,23.5589,2.5494
7.0916,3.9679,-3.2048,24.995,2.402
7.1305,3.8883,-7.9553,26.555,2.2632
7.1685,3.8083,-8.0021,28.2456,2.1333
7.2058,3.7283,-7.9977,30.0843,2.0122
7.2423,3.6483,-8.0006,32.0909,1.9003
7.278,3.5683,-7.9994,34.2872,1.7975
7.3129,3.4883,-7.9976,36.6984,1.704
7.347,3.4083,-8.0019,39.3503,1.6197
7.3802,3.3283,-8.001,42.2689,1.5447
7.4127,3.2484,-7.9945,45.4834,1.4789
7.4444,3.1683,-8.0024,49.0161,1.4221
7.4754,3.0995,-6.8902,53.9206,1.201
7.5066,3.1174,1.7939,61.376,1.2317
7.5383,3.1693,5.19,67.9422,1.2833
7.5707,3.2441,7.4783,73.5891,1.3609
7.6039,3.3241,8.0018,78.2642,1.4738
7.638,3.4041,7.9978,82.0092,1.6396
7.6728,3.4841,8.0021,84.9127,1.8951
7.7085,3.5641,7.9979,87.0738,2.334
7.7449,3.6441,8.0003,88.5793,3.272
7.7822,3.7241,7.9991,89.4941,6.8542
7.8202,3.8041,8.0003,89.8605,14.6082
7.859,3.8841,7.9993,89.6981,4.2136
7.8983,3.926,4.1961,89.0097,2.8112
7.9368,3.8537,-7.229,87.8091,2.2533
7.9746,3.7737,-8.0007,86.1236,1.9489
8.0115,3.6937,-7.9991,83.9652,1.7557
8.0476,3.6137,-8.0014,81.3414,1.623
8.083,3.5337,-8.0003,78.2641,1.5282
8.1175,3.4543,-7.9366,74.755,1.4596
8.1514,3.3866,-6.7764,70.8512,1.4107
8.1848,3.3381,-4.8503,66.6003,1.3774
8.2178,3.3063,-3.1733,62.0676,1.3576
8.2507,3.2896,-1.6702,57.3456,1.3497
8.2836,3.2869,-0.2788,52.543,1.3529
8.3166,3.2972,1.0382,47.7728,1.3667
8.3498,3.3203,2.3038,43.1399,1.391
8.3833,3.3556,3.5295,38.7263,1.4257
8.4174,3.4028,4.7281,34.5871,1.4709
8.452,3.4619,5.901,30.7527,1.527
8.4873,3.5324,7.054,27.2297,1.5944
8.5234,3.6113,7.895,24.0123,1.6734
8.5603,3.6913,7.998,21.0862,1.7646
8.5981,3.7714,8.0009,18.4328,1.8682
8.6366,3.8514,8.0015,16.0311,1.9844
8.6759,3.9314,8.0009,13.857,2.1136
8.7158,3.9949,6.3593,11.89,2.2555
8.7558,4.0001,0.5173,10.1218,2.4081
8.7958,4.0001,0,8.5387,2.5707
8.8358,4.0001,-0.0001,7.1153,2.7432
8.8758,4.0001,-0.0001,5.8294,2.9252
8.9158,4.0001,-0.0001,4.6629,3.1164
8.9558,4.0001,-0.0001,3.5998,3.3168
8.9958,4.0001,-0.0001,2.6271,3.526
9.0358,4.0001,-0.0001,1.7338,3.7439
9.0758,4.0001,-0.0001,0.9103,3.9703
9.1158,3.9991,-0.1048,-0.7112,2.2833
9.1558,3.9999,0.0861,-2.4667,2.1973
9.1958,3.9999,0.0002,-4.3175,2.1174
9.2358,3.9999,0.0002,-6.295,2.0437
9.2758,3.9956,-0.4308,-8.4052,1.9764
9.3152,3.9452,-5.0386,-10.6393,1.9162
9.3541,3.8874,-5.777,-12.982,1.8631
9.3925,3.8361,-5.1379,-15.4268,1.817
9.4304,3.7912,-4.4886,-17.9705,1.7775
9.4679,3.7528,-3.8429,-20.6077,1.7445
9.5051,3.7209,-3.1906,-23.3291,1.7178
9.5421,3.6955,-2.5363,-26.1249,1.6974
9.5788,3.6767,-1.8799,-28.981,1.6832
9.6155,3.6645,-1.2191,-31.8808,1.675
9.6521,3.6589,-0.5555,-34.8065,1.673
9.6887,3.6601,0.1116,-37.7378,1.6771
9.7253,3.6679,0.7821,-40.6563,1.6873
9.7622,3.6825,1.4575,-43.5432,1.7039
9.7992,3.7038,2.1371,-46.3794,1.7268
9.8365,3.732,2.8217,-49.1496,1.7564
9.8742,3.7672,3.5139,-51.8405,1.7927
9.9123,3.8093,4.2138,-54.4409,1.8362
9.9509,3.8586,4.9253,-56.942,1.8872
9.99,3.915,5.646,-59.3382,1.9461
10.0298,3.9789,6.3839,-61.6273,2.0133
10.0703,4.0503,7.1436,-63.8072,2.0896
10.1116,4.1285,7.8248,-65.8779,2.1755
10.1537,4.2085,7.9999,-67.8397,2.2718
10.1966,4.2885,7.9991,-69.6931,2.3792
10.2403,4.3686,8.0009,-71.4387,2.4985
10.2848,4.4486,7.9993,-73.0789,2.6308
10.33,4.5286,8.0023,-74.6166,2.7771
10.3761,4.6066,7.807,-76.0554,2.9388
10.4219,4.5838,-2.2827,-77.3858,3.1135
10.467,4.5038,-8.0006,-78.5951,3.2994
10.5112,4.4238,-7.9999,-79.6887,3.4972
10.5547,4.3438,-7.9987,-80.6791,3.7077
10.5973,4.2638,-8.0016,-81.5771,3.9313
10.6391,4.1838,-7.9997,-82.392,4.1693
10.6802,4.1038,-8.002,-83.132,4.4225
10.7204,4.0254,-7.8335,-83.8048,4.693
10.7604,4,-2.5413,-84.4208,4.9863
10.8004,4,-0.0001,-84.99,5.3072
10.8404,4,-0.0001,-85.5172,5.662
10.8804,4,-0.0001,-86.0046,6.0554
10.9204,4,-0.0001,-86.4544,6.4952
10.9604,4,-0.0001,-86.8684,6.9923
11.0004,4,-0.0001,-87.2483,7.5584
11.0404,4,-0.0001,-87.5956,8.2135
11.0804,4,-0.0001,-87.9116,8.9811
11.1204,4,-0.0001,-88.1974,9.8967
11.1604,4,-0.0001,-88.4539,11.0109
11.2004,4,-0.0001,-88.682,12.4059
11.2404,4,-0.0001,-88.8822,14.2156
11.2804,4,-0.0001,-89.0551,16.6543
11.3204,4,-0.0001,-89.2011,20.1611
11.3604,4.0001,0.0142,-89.4771,2.5596
11.4004,4,-0.0158,-90.7352,2.555
11.4404,4,0.0001,-92.1707,2.5511
11.4804,4,0.0001,-93.6094,2.548
11.5204,4,0.0001,-95.0508,2.5456
11.5604,4,0.0001,-96.4946,2.5437
11.6004,4,0,-97.9401,2.5422
11.6404,4,0,-99.3869,2.5411
11.6804,4,0,-100.8348,2.5402
11.7204,4,0,-102.2839,2.5395
11.7604,4,0,-103.7335,2.5388
11.8004,4,0,-105.1838,2.5379
11.8404,4,0,-106.6349,2.5368
11.8804,4,0,-108.0866,2.5354
11.9204,4,0,-109.5397,2.5335
11.9604,4,0,-110.9947,2.531
12.0005,4.0059,0.5901,-112.4529,2.5278
12.0412,4.0707,6.4813,-113.9274,2.5236
12.0827,4.1507,8.0022,-115.4324,2.5184
12.125,4.2307,7.9991,-116.9716,2.5119
12.1681,4.3107,8.0009,-118.5467,2.5038
12.212,4.3907,7.9983,-120.1599,2.4941
12.2565,4.4545,6.3808,-121.81,2.4825
12.3011,4.4505,-0.3985,-123.4839,2.469
12.3454,4.4376,-1.2947,-125.1697,2.4537
12.3897,4.4229,-1.4712,-126.8673,2.4364
12.4337,4.4063,-1.6532,-128.5789,2.4172
12.4776,4.388,-1.8379,-130.3059,2.396
12.5213,4.3677,-2.0218,-132.0508,2.373
12.5647,4.3457,-2.2049,-133.8157,2.348
12.608,4.3219,-2.382,-135.6024,2.3214
12.6509,4.2964,-2.5514,-137.4138,2.2931
12.6936,4.2692,-2.7104,-139.2529,2.2633
12.736,4.2407,-2.858,-141.1217,2.2323
12.7781,4.2108,-2.9885,-143.0223,2.2002
12.8199,4.1798,-3.1012,-144.9579,2.1673
12.8614,4.1478,-3.1945,-146.9312,2.1338
12.9026,4.1152,-3.264,-148.9453,2.0999
12.9434,4.0821,-3.3123,-151.0028,2.066
12.9839,4.0487,-3.3335,-153.1058,2.0322
13.024,4.0154,-3.3283,-155.257,1.9989
13.0639,3.9825,-3.2957,-157.4592,1.9663
13.1034,3.9501,-3.2362,-159.7141,1.9348
13.1425,3.9186,-3.1487,-162.0228,1.9044
13.1814,3.8883,-3.0324,-164.3862,1.8756
13.22,3.8594,-2.8878,-166.806,1.8485
13.2583,3.8322,-2.7192,-169.2814,1.8234
13.2964,3.807,-2.5218,-171.8109,1.8004
13.3342,3.784,-2.3016,-174.3927,1.7797
13.3719,3.7634,-2.056,-177.0242,1.7616
13.4093,3.7455,-1.79,-179.7018,1.7461
13.4466,3.7305,-1.5031,177.5805,1.7335
13.4838,3.7185,-1.1971,174.8283,1.7239
13.5209,3.7098,-0.8749,172.0489,1.7173
13.558,3.7044,-0.5374,169.251,1.7139
13.595,3.7026,-0.1868,166.4436,1.7138
13.6322,3.7247,2.213,163.9481,4.0875
13.6703,3.8021,7.7383,163.0837,3.7322
13.7091,3.8821,8.0008,162.2884,3.4082
13.7487,3.962,7.9959,161.3691,3.1141
13.7887,3.9999,3.7929,160.3091,2.8513
13.8287,3.9999,0.0001,159.0964,2.6195
13.8687,3.9999,0.0001,157.7148,2.4162
13.9087,3.9999,0.0001,156.1408,2.2388
13.9487,3.9997,-0.0296,154.3488,2.0854
13.9882,3.953,-4.6609,152.3261,1.9558
14.027,3.873,-7.9996,150.0787,1.8484
14.0649,3.7931,-8.0002,147.6127,1.761
14.102,3.7146,-7.8453,144.9352,1.6916
14.1385,3.6481,-6.6466,142.0614,1.6383
14.1745,3.5976,-5.057,139.0128,1.5997
14.2101,3.5622,-3.5346,135.8199,1.5749
14.2455,3.5416,-2.0566,132.5243,1.5631
14.2809,3.5356,-0.6016,129.1778,1.5642
14.3163,3.5442,0.8532,125.8363,1.5783
14.352,3.5675,2.33,122.5552,1.6057
14.3881,3.606,3.8525,119.3859,1.6475
14.4247,3.6605,5.4454,116.3694,1.705
14.462,3.7315,7.1016,113.5362,1.7799
14.5001,3.8111,7.9648,110.9083,1.8748
14.539,3.8911,8.0017,108.5017,1.9921
14.5787,3.9711,7.9991,106.3231,2.1352
14.6192,4.0511,8.0023,104.37,2.308
14.6605,4.1311,7.9987,102.6326,2.5153
14.7027,4.2111,8,101.0964,2.763
14.7456,4.2911,8.0017,99.7457,3.0586
14.7893,4.3711,7.999,98.5632,3.4115
14.8338,4.4511,8.0001,97.5318,3.8336
14.8791,4.5311,8.0004,96.6358,4.3397
14.9252,4.6111,7.9996,95.8602,4.9504
14.9718,4.663,5.1821,95.1936,5.6878
15.0179,4.6035,-5.948,95.3194,2.7415
15.0643,4.648,4.4509,97.5386,3.0556
15.1116,4.728,7.9993,98.8253,3.3168
15.1597,4.808,8.0001,99.9873,3.5245
15.2086,4.888,7.9986,101.0721,3.6804
15.2575,4.8902,0.2185,102.1032,3.7877
15.3056,4.8102,-7.9987,103.087,3.8514
15.3529,4.7302,-8.0012,104.0328,3.879
15.3994,4.6502,-8,104.9537,3.8773
15.4451,4.5702,-8.0005,105.8591,3.8523
15.49,4.4902,-8.0001,106.7565,3.8084
15.5341,4.4102,-8.001,107.6515,3.7498
15.5774,4.3301,-7.9995,108.5488,3.6792
15.6199,4.2502,-8.0016,109.4524,3.6001
15.6616,4.1702,-7.9986,110.3657,3.5146
15.7025,4.0901,-8.0014,111.2916,3.4246
15.7426,4.0101,-7.9994,112.2326,3.3318
15.7819,3.9301,-8.0001,113.1912,3.2373
15.8204,3.8501,-8.0013,114.1693,3.1425
15.8581,3.7701,-7.9991,115.1688,3.0482
15.895,3.6901,-8.0002,116.1915,2.955
15.9311,3.6101,-8.0007,117.2389,2.8638
15.9664,3.5301,-7.9993,118.3124,2.775
16.0009,3.4501,-8.0002,119.4133,2.6888
16.0346,3.3701,-8.0006,120.5424,2.6058
16.0675,3.2901,-8.0006,121.7004,2.526
16.0996,3.2101,-7.9986,122.8881,2.4497
16.1309,3.1301,-8.0008,124.106,2.3771
16.1614,3.0501,-7.9995,125.3538,2.3083
16.1918,3.0393,-1.0808,129.1757,1.182
16.223,3.1152,7.5944,137.0451,1.2542
16.2549,3.1952,7.9985,143.1893,1.3456
16.2877,3.2753,8.0012,148.0035,1.4558
16.3212,3.3553,7.999,151.8412,1.5845
16.3556,3.4352,8.0028,154.9609,1.7311
16.3907,3.5152,7.9955,157.5465,1.8956
16.4267,3.5952,7.9993,159.7274,2.0775
16.4634,3.6752,8.0026,161.5932,2.2766
16.501,3.7552,7.9989,163.2109,2.4926
16.5394,3.8352,7.9955,164.6312,2.7255
16.5785,3.9152,8.0043,165.8898,2.9746
16.6185,3.9952,7.9965,167.0151,3.24
16.6592,4.0752,8.0021,168.0296,3.521
16.7008,4.1552,7.9949,168.9508,3.8177
16.7431,4.2352,8.0059,169.7923,4.129
16.7862,4.3152,7.9967,170.5651,4.455
16.8302,4.3952,7.9983,171.2793,4.7951
16.875,4.4752,7.9994,171.9422,5.1486
16.9205,4.5552,8,172.5601,5.5148
16.9669,4.6352,8.0002,173.1383,5.893
17.014,4.7152,8,173.6814,6.2823
17.062,4.7952,7.9995,174.1934,6.6819
17.1107,4.8752,8.0027,174.6774,7.0905
17.1603,4.9552,7.9936,175.1368,7.5079
17.2103,4.9999,4.4796,175.5725,7.9285
17.2603,5.0001,0.0145,175.9838,8.349
17.3103,5.0001,-0.0004,176.3717,8.7666
17.3603,5.0001,-0.0004,176.7387,9.1806
17.4103,5.0001,-0.0004,177.0872,9.5902
17.4603,5.0001,-0.0004,177.4193,9.9942
17.5103,5.0001,-0.0004,177.7366,10.3904
17.5603,5,-0.0004,178.0403,10.7786
17.6103,5,-0.0003,178.332,11.1572
17.6603,5,-0.0003,178.613,11.5252
17.7103,5,-0.0003,178.8843,11.8812
17.7603,5,-0.0003,179.1466,12.2238
17.8103,5,-0.0003,179.401,12.5528
17.8603,5,-0.0003,179.6482,12.867
17.9103,5,-0.0003,179.8888,13.1641
17.9603,5,-0.0003,-179.8765,13.4437
18.0103,5,-0.0003,-179.647,13.7051
18.0603,5,-0.0003,-179.4223,13.9472
18.1103,5,-0.0003,-179.2017,14.1686
18.1603,5,-0.0003,-178.9847,14.3694
18.2103,5,-0.0003,-178.771,14.5482
18.2603,5,-0.0003,-178.5602,14.703
18.3103,5,-0.0003,-178.3518,14.8354
18.3603,5,-0.0003,-178.1453,14.9419
18.4103,5,-0.0003,-177.9403,15.0247
18.4603,5,-0.0003,-177.7366,15.0813
18.5103,5,-0.0003,-177.5338,15.1115
18.5603,5,-0.0003,-177.3314,15.1146
18.6103,5,-0.0003,-177.129,15.0918
18.6603,5,-0.0003,-176.9263,15.0397
18.7103,5,-0.0003,-176.7227,14.9615
18.7603,5,-0.0003,-176.5181,14.8546
18.8103,5,-0.0003,-176.312,14.7217
18.8603,5,-0.0003,-176.1038,14.5599
18.9103,5,-0.0003,-175.8932,14.3699
18.9603,5,-0.0003,-175.6795,14.1536
19.0103,5,-0.0003,-175.4623,13.9099
19.0603,5,-0.0003,-175.2411,13.6405
19.1103,5,-0.0003,-175.0152,13.345
19.1603,5,-0.0003,-174.7838,13.024
19.2103,4.9999,-0.0004,-174.5463,12.6796
19.2603,4.9999,-0.0004,-174.3018,12.3111
19.3103,4.9999,-0.0004,-174.0493,11.92
19.3603,4.9999,-0.0004,-173.7878,11.5084
19.4103,4.9999,-0.0004,-173.5163,11.0767
19.4603,4.9999,-0.0004,-173.233,10.6268
19.5102,4.9928,-0.7141,-172.9367,10.1603
19.5595,4.9261,-6.665,-172.6278,9.6854
19.6079,4.8461,-8.0037,-172.307,9.206
19.6556,4.7661,-7.9943,-171.9729,8.723
19.7025,4.6861,-8.0057,-171.624,8.2403
19.7485,4.6061,-7.9968,-171.2583,7.7589
19.7938,4.5261,-8.0046,-170.8735,7.2821
19.8382,4.4462,-7.9965,-170.4669,6.8106
19.8819,4.3661,-8.001,-170.0353,6.3471
19.9248,4.2861,-7.998,-169.5748,5.893
19.9668,4.2061,-8.0036,-169.0814,5.4505
20.0081,4.1261,-7.998,-168.5495,5.0207
20.0485,4.0461,-8.0014,-167.9726,4.6057
20.0882,3.9661,-8.002,-167.3427,4.2067
20.1271,3.8861,-7.9964,-166.6492,3.8246
20.1651,3.8061,-8.0042,-165.8791,3.4615
20.2024,3.7261,-7.9993,-165.0156,3.118
20.2388,3.6461,-7.9978,-164.0351,2.7951
20.2745,3.5661,-8.004,-162.907,2.4946
20.3094,3.4861,-7.9985,-161.5873,2.2171
20.3434,3.4061,-8.0012,-160.0113,1.9638
20.3767,3.3261,-7.9992,-158.081,1.7359
20.4091,3.2461,-8.0046,-155.6398,1.5349
20.4408,3.1661,-7.9982,-152.4168,1.3622
20.4717,3.086,-8.0035,-147.9057,1.2199
20.5017,3.006,-8.0007,-141.0615,1.1108
20.5312,2.9502,-5.5882,-131.6433,1.748
20.5614,3.0128,6.2632,-128.3527,1.7553
20.5923,3.0928,8.001,-126.1593,1.7687
20.624,3.1728,8.0001,-123.9459,1.789
20.6565,3.2528,8.0009,-121.7317,1.8171
20.6899,3.3328,8.0009,-119.5371,1.8542
20.724,3.4128,7.9985,-117.382,1.9017
20.7589,3.4928,8.0003,-115.2865,1.9616
20.7947,3.5728,8,-113.2703,2.0363
20.8312,3.6528,8.002,-111.3516,2.1291
20.8685,3.7328,7.9984,-109.546,2.2451
20.9066,3.8128,8.0015,-107.8674,2.3912
20.9456,3.8928,7.9994,-106.3281,2.5784
20.9853,3.9728,8.0001,-104.9384,2.8245
21.0258,4.0528,7.9998,-103.7074,3.1605
21.0671,4.1328,8.0004,-102.6436,3.6451
21.1093,4.2128,7.9982,-101.7547,4.4065
21.1522,4.2928,8.0022,-101.049,5.7807
21.1959,4.3728,7.9983,-100.5354,9.0461
21.2405,4.4528,8.0003,-100.2241,27.0826
21.2858,4.5328,7.9996,-100.1273,21.0497
21.3318,4.6052,7.2446,-100.2592,8.0415
21.3775,4.5636,-4.1634,-100.6301,5.2159
21.4223,4.4836,-8.0027,-101.2382,3.9816
21.4663,4.4036,-7.9986,-102.0798,3.2863
21.5096,4.3236,-8.0002,-103.1533,2.8396
21.552,4.2436,-8.0007,-104.4574,2.5288
21.5936,4.1636,-8.0001,-105.9902,2.301
21.6345,4.0836,-7.998,-107.7491,2.1284
21.6745,4.0036,-8.0015,-109.7282,1.995
21.7138,3.9236,-8,-111.917,1.8906
21.7522,3.8436,-7.9946,-114.3016,1.8089
21.7899,3.769,-7.4596,-116.8633,1.7453
21.827,3.7092,-5.9811,-119.5825,1.6966
21.8636,3.6635,-4.5772,-122.4399,1.6606
21.8999,3.6302,-3.3271,-125.4123,1.6357
21.936,3.6083,-2.186,-128.4702,1.6209
21.972,3.5971,-1.1224,-131.582,1.6154
22.0079,3.5959,-0.1176,-134.7151,1.6187
22.044,3.6044,0.8445,-137.836,1.6305
22.0802,3.6221,1.7746,-140.9129,1.6507
22.1167,3.6489,2.6802,-143.9183,1.6792
22.1535,3.6846,3.5669,-146.8303,1.7161
22.1908,3.729,4.4425,-149.6311,1.7616
22.2286,3.7821,5.3039,-152.3088,1.8158
22.2671,3.8437,6.1647,-154.8556,1.8791
22.3062,3.9138,7.0128,-157.2685,1.952
22.3461,3.9916,7.7838,-159.5472,2.0347