0.0001,0,0,9.5581,Infinity
0.0005,0.0377,3.75,9.5581,Infinity
0.0013,0.0754,3.75,9.5581,2159.8258
0.0025,0.1257,5.0003,9.5581,Infinity
0.0043,0.176,5.0005,9.5581,Infinity
0.0066,0.2262,5.0007,9.5581,2156.2785
0.0093,0.2765,5.0008,9.5581,Infinity
0.0125,0.3258,5.0939,9.5581,Infinity
0.0163,0.3752,4.9009,9.5581,Infinity
0.0206,0.4256,5.0039,9.5581,Infinity
0.0254,0.4759,5.0034,9.5581,Infinity
0.0305,0.5255,5.0613,9.5581,Infinity
0.0363,0.5752,4.9414,9.5581,Infinity
0.0426,0.6253,5.0037,9.5581,Infinity
0.0493,0.6754,5.0036,9.5582,Infinity
0.0566,0.7255,5.0035,9.5582,Infinity
0.0643,0.7754,5.0036,9.5582,Infinity
0.0725,0.8253,5.0036,9.5582,Infinity
0.0813,0.8751,5.0037,9.5583,Infinity
0.0906,0.9252,4.9714,9.5583,2100.171
0.1004,0.9755,5.0073,9.5584,2093.635
0.1105,1.0253,5.0368,9.5584,Infinity
0.1213,1.075,4.9759,9.5585,2079.7019
0.1326,1.1251,4.9801,9.5585,Infinity
0.1444,1.1754,5.0089,9.5586,2064.2808
0.1565,1.2252,5.0334,9.5587,Infinity
0.1693,1.2751,4.9596,9.5588,2895.4039
0.1826,1.3253,5.01,9.5589,Infinity
0.1963,1.3753,5.0097,9.5591,2869.9499
0.2105,1.4251,5.0095,9.5592,2856.6
0.2254,1.4752,4.9692,9.5594,2842.6137
0.2405,1.5252,5.0315,9.5596,Infinity
0.2563,1.5751,4.9729,9.5598,2813.4369
0.2726,1.6253,5.0125,9.56,2798.1441
0.2893,1.6751,5.0122,9.5603,2782.4641
0.3066,1.7251,4.9781,9.5606,2766.1798
0.3243,1.7751,5.0137,9.5609,2749.521
0.3425,1.8251,4.9975,9.5612,2732.3831
0.3613,1.875,4.9986,9.5616,2714.7733
0.3805,1.925,4.9996,9.562,2696.6992
0.4002,1.975,5.0006,9.5625,1894.0318
0.4206,2.0251,4.9875,9.563,2659.081
0.4413,2.0751,5.0168,9.5635,1866.8032
0.4626,2.1251,4.9898,9.5641,1852.6903
0.4843,2.1751,5.0045,9.5647,2599.3213
0.5065,2.225,5.0052,9.5654,1823.5739
0.5293,2.275,4.9936,9.5662,1476.8169
0.5526,2.325,4.9951,9.567,1464.2279
0.5763,2.375,5.0081,9.5679,1451.4171
0.6005,2.425,4.9973,9.5689,1245.7591
0.6253,2.475,4.9986,9.5699,1234.1927
0.6505,2.525,4.9998,9.571,1222.3993
0.6763,2.575,5.001,9.5722,1082.7024
0.7026,2.625,4.992,9.5735,1071.7195
0.7293,2.675,5.0135,9.575,1060.5954
0.7565,2.725,4.9944,9.5765,886.9236
0.7843,2.775,4.9961,9.5781,877.148
0.8126,2.825,4.9976,9.5799,867.1942
0.8413,2.8751,5.0081,9.5818,801.81
0.8705,2.925,5.0001,9.5839,746.9637
0.9003,2.975,4.9929,9.5861,737.746
0.9305,3.025,5.0031,9.5885,658.9479
0.9613,3.075,4.9962,9.5911,650.3429
0.9925,3.125,5.0058,9.5939,590.2876
1.0243,3.175,4.9992,9.5969,561.0059
1.0565,3.2249,5.0008,9.6001,534.3287
1.0893,3.2749,4.995,9.6036,494.6331
1.1225,3.3249,5.0041,9.6073,473.5024
1.1563,3.375,4.9916,9.6114,453.7486
1.1905,3.425,5.0075,9.6157,424.7746
1.2253,3.475,4.9955,9.6204,399.2617
1.2605,3.525,5.0041,9.6255,376.5299
1.2963,3.575,4.9994,9.6309,349.6491
1.3325,3.625,4.9953,9.6368,331.7583
1.3693,3.675,5.0037,9.6432,310.5162
1.4065,3.725,4.9997,9.65,287.7153
1.4442,3.7749,5.0019,9.6575,274.7616
1.4825,3.8249,4.993,9.6655,253.479
1.5212,3.8749,5.0066,9.6742,240.1573
1.5605,3.9249,4.9981,9.6836,223.4325
1.6003,3.9749,4.9957,9.6938,208.6792
1.6405,4.0249,5.0036,9.7048,193.9606
1.6813,4.0749,4.9965,9.7168,180.9515
1.7225,4.1249,5.0044,9.7299,168.2095
1.7642,4.1749,4.998,9.7441,156.8895
1.8065,4.2249,4.9969,9.7596,145.1191
1.8493,4.2749,5.0005,9.7766,134.0883
1.8925,4.3249,5.004,9.795,124.3712
1.9362,4.3749,4.9953,9.8153,114.7574
1.9805,4.4249,5.0035,9.8375,105.5001
2.0252,4.4749,4.996,9.8618,97.0505
2.0705,4.5249,5.0008,9.8887,89.3294
2.1162,4.5749,5.0018,9.9183,81.6119
2.1625,4.6249,4.9964,9.951,74.5143
2.2092,4.6749,5.002,9.9872,67.8694
2.2565,4.7249,4.9979,10.0275,61.6523
2.3042,4.7749,5.0011,10.0725,55.81
2.3524,4.8249,5.0016,10.1226,50.3633
2.4012,4.8748,4.9972,10.1789,45.3172
2.4504,4.9248,4.9996,10.2423,40.6029
2.5002,4.9725,4.7592,10.314,36.2362
2.5497,4.953,-1.9494,10.3948,32.2348
2.5988,4.903,-4.9988,10.4852,28.63
2.6473,4.853,-5.0012,10.5863,25.3708
2.6953,4.803,-4.9993,10.6997,22.4384
2.7428,4.753,-5.0004,10.8274,19.7836
2.7899,4.703,-4.9976,10.9715,17.404
2.8364,4.653,-5.0021,11.1347,15.2783
2.8824,4.603,-4.9967,11.3202,13.3811
2.9279,4.553,-5.0023,11.5317,11.6941
2.973,4.503,-4.9987,11.7738,10.2016
3.0175,4.453,-4.9999,12.0519,8.8898
3.0615,4.403,-5,12.3723,7.7427
3.1051,4.353,-4.9975,12.7428,6.7472
3.1481,4.303,-5.0005,13.172,5.892
3.1906,4.253,-5.0001,13.6696,5.1661
3.2327,4.203,-4.998,14.2461,4.5591
3.2742,4.1531,-5.0003,14.9114,4.063
3.3152,4.1031,-4.9971,15.6734,3.6707
3.3557,4.0531,-5.0002,16.5341,3.3782
3.3958,4.0031,-4.9969,17.4858,3.1846
3.4353,3.9539,-4.9225,18.5064,3.0951
3.4747,3.9365,-1.7384,19.5594,3.1263
3.5144,3.9774,4.0943,20.5991,3.3212
3.5547,4.0275,5.0028,21.5634,3.7786
3.5955,4.0775,5.003,22.382,4.7322
3.6368,4.1275,5.0027,23.0029,6.8644
3.6785,4.1775,5.0026,23.4067,13.2199
3.7208,4.2276,5.0012,23.6059,99.7996
3.7636,4.2776,5.0024,23.6343,24.6932
3.8069,4.3276,5.0017,23.5337,13.8879
3.8507,4.3776,5.0008,23.3434,11.0762
3.8949,4.4276,5.0025,23.0961,10.024
3.9397,4.4776,4.999,22.8161,9.6618
3.985,4.5276,5.0011,22.5207,9.6574
4.0308,4.5776,5.0008,22.2215,9.8708
4.077,4.6276,5.0002,21.926,10.2335
4.1238,4.6777,4.9988,21.6387,10.7087
4.1711,4.7277,5.0018,21.3624,11.2753
4.2189,4.7777,5.0005,21.0986,11.9205
4.2671,4.8277,5,20.8476,12.6318
4.3159,4.8777,4.9983,20.6094,13.4095
4.3652,4.9277,5.0019,20.3837,14.2415
4.415,4.9777,5.0007,20.1701,15.1308
4.4653,5.0326,5.4931,20.0938,8.603
4.5161,5.0774,4.4766,20.4407,8.4381
4.5674,5.1274,4.9992,20.8318,8.2742
4.6191,5.1774,5.005,21.2352,8.1117
4.6714,5.2274,4.9972,21.6517,7.9503
4.7242,5.2774,4.9986,22.0821,7.7901
4.7775,5.3274,5,22.527,7.6315
4.8312,5.3774,5.0013,22.9866,7.4744
4.8855,5.4274,4.9986,23.4617,7.3189
4.9403,5.4774,5,23.953,7.1652
4.9955,5.5274,5.0014,24.4609,7.0135
5.0513,5.5774,4.9989,24.9863,6.8637
5.1076,5.6274,5.0004,25.5299,6.716
5.1644,5.6744,4.6988,26.0925,6.5705
5.2209,5.653,-2.1429,26.6708,6.4294
5.2769,5.603,-4.9986,27.2599,6.293
5.3324,5.553,-4.9984,27.859,6.1613
5.3875,5.503,-4.9982,28.4681,6.0342
5.442,5.453,-5.0051,29.0864,5.912
5.4961,5.403,-4.9941,29.7141,5.794
5.5495,5.353,-5.0045,30.3514,5.6808
5.6026,5.303,-4.997,30.9976,5.5719
5.6551,5.2531,-4.9922,31.6532,5.4674
5.7071,5.2042,-4.8929,32.3175,5.3672
5.7588,5.1568,-4.732,32.991,5.2711
5.8098,5.1111,-4.5795,33.6729,5.1793
5.8605,5.0669,-4.4107,34.3637,5.0913
5.9108,5.0243,-4.2571,35.0636,5.0074
5.9606,4.9834,-4.0969,35.7714,4.9274
6.0101,4.9441,-3.9308,36.4879,4.8511
6.0591,4.9063,-3.7751,37.2128,4.7787
6.1078,4.8702,-3.6082,37.9459,4.7099
6.1561,4.8358,-3.4505,38.6869,4.6449
6.2042,4.8029,-3.2824,39.4354,4.5834
6.2519,4.7718,-3.118,40.1921,4.5254
6.2994,4.7422,-2.9524,40.9566,4.4709
6.3465,4.7143,-2.7872,41.7281,4.42
6.3934,4.6882,-2.6168,42.506,4.3725
6.44,4.6637,-2.4467,43.2903,4.3285
6.4864,4.641,-2.2731,44.0812,4.2878
6.5326,4.62,-2.1004,44.8781,4.2507
6.5786,4.6008,-1.9224,45.6803,4.2169
6.6244,4.5833,-1.7432,46.4879,4.1866
6.6701,4.5677,-1.5609,47.3001,4.1598
6.7157,4.554,-1.3752,48.1162,4.1364
6.761,4.5421,-1.1858,48.9357,4.1167
6.8064,4.5322,-0.9908,49.7586,4.1005
6.8516,4.5243,-0.7936,50.5843,4.0879
6.8968,4.5184,-0.589,51.4119,4.0792
6.9419,4.5146,-0.3796,52.241,4.0742
6.9871,4.513,-0.1626,53.0712,4.0733
7.0322,4.5136,0.0617,53.9015,4.0765
7.0774,4.5165,0.2947,54.7309,4.084
7.1226,4.5219,0.5377,55.5594,4.096
7.1679,4.5298,0.7922,56.3858,4.1127
7.2133,4.5404,1.0592,57.2094,4.1344
7.2589,4.5538,1.3417,58.0296,4.1616
7.3046,4.5702,1.6407,58.8454,4.1944
7.3505,4.5898,1.9606,59.6561,4.2334
7.3966,4.6129,2.3028,60.4608,4.2793
7.443,4.6396,2.6724,61.2587,4.3325
7.4897,4.6703,3.0744,62.0493,4.394
7.5367,4.7055,3.5184,62.8308,4.4645
7.5842,4.7455,3.9992,63.6028,4.5455
7.6321,4.791,4.5445,64.3645,4.6382
7.6805,4.8405,4.9545,65.1141,4.7444
7.7294,4.8905,4.9993,65.85,4.8663
7.7788,4.9405,4.9996,66.5705,5.0063
7.8287,4.9905,4.9999,67.2733,5.1679
7.8791,5.0405,5.0025,67.9556,5.3548
7.93,5.0905,4.9981,68.6152,5.5727
7.9814,5.1405,4.9986,69.2503,5.8289
8.0334,5.1905,5.0013,69.858,6.1326
8.0857,5.2405,5.0017,70.4351,6.4968
8.1386,5.2905,4.9977,70.9795,6.9414
8.1916,5.2938,0.3354,71.4863,7.4882
8.244,5.2439,-4.9951,71.9486,8.1679
8.296,5.1939,-5.0007,72.3632,9.034
8.3474,5.1439,-4.9983,72.7299,10.1754
8.3983,5.0939,-5.0003,73.0482,11.7442
8.4488,5.0439,-5.0002,73.3175,14.0362
8.4987,4.9939,-5.0001,73.5374,17.6959
8.5482,4.9439,-5.0001,73.7075,24.4674
8.5971,4.8939,-5,73.8274,41.2444
8.6455,4.8439,-5,73.8966,153.477
8.6935,4.7939,-4.9999,73.9147,82.7586
8.7409,4.7439,-4.9999,73.8812,32.569
8.7878,4.6939,-4.9998,73.7956,20.3122
8.8343,4.6439,-4.9997,73.6574,14.7843
8.8802,4.5939,-4.9996,73.466,11.6375
8.9256,4.5439,-5.0018,73.2209,9.6064
8.9706,4.4939,-4.9971,72.9214,8.1864
9.0151,4.4439,-5.0015,72.5671,7.1397
9.059,4.3939,-5.0012,72.1576,6.3369
9.1024,4.3439,-4.9986,71.6923,5.702
9.1454,4.2939,-5.0005,71.1706,5.1883
9.1878,4.2439,-5.0001,70.5926,4.7648
9.2298,4.1939,-4.9972,69.9573,4.4101
9.2712,4.1439,-5.0037,69.2654,4.1101
9.3121,4.0939,-4.9982,68.5169,3.8533
9.3526,4.0439,-4.9998,67.7117,3.6319
9.3925,3.9939,-4.9988,66.8503,3.4397
9.4319,3.9439,-5.0026,65.9342,3.2722
9.4709,3.8939,-4.9966,64.9639,3.1254
9.5093,3.8439,-5.0027,63.9412,2.9967
9.5472,3.7939,-4.9988,62.8683,2.8835
9.5847,3.7439,-4.9998,61.747,2.7839
9.6216,3.6939,-4.9982,60.5799,2.6962
9.6581,3.6439,-5.0015,59.3705,2.6194
9.694,3.5951,-4.883,58.1222,2.5521
9.7295,3.5511,-4.4038,56.8381,2.4934
9.7646,3.5123,-3.8767,55.5207,2.4424
9.7995,3.4784,-3.389,54.1712,2.3984
9.834,3.4541,-2.4319,52.8719,115.3995
9.8689,3.4865,3.2451,52.5526,69.6713
9.9042,3.5365,5.0007,52.5232,49.9689
9.9401,3.5865,5.0005,52.4816,39.1489
9.9764,3.6365,5.0002,52.4274,32.2225
10.0133,3.6865,5,52.3602,27.4317
10.0507,3.7365,4.9998,52.2799,23.929
10.0885,3.7865,4.9996,52.186,21.2495
10.1269,3.8365,4.9994,52.0784,19.138
10.1658,3.8865,5.0021,51.9567,17.436
10.2051,3.9365,4.999,51.8207,16.0276
10.245,3.9865,4.9988,51.67,14.8465
10.2853,4.0365,5.0014,51.5045,13.8415
10.3262,4.0865,4.9984,51.3238,12.977
10.3676,4.1365,5.001,51.1277,12.226
10.4095,4.1865,5.0007,50.9161,11.5674
10.4518,4.2365,4.9978,50.6886,10.985
10.4947,4.2865,5.003,50.445,10.4681
10.5381,4.3365,4.9974,50.1852,10.0045
10.5819,4.3865,5.0024,49.909,9.5885
10.6263,4.4365,4.9995,49.6162,9.2124
10.6711,4.4865,4.9993,49.3065,8.8716
10.7165,4.5365,4.999,48.9797,8.561
10.7624,4.5865,5.0013,48.6359,8.2779
10.8087,4.6365,5.001,48.2749,8.0188
10.8556,4.6865,4.9981,47.8966,7.7806
10.903,4.7365,5.0003,47.5008,7.5618
10.9509,4.7865,5,47.0876,7.3605
10.9992,4.8365,5.0021,46.657,7.175
11.0481,4.8865,4.9992,46.2091,7.0037
11.0974,4.9365,4.9989,45.7436,6.8454
11.1473,4.9865,5.0009,45.2607,6.6993
11.1976,5.0365,5.0004,44.7606,6.5644
11.2486,5.0865,4.9976,44.2432,6.4397
11.2999,5.1366,5.0019,43.7087,6.3247
11.3518,5.1865,5.0014,43.1577,6.2188
11.4041,5.2365,4.9985,42.5902,6.1214
11.457,5.2865,5.0004,42.0064,6.032
11.5104,5.3365,4.9998,41.4065,5.9502
11.5642,5.3865,5.0016,40.7913,5.8757
11.6183,5.4039,1.7368,40.1627,5.8084
11.672,5.3749,-2.9017,39.5259,5.7485
11.7255,5.3486,-2.6313,38.8846,5.6954
11.7787,5.3252,-2.3365,38.2394,5.6487
11.8318,5.3047,-2.0566,37.5904,5.6079
11.8847,5.2867,-1.7941,36.9376,5.5726
11.9374,5.2713,-1.5456,36.2822,5.5426
11.99,5.2582,-1.3069,35.6244,5.5175
12.0424,5.2474,-1.0802,34.9643,5.4972
12.0948,5.2388,-0.8629,34.3024,5.4813
12.1472,5.2322,-0.6536,33.6391,5.4697
12.1994,5.2277,-0.4526,32.9749,5.4623
12.2517,5.2251,-0.2577,32.3101,5.4589
12.3039,5.2244,-0.0694,31.6449,5.4594
12.3562,5.2256,0.1134,30.9801,5.4637
12.4085,5.2285,0.291,30.3155,5.4715
12.4608,5.2331,0.4645,29.6513,5.4831
12.5132,5.2394,0.6337,28.9883,5.4981
12.5657,5.2474,0.7989,28.3266,5.5166
12.6182,5.257,0.9614,27.6666,5.5384
12.6709,5.2682,1.1194,27.0083,5.5637
12.7237,5.281,1.2762,26.352,5.5923
12.7767,5.2953,1.4301,25.6982,5.6242
12.8298,5.3111,1.5806,25.0469,5.6594
12.8831,5.3284,1.7309,24.3986,5.6978
12.9365,5.3472,1.8773,23.7536,5.7395
12.9902,5.3674,2.0218,23.1115,5.7845
13.0441,5.3891,2.1683,22.473,5.8327
13.0982,5.4122,2.3084,21.8383,5.8843
13.1526,5.4367,2.4511,21.2073,5.9391
13.2072,5.4626,2.5899,20.5804,5.9972
13.2621,5.4899,2.7305,19.9579,6.0587
13.3173,5.5186,2.8654,19.3395,6.1235
13.3728,5.5486,3.0061,18.7255,6.1917
13.4286,5.58,3.1408,18.1165,6.2633
13.4847,5.6128,3.2765,17.5123,6.3384
13.5412,5.6469,3.4099,16.9128,6.417
13.598,5.6823,3.5465,16.3182,6.4991
13.6552,5.7191,3.6785,15.7287,6.5848
13.7128,5.7573,3.8145,15.1443,6.6741
13.7707,5.7967,3.9455,14.5653,6.7671
13.8291,5.8375,4.0786,13.9914,6.8641
13.8879,5.8796,4.2139,13.4231,6.9646
13.9472,5.9231,4.3414,12.8602,7.0691
14.0068,5.9678,4.4789,12.3028,7.1774
14.067,6.0139,4.6059,11.7511,7.2899
14.1276,6.0613,4.7408,11.2047,7.4064
14.1887,6.1101,4.8699,10.6638,7.5272
14.2503,6.1598,4.983,10.1287,7.652
14.3124,6.2098,4.998,9.5996,7.7812
14.375,6.2598,4.9978,9.0758,7.915
14.4381,6.3099,5.0035,8.5581,8.0529
14.5016,6.3598,5.0002,8.0467,8.1952
14.5658,6.4098,4.997,7.5412,8.3423
14.6304,6.4598,5.0028,7.0418,8.4936
14.6955,6.5098,4.9996,6.5488,8.6498
14.7611,6.5598,4.9994,6.062,8.8105
14.8272,6.6099,4.9992,5.5814,8.9761
14.8938,6.6599,5.0021,5.1072,9.1464
14.9609,6.7099,4.9989,4.6395,9.3215
15.0285,6.7562,4.6361,4.1781,9.5016
15.0957,6.7329,-2.335,3.726,9.6842
15.1626,6.6829,-4.9967,3.2856,9.8692
15.2289,6.6329,-5.0008,2.8574,10.0561
15.2947,6.5829,-5.0019,2.4413,10.2451
15.3601,6.5329,-4.9962,2.0365,10.4358
15.4249,6.4829,-5.0039,1.643,10.6283
15.4893,6.4329,-4.9981,1.2603,10.8225
15.553,6.3829,-5.0025,0.8882,11.0179
15.6164,6.3329,-4.9964,0.526,11.2152
15.6792,6.2829,-5.0045,0.1736,11.4134
15.7416,6.2424,-4.0445,-0.2604,7.7523
15.8037,6.2102,-3.2257,-0.7855,7.675
15.8655,6.1795,-3.0691,-1.3141,7.6001
15.9271,6.1496,-2.9895,-1.846,7.5275
15.9883,6.1205,-2.9096,-2.3812,7.4573
16.0492,6.0922,-2.8299,-2.9196,7.3893
16.1098,6.0647,-2.7499,-3.4611,7.3236
16.1702,6.038,-2.67,-4.0055,7.2601
16.2303,6.0121,-2.5878,-4.5532,7.1988
16.2902,5.987,-2.5097,-5.104,7.1397
16.3498,5.9627,-2.4275,-5.658,7.0827
16.4092,5.9392,-2.3488,-6.2149,7.0279
16.4684,5.9166,-2.2665,-6.7745,6.9751
16.5273,5.8947,-2.1874,-7.3369,6.9246
16.5861,5.8737,-2.1048,-7.9019,6.876
16.6446,5.8534,-2.0237,-8.4696,6.8296
16.7029,5.834,-1.9439,-9.0397,6.7853
16.7611,5.8154,-1.8594,-9.6123,6.7429
16.8191,5.7976,-1.779,-10.1877,6.7026
16.8768,5.7806,-1.6981,-10.765,6.6643
16.9345,5.7645,-1.6133,-11.3443,6.6281
16.992,5.7492,-1.5305,-11.9264,6.5938
17.0493,5.7347,-1.4495,-12.5102,6.5616
17.1065,5.7211,-1.3639,-13.0956,6.5313
17.1636,5.7083,-1.28,-13.6832,6.503
17.2206,5.6963,-1.1964,-14.2724,6.4767
17.2775,5.6852,-1.1098,-14.8634,6.4524
17.3342,5.6749,-1.0257,-15.4561,6.4301
17.3909,5.6655,-0.9388,-16.0497,6.4098
17.4474,5.657,-0.8519,-16.6446,6.3915
17.5039,5.6494,-0.7644,-17.2404,6.3753
17.5603,5.6426,-0.6755,-17.8375,6.3611
17.6167,5.6368,-0.5862,-18.4359,6.3488
17.6731,5.6318,-0.4963,-19.0349,6.3387
17.7293,5.6278,-0.4046,-19.6345,6.3306
17.7856,5.6246,-0.3121,-20.2346,6.3246
17.8418,5.6224,-0.2183,-20.8351,6.3208
17.898,5.6212,-0.123,-21.4356,6.3191
17.9542,5.621,-0.0261,-22.0364,6.3196
18.0104,5.6217,0.0723,-22.637,6.3223
18.0666,5.6234,0.1728,-23.2373,6.3274
18.1229,5.6262,0.2752,-23.8377,6.3348
18.1792,5.63,0.3806,-24.4374,6.3445
18.2355,5.6348,0.4875,-25.0363,6.3567
18.2919,5.6408,0.5982,-25.6346,6.3715
18.3484,5.6479,0.7119,-26.232,6.3889
18.405,5.6562,0.8287,-26.8286,6.4089
18.4617,5.6657,0.9511,-27.4239,6.432
18.5184,5.6765,1.0772,-28.0173,6.4579
18.5753,5.6886,1.2075,-28.609,6.4869
18.6323,5.702,1.3448,-29.1993,6.5192
18.6894,5.7041,0.2049,-29.7871,6.5549
18.746,5.6587,-4.5413,-30.3688,6.5938
18.8021,5.6087,-5.0011,-30.9415,6.636
18.8577,5.5587,-4.998,-31.505,6.6815
18.9128,5.5087,-5.0009,-32.0591,6.7306
18.9673,5.4587,-5.0008,-32.6034,6.7834
19.0214,5.4087,-5.0008,-33.1376,6.84
19.075,5.3587,-4.9978,-33.6619,6.9008
19.1281,5.3087,-5.0008,-34.1761,6.9659
19.1807,5.2587,-4.9978,-34.6802,7.0356
19.2327,5.2087,-5.0038,-35.1736,7.1104
19.2843,5.1587,-4.9978,-35.6562,7.1904
19.3354,5.1087,-4.9979,-36.1284,7.2762
19.386,5.0587,-5.0039,-36.5895,7.3683
19.4361,5.0087,-4.998,-37.0393,7.4672
19.4857,4.9587,-5.0011,-37.478,7.5736
19.5348,4.9087,-4.9983,-37.9053,7.6885
19.5833,4.8587,-5.0014,-38.3211,7.8126
19.6314,4.8087,-4.9986,-38.7251,7.9473
19.679,4.7587,-5.0017,-39.1173,8.0937
19.7261,4.7087,-4.999,-39.4973,8.2534
19.7727,4.6587,-4.9992,-39.8653,8.4285
19.8188,4.6087,-5.0024,-40.2206,8.6211
19.8644,4.5587,-4.9967,-40.5633,8.8346
19.9095,4.5087,-5.003,-40.8932,9.0713
19.9541,4.4587,-4.9973,-41.2098,9.337
19.9982,4.4087,-5.0007,-41.5131,9.6369
20.0417,4.3587,-5.001,-41.8026,9.9773
20.0848,4.3087,-5.0015,-42.0778,10.3678
20.1274,4.2587,-4.9989,-42.3385,10.821
20.1695,4.2087,-4.9994,-42.5844,11.3536
20.2111,4.1587,-4.9999,-42.8149,11.9876
20.2521,4.1087,-5.0005,-43.0296,12.7565
20.2928,4.0587,-4.9981,-43.228,13.7114
20.3328,4.0087,-5.0017,-43.4092,14.9216
20.3724,3.9587,-4.9994,-43.5727,16.5115
20.4115,3.9087,-5.0031,-43.7175,18.6882
20.4501,3.8587,-4.9951,-43.8429,21.8707
20.4882,3.8087,-5.0048,-43.9479,26.9251
20.5258,3.7587,-4.9969,-44.0313,36.2161
20.5628,3.7087,-5.0009,-44.0919,59.0407
20.5994,3.6587,-4.9991,-44.1282,196.2947
20.6355,3.6087,-5.0003,-44.1385,119.7424
20.6711,3.5587,-5.0017,-44.1211,43.8946
20.7062,3.5087,-4.9974,-44.0738,26.0576
20.7408,3.4587,-5.0018,-43.9941,18.114
20.7749,3.4087,-5.0007,-43.8792,13.6236
20.8084,3.3587,-4.9998,-43.7259,10.7384
20.8415,3.3087,-4.9991,-43.5303,8.7327
20.8741,3.2587,-4.9987,-43.2878,7.2606
20.9062,3.2087,-5.0013,-42.9933,6.1383
20.9378,3.1587,-5.0014,-42.6406,5.2569
20.9689,3.1087,-4.9992,-42.2224,4.5485
20.9995,3.0587,-5.0002,-41.7295,3.9691
21.0296,3.0087,-4.999,-41.1511,3.4883
21.0592,2.9587,-5.0009,-40.4741,3.0854
21.0882,2.9087,-5.0009,-39.6825,2.7449
21.1168,2.8587,-4.9992,-38.7559,2.4552
21.1449,2.8087,-5.0009,-37.669,2.2078
21.1725,2.7587,-4.9988,-36.3894,1.996
21.1996,2.7087,-5.0002,-34.8756,1.8147
21.2262,2.6587,-5.0005,-33.0745,1.6599
21.2522,2.6087,-5.0019,-30.9176,1.5285
21.2779,2.5587,-4.9961,-28.3119,1.4176
21.3029,2.5087,-5.0013,-25.1384,1.3255
21.3275,2.4587,-5.0013,-21.2505,1.2506
21.3516,2.4087,-4.996,-16.4657,1.1915
21.3752,2.3587,-5.0006,-10.5996,1.1474
21.3983,2.3089,-4.9851,-3.5628,1.0469
21.4214,2.3087,-0.0187,-7.3689,1.0886
21.4449,2.3574,4.8648,-17.7401,1.152
21.469,2.4074,5.0029,-24.8838,1.2361
21.4936,2.4574,4.9982,-29.9573,1.3407
21.5187,2.5073,5.0002,-33.7103,1.4657
21.5442,2.5573,4.9979,-36.5902,1.6113
21.5703,2.6073,4.9985,-38.8694,1.7781
21.5969,2.6573,4.9999,-40.7179,1.9667
21.624,2.7073,4.9986,-42.248,2.178
21.6516,2.7573,4.9989,-43.5359,2.4134
21.6796,2.8073,5.0023,-44.6342,2.6737
21.7082,2.8573,4.9967,-45.5821,2.9611
21.7372,2.9073,5.0023,-46.4081,3.2769
21.7668,2.9573,4.9962,-47.1337,3.6241
21.7969,3.0073,4.9991,-47.776,4.0048
21.8275,3.0573,5.0012,-48.3472,4.4216
21.8585,3.1073,5.0025,-48.8575,4.8775
21.8901,3.1573,4.9958,-49.3157,5.3777
21.9222,3.2073,4.9995,-49.7288,5.9262
21.9548,3.2573,5.0028,-50.1019,6.5275
21.9878,3.3073,4.9982,-50.4397,7.1888
22.0214,3.3573,4.997,-50.7464,7.9184
22.0555,3.4073,5.0032,-51.0251,8.7233
22.0901,3.4573,4.9976,-51.2785,9.616
22.1252,3.5073,4.9995,-51.5092,10.6088
22.1607,3.5573,5.0013,-51.719,11.7177
22.1968,3.6073,4.999,-51.9099,12.9627
22.2334,3.6573,5.0005,-52.0833,14.3686
22.2704,3.7072,5.0019,-52.2407,15.9669
22.308,3.7572,4.9951,-52.3832,17.8011
22.346,3.8072,5.0043,-52.5119,19.9239
22.3846,3.8572,4.9973,-52.6277,22.4036
22.4237,3.9072,4.9983,-52.7315,25.3444
22.4633,3.9573,4.9993,-52.824,28.8882
22.5034,4.0073,5.0042,-52.9057,33.2448
22.5439,4.0572,4.9969,-52.9773,38.7028
22.585,4.1072,5.0018,-53.0392,45.7499
22.6266,4.1572,4.9985,-53.0921,55.2765
22.6686,4.2072,4.9992,-53.1362,68.7605
22.7112,4.2572,4.9999,-53.172,89.6268
22.7543,4.3072,5.0005,-53.1997,125.1272
22.7978,4.3572,5.0011,-53.2197,201.4476
22.8419,4.4072,4.9976,-53.2321,499.8277
22.8865,4.4572,4.9982,-53.2374,1341.0399
22.9316,4.5072,5.0029,-53.2355,297.706
22.9772,4.5572,4.9993,-53.2269,172.0356
23.0232,4.6072,4.9998,-53.2115,121.7507
23.0698,4.6572,5.0003,-53.1895,95.2072
23.1169,4.7072,4.9968,-53.1611,78.9014
23.1644,4.7572,5.0054,-53.1263,67.7601
23.2125,4.8072,4.9937,-53.0852,59.5335
23.2611,4.8572,5.0022,-53.0379,53.3089
23.3101,4.9072,5.0027,-52.9845,48.4131
23.3598,4.9572,4.9951,-52.925,44.4502
23.4098,5.0072,5.0036,-52.8594,41.1674
23.4603,5.0572,5,-52.7877,38.3875
23.5114,5.1072,4.9965,-52.7099,36.0011
23.563,5.1572,5.0009,-52.6259,33.9278
23.6151,5.2072,5.0013,-52.5359,32.1138
23.6677,5.2572,4.9978,-52.4397,30.501
23.7207,5.3072,5.0022,-52.3372,29.0484
23.7743,5.3572,4.9987,-52.2285,27.7412
23.8284,5.4072,4.9991,-52.1133,26.5514
23.883,5.4572,4.9996,-51.9916,25.4585
23.9381,5.5072,5,-51.8634,24.454
23.9936,5.5572,5.0005,-51.7284,23.5213
24.0497,5.6072,5.0009,-51.5867,22.6537
24.1063,5.6572,4.9976,-51.4379,21.842
24.1633,5.7072,5.0018,-51.282,21.08
24.2209,5.7572,4.9985,-51.1188,20.3603
24.2789,5.8072,5.0027,-50.9481,19.6802
24.3375,5.8572,4.9958,-50.7696,19.0326
24.3966,5.9072,5,-50.5831,18.417
24.4562,5.9572,5.0005,-50.3883,17.828
24.5163,6.0072,5.001,-50.1851,17.2651
24.5768,6.0572,5.0015,-49.9733,16.7243
24.6379,6.1072,4.9949,-49.7522,16.2032
24.6995,6.1572,5.0026,-49.5216,15.7009
24.7615,6.2072,4.9996,-49.2814,15.2163
24.8241,6.2571,5.0002,-49.0309,14.747
24.8872,6.3072,4.9973,-48.7698,14.2914
24.9508,6.3572,5.0014,-48.4976,13.8503
25.0148,6.4071,5.002,-48.214,13.4212
25.0794,6.4571,4.9959,-47.9183,13.0035
25.1442,6.4874,3.0264,-47.6103,12.5984
25.2087,6.4443,-4.3098,-47.2921,12.2084
25.2726,6.3943,-5.0002,-46.9651,11.834
25.3361,6.3443,-5.0007,-46.6295,11.4731
25.399,6.2943,-5.0013,-46.2852,11.1257
25.4615,6.2443,-4.9983,-45.932,10.7904
25.5235,6.1943,-4.9988,-45.5693,10.4666
25.5849,6.1442,-5.0028,-45.1975,10.1541
25.6458,6.0942,-4.9997,-44.8162,9.8522
25.7063,6.0442,-5.0001,-44.4252,9.5602
25.7662,5.9942,-5.0005,-44.0243,9.2778
25.8256,5.9443,-5.0009,-43.6133,9.0046
25.8846,5.8943,-4.9977,-43.1918,8.7399
25.943,5.8442,-5.0016,-42.7596,8.4839
26.0009,5.7943,-5.002,-42.3167,8.2362
26.0584,5.7443,-4.9949,-41.8624,7.9957
26.1153,5.6943,-5.0063,-41.3968,7.7636
26.1718,5.6443,-4.9954,-40.9196,7.5381
26.2277,5.5943,-5.0031,-40.4302,7.3202
26.2832,5.5443,-4.9959,-39.9285,7.1088
26.3381,5.4942,-5.0036,-39.4141,6.9044
26.3926,5.4442,-5,-38.8872,6.7065
26.4465,5.3943,-5.0002,-38.3472,6.515
26.4999,5.3443,-5.0003,-37.7937,6.3297
26.5529,5.2943,-4.9966,-37.2261,6.1502
26.6053,5.2443,-5.0044,-36.6446,5.9769
26.6573,5.1943,-4.9968,-36.0488,5.8091
26.7087,5.1442,-5.0007,-35.4379,5.647
26.7597,5.0942,-5.0007,-34.8123,5.4906
26.8101,5.0442,-5.0008,-34.1716,5.3395
26.8601,4.9942,-4.9968,-33.515,5.1935
26.9095,4.9442,-5.0047,-32.8427,5.053
26.9584,4.8942,-4.9967,-32.1545,4.9173
27.0069,4.8442,-5.0005,-31.4496,4.7867
27.0548,4.7942,-5.0004,-30.7283,4.6609
27.1023,4.7442,-5.0003,-29.9904,4.5399
27.1492,4.6942,-5.0001,-29.2356,4.4235
27.1956,4.6443,-4.9999,-28.4637,4.3118
27.2416,4.5943,-4.9996,-27.6745,4.2045
27.287,4.5443,-4.9993,-26.868,4.1015
27.332,4.4942,-4.999,-26.0439,4.0029
27.3764,4.4442,-5.0027,-25.2029,3.9085
27.4204,4.3943,-4.9982,-24.3448,3.8183
27.4638,4.3444,-4.9908,-23.4698,3.7321
27.5067,4.2957,-4.8719,-22.5778,3.6498
27.5492,4.2486,-4.7007,-21.6681,3.5713
27.5913,4.2033,-4.5294,-20.7408,3.4965
27.6329,4.1597,-4.3626,-19.7968,3.4255
27.674,4.1178,-4.1889,-18.8363,3.3579
27.7148,4.0776,-4.016,-17.8578,3.2937
27.7552,4.0391,-3.8539,-16.8623,3.2329
27.7952,4.0024,-3.6788,-15.8502,3.1753
27.8349,3.9672,-3.5108,-14.8198,3.1208
27.8743,3.9337,-3.346,-13.7726,3.0695
27.9133,3.902,-3.1786,-12.7097,3.0213
27.952,3.8719,-3.0087,-11.6307,2.976
27.9904,3.8435,-2.842,-10.5351,2.9335
28.0286,3.8167,-2.6753,-9.4235,2.8939
28.0665,3.7916,-2.5112,-8.2975,2.8571
28.1042,3.7682,-2.3427,-7.1577,2.8231
28.1416,3.7464,-2.1767,-6.0038,2.7917
28.1789,3.7263,-2.0089,-4.8355,2.7629
28.216,3.7078,-1.8466,-3.6548,2.7368
28.2529,3.6911,-1.6792,-2.4636,2.7132
28.2896,3.6759,-1.5137,-1.2617,2.6922
28.3264,3.6685,-0.746,-0.1334,5.9923
28.3635,3.71,4.1499,0.4036,5.9589
28.401,3.76,5.0003,0.8316,5.925
28.4391,3.81,5.0006,1.2681,5.8908
28.4778,3.86,4.997,1.7137,5.8562
28.5168,3.91,5.0052,2.1681,5.8214
28.5565,3.9599,4.9939,2.6317,5.7861
28.5965,4.0099,5.0057,3.1047,5.7506
28.6372,4.0599,4.9948,3.587,5.7147
28.6782,4.11,5.0026,4.0793,5.6785
28.7199,4.16,4.9993,4.5813,5.6421
28.762,4.21,4.9996,5.0934,5.6053
28.8045,4.26,5.0034,5.6153,5.5682
28.8476,4.3099,4.9968,6.1477,5.5309
28.8912,4.3599,5.0006,6.691,5.4933
28.9353,4.4099,5.0009,7.2449,5.4554
28.9799,4.4599,4.998,7.8099,5.4173
29.025,4.5099,5.0016,8.3863,5.379
29.0706,4.5599,4.9987,8.9741,5.3404
29.1168,4.61,4.9991,9.5739,5.3016
29.1633,4.66,5.0025,10.1854,5.2627
29.2104,4.7099,4.9997,10.8089,5.2236
29.258,4.7599,5,11.4449,5.1843
29.3061,4.8099,5.0003,12.0935,5.1449
29.3547,4.8599,4.9977,12.7553,5.1053
29.4038,4.91,5.0009,13.4305,5.0657
29.4534,4.96,5.0012,14.1189,5.026
29.5034,4.9974,3.7499,14.82,4.9864
29.5532,4.9833,-1.4119,15.5298,4.9471
29.6028,4.9637,-1.9584,16.2442,4.9085
29.6523,4.9444,-1.9373,16.9627,4.8703
29.7016,4.9252,-1.919,17.6858,4.8327
29.7506,4.9062,-1.9,18.4127,4.7957
29.7995,4.8874,-1.8772,19.1439,4.7591
29.8482,4.8688,-1.8579,19.8793,4.7232
29.8967,4.8505,-1.8347,20.6185,4.6878
29.945,4.8323,-1.811,21.3625,4.653
29.9932,4.8144,-1.7896,22.1108,4.6188
30.0411,4.7968,-1.7644,22.863,4.5851
30.0889,4.7794,-1.7405,23.6191,4.5522
30.1365,4.7623,-1.713,24.3796,4.5197
30.184,4.7454,-1.6885,25.1444,4.488
30.2313,4.7288,-1.6605,25.9131,4.4568
30.2784,4.7125,-1.6326,26.6863,4.4263
30.3254,4.6964,-1.6041,27.4637,4.3964
30.3722,4.6807,-1.5755,28.2451,4.3672
30.4188,4.6652,-1.5445,29.0304,4.3387
30.4653,4.6501,-1.5136,29.82,4.3108
30.5117,4.6353,-1.4828,30.6134,4.2836
30.5579,4.6208,-1.4495,31.4107,4.2571
30.604,4.6066,-1.4162,32.2122,4.2313
30.6499,4.5928,-1.383,33.0175,4.2063
30.6957,4.5793,-1.3474,33.8266,4.1819
30.7413,4.5662,-1.3126,34.6393,4.1583
30.7869,4.5534,-1.2755,35.4557,4.1354
30.8323,4.541,-1.239,36.2756,4.1132
30.8776,4.529,-1.2005,37.0991,4.0918
30.9227,4.5174,-1.1625,37.9261,4.0711
30.9678,4.5062,-1.1224,38.7564,4.0513
31.0127,4.4954,-1.0828,39.5901,4.0322
31.0576,4.4849,-1.0413,40.4271,4.0138
31.1023,4.4749,-1.0002,41.2672,3.9964
31.147,4.4654,-0.9571,42.1104,3.9796
31.1916,4.4562,-0.9146,42.9567,3.9637
31.2361,4.4475,-0.8707,43.8053,3.9486
31.2805,4.4392,-0.8256,44.6567,3.9343
31.3247,4.4314,-0.7813,45.5104,3.9209
31.369,4.4241,-0.734,46.3666,3.9083
31.4132,4.4172,-0.6886,47.2252,3.8966
31.4573,4.4108,-0.6406,48.0858,3.8857
31.5013,4.4049,-0.593,48.9485,3.8756
31.5453,4.3994,-0.5441,49.8133,3.8665
31.5893,4.3945,-0.4954,50.6796,3.8582
31.6332,4.39,-0.4451,51.5472,3.8509
31.677,4.3861,-0.395,52.4164,3.8443
31.7208,4.3826,-0.344,53.2867,3.8388
31.7647,4.3797,-0.2923,54.1583,3.8341
31.8084,4.3773,-0.2405,55.0307,3.8304
31.8522,4.3754,-0.1877,55.9035,3.8276
31.8959,4.3741,-0.1346,56.7773,3.8256
31.9397,4.3733,-0.081,57.6513,3.8247
31.9834,4.373,-0.0269,58.5254,3.8247
32.0271,4.3733,0.0277,59.3993,3.8257
32.0709,4.3741,0.0826,60.2734,3.8276
32.1146,4.3755,0.1382,61.1471,3.8305
32.1584,4.3774,0.1939,62.0202,3.8344
32.2022,4.3799,0.2504,62.8924,3.8393
32.246,4.383,0.3066,63.7636,3.8452
32.2899,4.3866,0.364,64.6337,3.852
32.3338,4.3909,0.4209,65.5025,3.86
32.3778,4.3956,0.4788,66.3702,3.8689
32.4218,4.401,0.5368,67.2362,3.8788
32.4659,4.407,0.5951,68.1004,3.8898
32.5099,4.4135,0.6539,68.962,3.9019
32.5542,4.4206,0.7119,69.8214,3.915
32.5984,4.4283,0.7714,70.6788,3.9292
32.6428,4.4366,0.8306,71.5338,3.9444
32.6873,4.4455,0.8901,72.386,3.9608
32.7318,4.455,0.9498,73.2353,3.9783
32.7765,4.4651,1.0096,74.0815,3.9968
32.8212,4.4758,1.0696,74.9246,4.0165
32.8661,4.4871,1.1298,75.7642,4.0373
32.9111,4.499,1.1901,76.6004,4.0593
32.9562,4.5115,1.2505,77.4328,4.0824
33.0015,4.5247,1.3111,78.2615,4.1067
33.0469,4.5384,1.3716,79.0861,4.1321
33.0923,4.5527,1.4332,79.9062,4.1588
33.1381,4.5676,1.4913,80.7226,4.1866
33.1839,4.5832,1.5548,81.5351,4.2157
33.2299,4.5993,1.6147,82.3426,4.2459
33.276,4.6161,1.6756,83.1455,4.2774
33.3224,4.6334,1.7365,83.9437,4.3102
33.3689,4.6514,1.7974,84.7371,4.3442
33.4156,4.67,1.8583,85.5255,4.3795
33.4625,4.6891,1.9074,86.3094,4.416
33.5092,4.6701,-1.8931,87.0849,4.4535
33.5554,4.6201,-4.9962,87.8464,4.4918
33.6011,4.5701,-5.0026,88.5918,4.5308
33.6463,4.5201,-4.9999,89.3207,4.5703
33.691,4.4683,-5.1836,90.0319,4.5792
33.7351,4.4201,-4.8218,90.7379,4.3828
33.7788,4.3701,-4.9994,91.4732,4.2002
33.8221,4.3201,-4.9989,92.2413,4.0306
33.8648,4.2701,-5.0006,93.0425,3.8729
33.907,4.2201,-4.9999,93.877,3.7264
33.9486,4.1701,-5.0015,94.7451,3.5905
33.9898,4.1201,-4.9985,95.647,3.4642
34.0305,4.0701,-4.9998,96.5832,3.3472
34.0708,4.0201,-4.9989,97.5535,3.2386
34.1105,3.9701,-5.0001,98.5576,3.1381
34.1497,3.9201,-5.0013,99.5944,3.0453
34.1884,3.8701,-4.9978,100.6637,2.9595
34.2266,3.8201,-5.001,101.7647,2.8806
34.2643,3.7708,-4.9306,102.8957,2.8082
34.3015,3.7245,-4.6299,104.0564,2.7417
34.3383,3.6816,-4.2943,105.2459,2.6809
34.3747,3.6419,-3.9653,106.4633,2.6255
34.4108,3.6055,-3.6462,107.7083,2.5751
34.4465,3.5721,-3.3374,108.9804,2.5296
34.482,3.5417,-3.0376,110.2775,2.4887
34.5171,3.5143,-2.7421,111.5979,2.4522
34.552,3.4897,-2.4542,112.9405,2.4199
34.5867,3.468,-2.1707,114.3042,2.3917
34.6212,3.4491,-1.8941,115.6867,2.3675
34.6555,3.4329,-1.621,117.0854,2.3471
34.6897,3.4194,-1.3512,118.4985,2.3304
34.7238,3.4085,-1.0861,119.9236,2.3174
34.7578,3.4003,-0.823,121.3584,2.308
34.7917,3.3946,-0.5631,122.8009,2.302
34.8256,3.3916,-0.3057,124.2477,2.2996
34.8595,3.3911,-0.0501,125.6957,2.3007
34.8935,3.3931,0.2037,127.1428,2.3051
34.9275,3.3977,0.456,128.5872,2.3131
34.9615,3.4048,0.7075,130.0256,2.3244
34.9957,3.4143,0.9573,131.4556,2.3392
35.0299,3.4264,1.2074,132.8747,2.3574
35.0643,3.441,1.4564,134.28,2.3792
35.0989,3.458,1.7034,135.6708,2.4045
35.1337,3.4775,1.9547,137.0444,2.4334
35.1687,3.4995,2.2002,138.399,2.4659
35.2039,3.5241,2.4514,139.7336,2.5022
35.2394,3.551,2.6995,141.046,2.5423
35.2752,3.5805,2.9494,142.3355,2.5864
35.3114,3.6126,3.1985,143.6015,2.6344
35.3478,3.6471,3.4537,144.8425,2.6866
35.3847,3.6841,3.703,146.0576,2.7431
35.4219,3.7237,3.9589,147.2466,2.804
35.4596,3.7658,4.2124,148.409,2.8694
35.4977,3.8105,4.4717,149.5443,2.9394
35.5362,3.8578,4.7257,150.6528,3.0144
35.5753,3.9073,4.9495,151.7348,3.0944
35.6149,3.9573,4.9998,152.7896,3.1796
35.655,4.0073,5.0014,153.8167,3.2701
35.6955,4.0573,5.0005,154.8157,3.3661
35.7366,4.1073,4.9971,155.7872,3.4678
35.7782,4.1573,5.0042,156.7307,3.575
35.8203,4.2073,4.9957,157.6465,3.6884
35.8628,4.2573,5.003,158.5351,3.8077
35.9059,4.3073,4.9999,159.3961,3.9331
35.9494,4.3573,5.0021,160.2301,4.0648
35.9935,4.4073,4.9964,161.0383,4.2032
36.0381,4.4573,5.0015,161.8213,4.3481
36.0832,4.5073,5.0012,162.5788,4.4998
36.1288,4.5573,4.9983,163.3121,4.6584
36.1749,4.6073,5.0009,164.0219,4.8241
36.2214,4.6573,5.0008,164.7085,4.997
36.2685,4.7073,5.0007,165.3726,5.1773
36.3161,4.7573,4.9979,166.0153,5.3652
36.3642,4.8073,5.0006,166.6373,5.5608
36.4127,4.8573,5.0007,167.239,5.7643
36.4618,4.9073,5.0007,167.821,5.9758
36.5113,4.9573,5.0008,168.384,6.1954
36.5614,5.0073,4.998,168.9291,6.4236
36.612,5.0573,5.001,169.4567,6.6602
36.663,5.1073,5.0011,169.9673,6.9055
36.7146,5.1573,4.9983,170.4617,7.1598
36.7667,5.2073,5.0014,170.9406,7.4232
36.8193,5.2573,4.9986,171.4043,7.6958
36.8724,5.3073,4.9987,171.8538,7.9782
36.9259,5.3573,5.0048,172.289,8.2694
36.98,5.4073,4.9961,172.7107,8.5711
37.0344,5.4416,3.4279,173.1191,8.8819
37.0884,5.4012,-4.0369,173.5112,9.1971
37.1419,5.3512,-4.9988,173.8852,9.5169
37.195,5.3012,-5.0008,174.2419,9.84
37.2475,5.2512,-4.9995,174.5823,10.1676
37.2995,5.2012,-5.0014,174.9076,10.4979
37.351,5.1512,-4.9999,175.2185,10.8318
37.402,5.1012,-4.9981,175.5161,11.1688
37.4525,5.0512,-5.0033,175.8011,11.5083
37.5026,5.0012,-4.9978,176.0741,11.8516
37.552,4.9512,-5.0031,176.3359,12.1961
37.6011,4.9012,-4.9971,176.5871,12.544
37.6496,4.8512,-5.0024,176.8283,12.8935
37.6976,4.8012,-5,177.0599,13.2454
37.7451,4.7512,-4.9973,177.2828,13.5995
37.7921,4.7012,-5.0028,177.4971,13.9545
37.8386,4.6512,-5,177.7033,14.3114
37.8846,4.6012,-5.0013,177.9018,14.6694
37.9302,4.5512,-4.9982,178.093,15.0286
37.9752,4.5012,-4.9994,178.2774,15.3894
38.0196,4.4512,-5.0052,178.4551,15.7501
38.0637,4.4012,-4.9925,178.6266,16.1124
38.1072,4.3512,-5.0078,178.7921,16.4744
38.1502,4.3012,-4.9946,178.9518,16.8371
38.1928,4.2511,-5.0004,179.1062,17.2012
38.2348,4.2011,-5.0015,179.2554,17.5644
38.2763,4.1511,-5.0026,179.3995,17.9268
38.3173,4.1012,-4.9985,179.5388,18.2898
38.3578,4.0511,-4.9994,179.6736,18.652
38.3978,4.0011,-5.0004,179.804,19.0136
38.4373,3.9511,-5.0014,179.9301,19.3759
38.4765,3.917,-3.4168,-179.5368,3.0639
38.5156,3.9099,-0.7076,-178.4741,3.0515
38.5546,3.9027,-0.7152,-177.4054,3.0415
38.5935,3.8971,-0.565,-176.3331,3.0339
38.6325,3.8929,-0.4144,-175.2578,3.0286
38.6714,3.8903,-0.2636,-174.1805,3.0257
38.7103,3.8892,-0.1125,-173.102,3.0251
38.7492,3.8896,0.0389,-172.0242,3.0269
38.7881,3.8915,0.1904,-170.9469,3.031
38.827,3.8949,0.3428,-169.8711,3.0375
38.866,3.8998,0.4945,-168.7976,3.0464
38.9051,3.9063,0.6478,-167.7263,3.0578
38.9442,3.9143,0.8012,-166.6591,3.0715
38.9835,3.9239,0.9551,-165.5968,3.0877
39.0229,3.935,1.1085,-164.5392,3.1064
39.0623,3.9476,1.2656,-163.4882,3.1276
39.102,3.9618,1.4178,-162.4436,3.1513
39.1417,3.9776,1.5781,-161.4061,3.1776
39.1817,3.9949,1.7325,-160.3774,3.2066
39.2218,4.0138,1.892,-159.3573,3.2382
39.2621,4.0343,2.0492,-158.3466,3.2725
39.3027,4.0564,2.209,-157.3449,3.3097
39.3435,4.0801,2.3701,-156.353,3.3498
39.3846,4.1055,2.5344,-155.3722,3.3927
39.4259,4.1324,2.6957,-154.4032,3.4386
39.4675,4.161,2.8604,-153.4457,3.4875
39.5094,4.1913,3.0267,-152.5,3.5397
39.5516,4.2232,3.192,-151.566,3.5951
39.5942,4.2569,3.3644,-150.6442,3.6538
39.6371,4.2922,3.5361,-149.7356,3.716
39.6805,4.3293,3.7069,-148.8399,3.7818
39.7241,4.3682,3.8858,-147.9575,3.8511
39.7682,4.4088,4.061,-147.0887,3.9243
39.8127,4.4512,4.2419,-146.2331,4.0015
39.8576,4.4954,4.4257,-145.391,4.0827
39.903,4.5415,4.6126,-144.5627,4.1682
39.949,4.5895,4.7991,-143.7478,4.2581
39.9953,4.6392,4.9662,-142.9466,4.3526
40.0423,4.6892,4.9979,-142.1592,4.4519
40.0896,4.7392,5.0014,-141.3859,4.5562
40.1375,4.7892,5.0011,-140.6274,4.6654
40.186,4.8392,4.997,-139.8832,4.7801
40.2348,4.8892,5.0042,-139.154,4.9
40.2842,4.9392,4.9965,-138.4398,5.0258
40.3341,4.9892,5.0037,-137.7407,5.1573
40.3845,5.0392,4.9961,-137.0566,5.2952
40.4354,5.0892,5.0034,-136.3876,5.4393
40.4868,5.1392,4.9959,-135.7336,5.5903
40.5387,5.1892,5.0031,-135.0947,5.748
40.5911,5.2392,4.9994,-134.4711,5.9131
40.644,5.2892,4.9993,-133.8623,6.0858
40.6974,5.3392,4.9993,-133.2683,6.2665
40.7512,5.3892,5.0029,-132.6894,6.4555
40.8057,5.4392,4.9958,-132.1251,6.6537
40.8605,5.4892,5.0029,-131.5752,6.8609
40.9159,5.5392,4.9995,-131.0401,7.0782
40.9718,5.5892,4.9996,-130.5192,7.306
41.0282,5.6392,4.9998,-130.0124,7.5449
41.0851,5.6892,4.9999,-129.5197,7.796
41.1425,5.7392,5.0001,-129.0408,8.0596
41.2004,5.7892,5.0003,-128.5758,8.3372
41.2588,5.8392,5.0005,-128.1245,8.6295
41.3177,5.8892,4.9974,-127.6864,8.938
41.3771,5.9392,5.001,-127.2616,9.2638
41.437,5.9892,5.0013,-126.8502,9.6085
41.4974,6.0392,4.9983,-126.4518,9.974
41.5582,6.0892,5.0019,-126.0665,10.3621
41.6196,6.1392,4.999,-125.6941,10.7759
41.6815,6.1892,4.9994,-125.3344,11.2177
41.7439,6.2392,4.9998,-124.9874,11.6907
41.8068,6.2892,5.0002,-124.653,12.1993
41.8702,6.3392,4.9975,-124.331,12.7479
41.934,6.3892,5.0043,-124.0217,13.3411
41.9985,6.4392,4.9954,-123.725,13.9872
42.0634,6.4892,5.0022,-123.4406,14.6937
42.1288,6.5392,4.9996,-123.1689,15.4698
42.1946,6.5888,4.9591,-122.9098,16.3282
42.2604,6.5801,-0.8637,-122.6643,17.2779
42.3257,6.5302,-5.0006,-122.4342,18.3264
42.3906,6.4801,-4.9981,-122.2195,19.4947
42.4548,6.4301,-5.0018,-122.0199,20.807
42.5187,6.3801,-4.9992,-121.835,22.2935
42.5819,6.3301,-5.003,-121.6643,23.9936
42.6447,6.2802,-4.9972,-121.5075,25.97
42.707,6.2301,-5.0009,-121.3641,28.2919
42.7689,6.1801,-4.9982,-121.234,31.0735
42.8301,6.1301,-5.0052,-121.1169,34.468
42.8909,6.0801,-4.996,-121.0125,38.7386
42.9513,6.0301,-4.9997,-120.9206,44.2406
43.011,5.9801,-5.0035,-120.8411,51.6531
43.0704,5.9301,-4.9974,-120.7738,62.2197
43.1292,5.8801,-5.0012,-120.7185,78.6115
43.1874,5.8301,-5.0017,-120.6753,107.1191
43.2453,5.7801,-4.9955,-120.6439,170.1923
43.3025,5.7301,-5.006,-120.6244,421.2517
43.3594,5.6801,-4.9964,-120.6167,835.687
43.4157,5.6301,-5.0002,-120.6209,201.9255
43.4715,5.5801,-5.0006,-120.6369,114.9815
43.5268,5.5301,-5.0011,-120.6649,79.806
43.5815,5.4801,-5.0015,-120.7048,60.9609
43.6358,5.4301,-4.9985,-120.7569,49.123
43.6897,5.3801,-4.999,-120.8212,40.9557
43.743,5.3301,-4.9994,-120.898,34.9901
43.7958,5.2801,-5.0033,-120.9873,30.4384
43.8481,5.2301,-4.9968,-121.0894,26.8395
43.8998,5.1801,-5.0042,-121.2047,23.9327
43.9511,5.1301,-4.9977,-121.3332,21.5249
44.002,5.0801,-4.9981,-121.4755,19.4947
44.0523,5.0301,-5.0021,-121.6318,17.7592
44.1021,4.9801,-4.999,-121.8026,16.2605
44.1514,4.9301,-5.003,-121.9881,14.9516
44.2002,4.8801,-4.9999,-122.1889,13.7965
44.2485,4.8301,-4.9968,-122.4056,12.7685
44.2963,4.7801,-5.0008,-122.6389,11.85
44.3436,4.7301,-5.0013,-122.8891,11.0228
44.3904,4.6801,-5.0018,-123.1568,10.2751
44.4367,4.6301,-4.9952,-123.4432,9.5935
44.4825,4.5801,-5.0028,-123.749,8.9716
44.5278,4.5301,-5.0033,-124.0745,8.4027
44.5726,4.4801,-4.9967,-124.4211,7.8785
44.6169,4.4301,-4.9973,-124.7903,7.3948
44.6607,4.3801,-5.0049,-125.1826,6.9483
44.704,4.3301,-4.9984,-125.599,6.5343
44.7468,4.2801,-4.9989,-126.0415,6.1497
44.7891,4.2301,-4.9995,-126.5115,5.7919
44.8309,4.1801,-5.0036,-127.0099,5.4592
44.8722,4.1301,-4.9971,-127.5388,5.1484
44.913,4.0801,-5.0013,-128.1002,4.8585
44.9533,4.0301,-4.9984,-128.6961,4.5874
44.9931,3.9801,-4.999,-129.329,4.3338
45.0324,3.9301,-5.0031,-130.0006,4.0969
45.0712,3.8801,-5.0002,-130.7133,3.8752
45.1095,3.8301,-4.9973,-131.4707,3.6677
45.1473,3.7801,-5.0014,-132.2758,3.4736
45.1846,3.7301,-4.9985,-133.1316,3.292
45.2214,3.6801,-5.0025,-134.0414,3.1225
45.2577,3.6301,-4.9961,-135.0096,2.964
45.2935,3.5801,-5.0034,-136.04,2.8162
45.3288,3.5301,-5.0004,-137.136,2.6786
45.3636,3.4801,-4.9973,-138.3036,2.5505
45.3979,3.4301,-5.0008,-139.5475,2.4316
45.4317,3.3801,-5.0008,-140.8718,2.3214
45.465,3.3301,-4.9973,-142.2825,2.2195
45.4978,3.2801,-5.0003,-143.785,2.1256
45.5304,3.257,-2.3087,-145.1915,3.0241
45.5634,3.3037,4.6648,-146.1254,3.1275
45.597,3.3537,4.9979,-147.0049,3.2357
45.631,3.4037,5.0041,-147.8548,3.3484
45.6655,3.4536,4.9975,-148.6763,3.466
45.7005,3.5036,5.0005,-149.4711,3.5884
45.7361,3.5536,4.9973,-150.24,3.7158
45.7721,3.6036,5.0036,-150.9838,3.848
45.8087,3.6536,4.9972,-151.7032,3.9854
45.8457,3.7037,5.0004,-152.3998,4.1278
45.8832,3.7536,5.0036,-153.0737,4.2751
45.9213,3.8036,4.9974,-153.7261,4.4277
45.9598,3.8536,4.9975,-154.3586,4.5857
45.9988,3.9036,5.0038,-154.9714,4.7487
46.0384,3.9536,4.9978,-155.5651,4.9172
46.0784,4.0036,5.001,-156.141,5.0908
46.119,4.0536,4.9981,-156.6997,5.2699
46.16,4.1037,5.0014,-157.2419,5.4543
46.2015,4.1536,5.0016,-157.7679,5.6439
46.2436,4.2036,4.9957,-158.279,5.8393
46.2861,4.2536,5.005,-158.7754,6.0396
46.3291,4.3036,4.9962,-159.2577,6.2457
46.3727,4.3536,5.0025,-159.7268,6.457
46.4167,4.4036,4.9967,-160.1831,6.674
46.4612,4.4536,5.003,-160.6271,6.8961
46.5063,4.5036,4.9973,-161.0593,7.1238
46.5518,4.5537,5.0006,-161.4804,7.3568
46.5979,4.6037,5.0009,-161.8904,7.595
46.6444,4.6536,5.0012,-162.2899,7.8383
46.6914,4.7036,4.9986,-162.6794,8.087
46.739,4.7536,4.9989,-163.0594,8.341
46.787,4.8036,4.9993,-163.4305,8.6001
46.8355,4.8536,5.0026,-163.7925,8.8641
46.8846,4.9036,4.9971,-164.1461,9.1333
46.9341,4.9536,5.0033,-164.4915,9.4068
46.9842,5.0036,4.9951,-164.8291,9.6859
47.0347,5.0536,5.0041,-165.1594,9.9686
47.0857,5.1036,4.9988,-165.4822,10.2563
47.1372,5.1536,4.9992,-165.7982,10.5482
47.1893,5.2036,4.9997,-166.1077,10.8442
47.2418,5.2536,5.0001,-166.4108,11.144
47.2949,5.3036,5.0006,-166.7077,11.4478
47.3484,5.3536,4.9984,-166.9988,11.7551
47.4024,5.4036,5.0016,-167.2842,12.0652
47.457,5.4536,4.9994,-167.5642,12.3789
47.512,5.5036,4.9999,-167.839,12.6948
47.5676,5.5536,4.9978,-168.109,13.0136
47.6236,5.6036,5.0011,-168.3742,13.3341
47.6801,5.6536,5.0017,-168.6348,13.6562
47.7372,5.7036,4.9971,-168.891,13.9795
47.7947,5.7536,5.0004,-169.1432,14.3032
47.8527,5.8036,5.001,-169.3913,14.6277
47.9113,5.8536,4.9992,-169.6356,14.951
47.9703,5.9036,4.9999,-169.8763,15.2735
48.0298,5.9536,5.0007,-170.1135,15.5952
48.0898,6.0036,4.999,-170.3475,15.914
48.1504,6.0536,4.9999,-170.5784,16.2304
48.2114,6.1036,4.9984,-170.8065,16.543
48.2729,6.1536,5.0017,-171.0318,16.8509
48.335,6.2036,4.9979,-171.2546,17.1522
48.3975,6.2536,5.0014,-171.475,17.447
48.4606,6.3036,4.9977,-171.6932,17.7345
48.5241,6.3536,5.0013,-171.9094,18.0114
48.5881,6.4036,5.0002,-172.1237,18.2779
48.6527,6.4536,4.9992,-172.3364,18.5331
48.7177,6.5036,5.0006,-172.5475,18.7747
48.7833,6.5536,4.9976,-172.7575,19
48.8493,6.6036,5.0015,-172.9665,19.2081
48.9158,6.6535,4.9988,-173.1746,19.3959
48.9828,6.7035,5.0006,-173.3821,19.5624
49.0504,6.7535,4.9984,-173.5894,19.7044
49.1184,6.8035,5.0005,-173.7966,19.8166
49.187,6.8535,4.9987,-174.0041,19.9015
49.256,6.9035,5.0012,-174.2121,19.9517
49.3255,6.9535,4.9979,-174.4212,19.963
49.3956,7.0035,5.0009,-174.6316,19.9317
49.4658,7.0284,2.4865,-174.8435,19.8572
49.5357,6.9826,-4.5763,-175.0559,19.7349
49.605,6.9326,-5.001,-175.2683,19.5622
49.6738,6.8826,-4.9999,-175.4811,19.3312
49.7421,6.8326,-5.001,-175.695,19.0422
49.81,6.7826,-4.9986,-175.9108,18.6984
49.8773,6.7326,-5.0022,-176.1291,18.2917
49.9441,6.6826,-5.0006,-176.3509,17.8167
50.0105,6.6326,-4.9997,-176.5773,17.2718
50.0763,6.5826,-5.0012,-176.8094,16.6553
50.1416,6.5326,-5,-177.0489,15.9671
50.2064,6.4826,-4.9998,-177.2976,15.203
50.2707,6.4326,-5.0025,-177.5575,14.3622
50.3346,6.3826,-5.0001,-177.8317,13.4427
50.3979,6.3326,-4.9999,-178.1238,12.4476
50.4607,6.2825,-5.0023,-178.4389,11.3788
50.523,6.2325,-5.0007,-178.7837,10.2426
50.5849,6.1825,-4.9999,-179.1681,9.0413
50.6462,6.1325,-5.0035,-179.6064,7.7917
50.7073,6.1084,-2.4115,-179.9654,106.0484
50.7688,6.1542,4.5811,-179.9555,Infinity
50.8309,6.2042,4.9991,-179.9498,208.2192
50.8934,6.2541,4.9989,-179.9668,101.9656
50.9564,6.3041,4.9987,179.9978,71.9873
51.02,6.3541,4.9992,179.947,58.0428
51.084,6.4041,4.9996,179.8831,49.7259
51.1486,6.4541,4.9986,179.8077,44.3062
51.2136,6.5041,5.0014,179.722,40.3202
51.2792,6.5541,4.9984,179.6271,37.351
51.3452,6.6041,4.9997,179.5236,34.97
51.4117,6.6541,4.9987,179.412,33.0558
51.4788,6.7041,5.0006,179.2927,31.4183
51.5463,6.7541,4.9988,179.1662,30.0057
51.6144,6.8041,5,179.0324,28.7658
51.6829,6.8541,4.9993,178.8917,27.6441
51.7519,6.9041,5,178.7441,26.6369
51.8212,6.9205,1.6436,178.5898,25.7141
51.8899,6.8721,-4.8376,178.4302,24.8591
51.9581,6.8221,-4.9999,178.2661,24.0728
52.0258,6.7721,-5.0008,178.0977,23.3395
52.093,6.7221,-4.9997,177.9249,22.6484
52.1598,6.6721,-5.0001,177.748,21.9842
52.226,6.6221,-5.0023,177.5669,21.3622
52.2917,6.5721,-4.9984,177.3816,20.7658
52.3569,6.5221,-5.0023,177.1923,20.1933
52.4217,6.4721,-4.998,176.9987,19.6392
52.4859,6.4221,-5.0017,176.801,19.1077
52.5496,6.3721,-4.999,176.599,18.5898
52.6128,6.3221,-5.0026,176.3927,18.0932
52.6756,6.2721,-4.9975,176.1822,17.6072
52.7377,6.2221,-5.0031,175.9672,17.1356
52.7995,6.1721,-4.9978,175.7477,16.6762
52.8607,6.1221,-5.0011,175.5236,16.2304
52.9214,6.0721,-5,175.2948,15.794
52.9816,6.0221,-5.001,175.0613,15.37
53.0414,5.9721,-4.9997,174.8229,14.9557
53.1006,5.9221,-5.0006,174.5795,14.5502
53.1593,5.8721,-4.9991,174.3309,14.1551
53.2175,5.8221,-5.0023,174.077,13.7687
53.2752,5.7721,-4.9984,173.8178,13.3916
53.3324,5.7221,-5.0015,173.5529,13.0222
53.3892,5.6721,-4.9974,173.2823,12.6611
53.4454,5.6221,-5.0029,173.0058,12.3082
53.5011,5.5721,-4.9987,172.7232,11.9639
53.5563,5.5221,-5.0018,172.4345,11.6264
53.6111,5.4721,-4.9975,172.1392,11.2964
53.6653,5.4221,-5.003,171.8373,10.9747
53.719,5.3721,-4.9986,171.5286,10.6597
53.7722,5.3221,-5.0016,171.2128,10.3522
53.825,5.2721,-4.997,170.8897,10.0516
53.8772,5.222,-5.0026,170.559,9.7579
53.9289,5.1721,-5.0005,170.2207,9.471
53.9801,5.1221,-4.9984,169.8743,9.1911
54.0308,5.0721,-5.0014,169.5195,8.9179
54.0811,5.0221,-4.9992,169.1562,8.6511
54.1308,4.9721,-4.9996,168.784,8.391
54.18,4.922,-5,168.4025,8.1371
54.2287,4.8721,-5.003,168.0117,7.8899
54.277,4.822,-4.9954,167.611,7.6486
54.3247,4.772,-5.0037,167.2001,7.4138
54.3719,4.722,-4.9987,166.7788,7.1849
54.4186,4.6721,-5.0017,166.3467,6.9623
54.4648,4.622,-4.9965,165.9031,6.7454
54.5106,4.572,-5.0022,165.4477,6.5346
54.5557,4.522,-5.0025,164.9807,6.3299
54.6005,4.4721,-4.9972,164.5012,6.1307
54.6447,4.4221,-5.0002,164.0086,5.9372
54.6884,4.3721,-5.0004,163.5025,5.7494
54.7317,4.322,-4.9978,162.9825,5.567
54.7744,4.272,-5.0036,162.4482,5.3904
54.8166,4.222,-4.9981,161.8993,5.2191
54.8583,4.1721,-5.0011,161.3349,5.0532
54.8995,4.1221,-4.9983,160.7546,4.8925
54.9402,4.072,-5.0013,160.1578,4.7371
54.9805,4.022,-4.9984,159.544,4.5868
55.0202,3.972,-5.0014,158.9126,4.4416
55.0594,3.922,-5.0014,158.2636,4.3015
55.0981,3.8721,-4.9985,157.5959,4.1662
55.1364,3.822,-4.9984,156.9085,4.0357
55.1741,3.772,-5.0042,156.2016,3.9102
55.2113,3.722,-4.9952,155.4744,3.7892
55.248,3.672,-5.0039,154.7261,3.6731
55.2842,3.6221,-4.9978,153.9565,3.5613
55.3199,3.5721,-5.0006,153.1648,3.4541
55.3552,3.522,-4.9973,152.3501,3.3512
55.3899,3.472,-5.003,151.5125,3.2527
55.4241,3.422,-4.9996,150.6518,3.1584
55.4578,3.372,-4.9991,149.7671,3.0683
55.4911,3.322,-5.0017,148.8584,2.9823
55.5239,3.2871,-3.4899,147.8223,2.1947
55.5572,3.3294,4.23,146.3486,2.2879
55.591,3.3794,5.0012,144.9032,2.3925
55.6253,3.4294,4.9993,143.5433,2.5099
55.6601,3.4794,5.0018,142.2679,2.6413
55.6954,3.5294,4.9985,141.0751,2.7883
55.7312,3.5794,4.9995,139.9618,2.9528
55.7675,3.6294,5.0008,138.926,3.1368
55.8043,3.6795,5.0002,137.9646,3.343
55.8416,3.7294,5.0018,137.0746,3.5742
55.8794,3.7794,4.9973,136.2522,3.8346
55.9177,3.8294,5.0013,135.494,4.1284
55.9564,3.8794,5.0012,134.7973,4.4611
55.9958,3.9294,4.9971,134.1584,4.8401
56.0355,3.9794,5.0034,133.5746,5.2737
56.0758,4.0294,4.9973,133.0428,5.7735
56.1166,4.0794,5.0017,132.5602,6.3538
56.1579,4.1294,4.9998,132.1242,7.0343
56.1997,4.1794,4.9979,131.7322,7.8412
56.242,4.2295,5.0024,131.382,8.8103
56.2848,4.2794,5.0005,131.0716,9.9927
56.3281,4.3294,4.9987,130.7985,11.4685
56.3719,4.3794,4.9989,130.5609,13.3512
56.4162,4.4294,5.0014,130.3572,15.835
56.461,4.4794,4.9995,130.1855,19.2569
56.5063,4.5295,4.9998,130.0443,24.2501
56.5521,4.5794,5.0022,129.9322,32.2348
56.5984,4.6294,4.9981,129.8478,46.8628
56.6452,4.6794,4.9984,129.7897,83.1448
56.6925,4.7294,5.003,129.7568,312.8401
56.7402,4.7794,4.9989,129.748,193.8839
56.7886,4.8294,4.9991,129.7621,77.5916
56.8373,4.8794,5.0015,129.7983,49.9727
56.8867,4.9294,4.9973,129.8555,37.6052
56.9365,4.9795,5.0019,129.933,30.5595
56.9867,5.0295,4.9999,130.0298,26.0359
57.0375,5.0795,5,130.1452,22.8887
57.0888,5.1295,5.0002,130.2785,20.5811
57.1406,5.1794,5.0003,130.429,18.8114
57.1929,5.2294,5.0005,130.5959,17.4208
57.2457,5.2794,4.9983,130.7787,16.2959
57.299,5.3294,5.0007,130.9769,15.3698
57.3528,5.3794,5.0008,131.1897,14.5963
57.4071,5.4294,4.9986,131.4167,13.9422
57.4619,5.4794,5.0009,131.6573,13.3828
57.5172,5.5294,4.9987,131.9112,12.9006
57.573,5.5795,5.001,132.1777,12.4811
57.6293,5.6294,5.0011,132.4563,12.1141
57.6861,5.6794,4.9988,132.7466,11.7909
57.7434,5.7294,4.9988,133.0484,11.5052
57.8011,5.7794,5.0034,133.3609,11.2527
57.8595,5.8294,4.9965,133.6839,11.0274
57.9183,5.8795,5.0011,134.0172,10.8267
57.9775,5.9295,5.0011,134.3599,10.6482
58.0373,5.9795,4.9988,134.712,10.4878
58.0976,6.0295,5.001,135.073,10.3451
58.1584,6.0794,5.001,135.4424,10.2177
58.2197,6.1294,4.9986,135.82,10.1038
58.2815,6.1794,4.9985,136.2057,10.0025
58.3438,6.2294,5.0031,136.5987,9.913
58.4066,6.2794,4.9984,136.9988,9.8337
58.4699,6.3294,5.0006,137.4057,9.7642
58.5337,6.3794,4.9982,137.8192,9.7037
58.5979,6.4294,5.0028,138.2387,9.6517
58.6628,6.4794,4.998,138.664,9.6076
58.7281,6.5294,5.0003,139.095,9.5709
58.7939,6.5794,5.0002,139.531,9.5408
58.8602,6.6295,5.0001,139.9719,9.5175
58.927,6.6795,5,140.4174,9.5003
58.9942,6.7294,5.0022,140.8669,9.4893
59.062,6.7794,4.9974,141.3205,9.4842
59.1304,6.8295,4.9996,141.7779,9.4841
59.1991,6.8767,4.7276,142.2384,9.4895
59.268,6.8901,1.3353,142.7005,9.5
59.3369,6.8947,0.4677,143.1628,9.5153
59.406,6.9011,0.6366,143.6248,9.5352
59.4751,6.9091,0.7987,144.0863,9.5593
59.5443,6.9186,0.9523,144.5468,9.588
59.6135,6.9258,0.7174,145.0062,9.6204
59.6824,6.8887,-3.7027,145.463,9.6565
59.7507,6.8387,-5.0027,145.9151,9.6961
59.8186,6.7887,-4.9984,146.3618,9.7388
59.8861,6.7387,-4.9991,146.8033,9.7841
59.9529,6.6887,-5.0026,147.2392,9.8328
60.0193,6.6387,-4.998,147.6694,9.884
60.0852,6.5887,-5.0015,148.094,9.9376
60.1506,6.5387,-4.9995,148.5128,9.9936
60.2155,6.4887,-5.0002,148.9258,10.0519
60.2799,6.4387,-5.001,149.333,10.1122
60.3437,6.3887,-4.9988,149.7344,10.1746
60.4072,6.3387,-4.9995,150.1301,10.2389
60.4701,6.2887,-5.0001,150.5201,10.305
60.5324,6.2378,-5.0923,150.9035,10.1305
60.5943,6.1885,-4.9255,151.2915,9.7851
60.6557,6.1385,-4.9982,151.6917,9.4529
60.7166,6.0885,-5.0012,152.1041,9.1334
60.777,6.0385,-4.9987,152.5291,8.8265
60.8368,5.9885,-5.0015,152.967,8.5323
60.8962,5.9386,-4.999,153.4181,8.2503
60.9551,5.8886,-4.9991,153.8828,7.9801
61.0135,5.8386,-5.0018,154.3611,7.7217
61.0714,5.7886,-4.9966,154.8537,7.4747
61.1288,5.7386,-5.0018,155.3605,7.2393
61.1857,5.6886,-4.9992,155.8817,7.0149
61.2421,5.6386,-4.9991,156.4176,6.8014
61.2979,5.5886,-5.0015,156.968,6.5989
61.3533,5.5386,-4.9987,157.5331,6.4068
61.4082,5.4886,-5.001,158.1127,6.2252
61.4626,5.4386,-4.9982,158.707,6.0537
61.5164,5.3886,-5.0002,159.3157,5.8924
61.5698,5.3386,-4.9998,159.9384,5.7411
61.6227,5.2886,-4.9992,160.5749,5.5995
61.6751,5.2386,-4.9986,161.2249,5.4674
61.727,5.1886,-5.0026,161.8873,5.3451
61.7784,5.1386,-4.9971,162.5615,5.2321
61.8293,5.0886,-4.9991,163.2471,5.1286
61.8797,5.0401,-4.8552,163.9429,5.0342
61.9296,4.9954,-4.4711,164.6481,4.9491
61.9792,4.9549,-4.0483,165.3623,4.873
62.0283,4.9187,-3.6229,166.0846,4.8061
62.0772,4.8868,-3.1823,166.8144,4.7482
62.1258,4.8595,-2.7323,167.5511,4.6995
62.1742,4.8368,-2.2658,168.2937,4.6603
62.2224,4.819,-1.7831,169.0407,4.6308
62.2705,4.8063,-1.2755,169.7913,4.6112
62.3184,4.7988,-0.7444,170.5445,4.6023
62.3664,4.797,-0.1809,171.2987,4.6044
62.4144,4.8012,0.4198,172.0525,4.6185
62.4625,4.8119,1.0654,172.8046,4.6456
62.5108,4.8295,1.7659,173.5535,4.6869
62.5594,4.8549,2.5333,174.2974,4.744
62.6083,4.8887,3.3816,175.0346,4.8191
62.6575,4.9296,4.0925,175.7628,4.9146
62.7067,4.9099,-1.971,176.4752,5.0323
62.7553,4.8599,-5.0014,177.1622,5.1737
62.8034,4.8099,-4.9993,177.8192,5.3421
62.8509,4.7599,-5.0012,178.4443,5.5408
62.8981,4.7099,-4.9972,179.0362,5.7747
62.9447,4.6599,-5.0013,179.5935,6.0493
62.9907,4.6099,-4.9995,-179.885,6.3718
63.0363,4.5599,-4.9999,-179.3998,6.7514
63.0815,4.5099,-4.9982,-178.9512,7.2005
63.1261,4.4599,-5.001,-178.5394,7.7342
63.1702,4.4099,-4.9996,-178.1643,8.3746
63.2137,4.3599,-5.0005,-177.8255,9.1512
63.2568,4.3099,-4.9993,-177.5222,10.1054
63.2994,4.2599,-5.0005,-177.2537,11.2989
63.3416,4.2099,-4.9973,-177.0189,12.8263
63.3831,4.1599,-5.0034,-176.8167,14.8373
63.4242,4.1099,-4.9981,-176.6459,17.5875
63.4648,4.0599,-4.9998,-176.5051,21.5601
63.5049,4.0099,-4.9993,-176.3927,27.7692
63.5445,3.9599,-5.0014,-176.3074,38.833
63.5836,3.9099,-4.9986,-176.2477,63.6719
63.6222,3.8599,-5.0009,-176.2119,168.1969
63.6604,3.8099,-4.9982,-176.1987,293.0105
63.698,3.7599,-5.0007,-176.2064,79.2789
63.7351,3.7099,-5.0008,-176.2336,47.5235
63.7716,3.6599,-5.0009,-176.2788,34.5963
63.8077,3.6099,-4.9983,-176.3406,27.581
63.8433,3.5599,-5.0013,-176.4176,23.2044
63.8784,3.5099,-4.9987,-176.5086,20.2143
63.913,3.4599,-4.999,-176.6122,18.0541
63.9471,3.4099,-5.0025,-176.7272,16.4269
63.9808,3.3599,-4.9967,-176.8525,15.1597
64.0138,3.3099,-5.0035,-176.9869,14.1477
64.0465,3.2599,-4.9976,-177.1295,13.3255
64.0785,3.2099,-5.0015,-177.2793,12.6462
64.1102,3.1599,-4.9987,-177.4354,12.078
64.1412,3.1099,-5.0028,-177.5968,11.5971
64.1719,3.0599,-4.9964,-177.7628,11.1867
64.2019,3.0099,-5.0043,-177.9327,10.8351
64.2315,2.9599,-4.9978,-178.1057,10.5308
64.2606,2.9099,-4.9984,-178.2814,10.2653
64.2893,2.8599,-4.9991,-178.459,10.0342
64.3173,2.8099,-5.0039,-178.638,9.8316
64.345,2.7599,-4.9966,-178.8178,9.6533
64.372,2.7099,-5.0058,-178.9979,9.4967
64.3986,2.6599,-4.9939,-179.1779,9.3581
64.4247,2.6099,-5.0034,-179.3577,9.2356
64.4503,2.5599,-4.9999,-179.5365,9.1275
64.4754,2.5099,-4.9961,-179.7143,9.0313
64.5,2.4599,-5.0065,-179.8907,8.9463
64.5241,2.4099,-4.9929,179.9347,8.8713
64.5478,2.3598,-5.0035,179.7619,8.8048
64.5708,2.3099,-5.0048,179.5915,8.7464
64.5934,2.2599,-4.9952,179.4236,8.6946
64.6155,2.2099,-5.0014,179.2581,8.6497
64.6371,2.1599,-4.9967,179.0953,8.6099
64.6582,2.1098,-5.0033,178.9353,8.5748
64.6788,2.0598,-4.9985,178.7785,8.5448
64.6989,2.0099,-5.0057,178.6249,8.5187
64.7185,1.9599,-4.9942,178.4746,8.4964
64.7376,1.9099,-5.0013,178.3275,8.4773
64.7562,1.8598,-4.9956,178.1837,8.4612
64.7743,1.8098,-5.0104,178.0436,8.4479
64.7919,1.7598,-4.9903,177.9071,8.437
64.809,1.7098,-5.0055,177.7741,8.4284
64.8256,1.6598,-4.9992,177.6449,8.4215
64.8417,1.6098,-5.0002,177.5194,8.4166
64.8573,1.5598,-5.0012,177.3977,8.4129
64.8724,1.5098,-4.9936,177.2797,8.4109
64.887,1.4598,-5.012,177.1655,8.4099
64.9011,1.4099,-4.9955,177.0554,8.4104
64.9147,1.3599,-4.996,176.9489,8.4114
64.9278,1.3098,-4.9965,176.8461,8.4135
64.9404,1.2598,-5.0077,176.7473,8.416
64.9525,1.2098,-4.9986,176.6525,8.4194
64.9641,1.1598,-4.9994,176.5615,8.4233
64.9752,1.1098,-5.0003,176.4744,8.4275
64.9858,1.0598,-5.0013,176.3912,8.4322
64.9959,1.0098,-5.0025,176.3119,8.4368
65.0055,0.9597,-4.9896,176.2364,8.4418
65.0146,0.9096,-5.004,176.1647,8.4468
65.0232,0.8596,-5.0057,176.097,8.4518
65.0313,0.8097,-5.0079,176.0333,8.457
65.0389,0.7598,-4.9921,175.9735,8.462
65.046,0.7098,-4.9913,175.9173,8.4669
65.0526,0.6598,-5.0117,175.865,8.4716
65.0587,0.6098,-4.9924,175.8166,8.4762
65.0643,0.5596,-4.9913,175.7719,8.4805
65.0694,0.5095,-5.0179,175.7311,8.4846
65.074,0.4596,-4.9936,175.6943,8.488
65.0781,0.4095,-4.9922,175.6612,8.4915
65.0817,0.3596,-5.031,175.632,8.4945
65.0848,0.3095,-4.9521,175.6065,8.4971
65.0874,0.2594,-5.039,175.5848,8.4995
65.0895,0.2096,-4.9971,175.5671,8.5011
65.0911,0.1597,-4.9952,175.5531,8.5024
65.0922,0.1097,-4.9883,175.5429,8.5035
65.0928,0.0589,-4.94,175.5364,8.5041