0,0,0,10.3425,-0.0001,0,0,0
0.0002,0.0095,0.75,10.3407,-0.0006,0.0126,0.0002,0
0.0003,0.0173,0.8415,10.338,-0.0014,0.0219,0.0003,0
0.0006,0.0264,1.0102,10.3352,-0.0025,0.031,0.0006,0
0.0009,0.036,0.9536,10.3293,-0.0042,0.041,0.0009,0
0.0014,0.0458,1.0207,10.3217,-0.0065,0.0506,0.0014,0
0.0019,0.0556,0.9774,10.3135,-0.0093,0.0606,0.0019,0
0.0026,0.0655,1.0156,10.3035,-0.0128,0.0704,0.0026,0
0.0033,0.0754,0.9849,10.2913,-0.0168,0.0804,0.0033,0
0.0041,0.0853,1.0123,10.279,-0.0213,0.0902,0.0041,0
0.0051,0.0952,0.9887,10.2637,-0.0265,0.1002,0.0051,0
0.0061,0.1052,1.0101,10.2475,-0.0322,0.1101,0.0061,0
0.0073,0.1151,0.991,10.2291,-0.0385,0.1201,0.0073,0
0.0086,0.1252,0.9933,10.2093,-0.0455,0.1303,0.0086,0
0.0099,0.1352,1.0089,10.1887,-0.053,0.1402,0.0099,0
0.0113,0.1451,1.0073,10.1664,-0.0611,0.1501,0.0113,0
0.0129,0.155,0.9935,10.1427,-0.0697,0.16,0.0129,0
0.0145,0.165,0.9948,10.1169,-0.079,0.1701,0.0145,0
0.0163,0.175,1.0068,10.0903,-0.0889,0.18,0.0163,0
0.0181,0.185,0.9954,10.0615,-0.0994,0.19,0.0181,0
0.0201,0.1951,0.9963,10.0307,-0.1106,0.2001,0.0201,0
0.0221,0.2051,1.0063,9.9991,-0.1224,0.2101,0.0221,0
0.0243,0.2151,0.9966,9.9662,-0.1348,0.2201,0.0243,0
0.0265,0.2251,1.0057,9.9317,-0.1478,0.23,0.0265,0
0.0289,0.235,0.9969,9.896,-0.1614,0.24,0.0289,0
0.0313,0.245,0.9974,9.8583,-0.1758,0.2501,0.0313,0
0.0339,0.2551,0.9978,9.8187,-0.1908,0.2601,0.0339,-0.0001
0.0366,0.2651,1.0054,9.7783,-0.2065,0.2701,0.0366,-0.0001
0.0393,0.2751,0.998,9.7368,-0.2228,0.2801,0.0393,-0.0001
0.0421,0.2851,1.005,9.6938,-0.2398,0.29,0.0421,-0.0001
0.0451,0.295,0.9918,9.6477,-0.2574,0.3001,0.0451,-0.0001
0.0482,0.3051,1.0051,9.6017,-0.2758,0.3101,0.0482,-0.0001
0.0513,0.3151,0.9987,9.5539,-0.2949,0.3201,0.0513,-0.0001
0.0546,0.3251,0.9989,9.5051,-0.3147,0.3301,0.0546,-0.0002
0.0579,0.335,1.0048,9.4557,-0.3352,0.34,0.0579,-0.0002
0.0614,0.345,0.9936,9.4033,-0.3564,0.3501,0.0614,-0.0002
0.0649,0.355,1.0048,9.3504,-0.3785,0.36,0.0649,-0.0002
0.0686,0.365,0.9943,9.2947,-0.4013,0.3701,0.0686,-0.0002
0.0723,0.3751,1.0049,9.2391,-0.4249,0.3801,0.0723,-0.0003
0.0761,0.385,0.9997,9.1827,-0.4491,0.39,0.0761,-0.0003
0.0801,0.395,0.9999,9.1233,-0.4742,0.4,0.0801,-0.0003
0.0842,0.405,0.9955,9.064,-0.5002,0.4101,0.0842,-0.0004
0.0883,0.4151,1.0048,9.0029,-0.527,0.42,0.0883,-0.0004
0.0925,0.425,1.0003,8.941,-0.5546,0.43,0.0925,-0.0004
0.0969,0.435,0.9962,8.8766,-0.5831,0.4401,0.0969,-0.0005
0.1014,0.4451,1.0007,8.8114,-0.6126,0.4501,0.1014,-0.0005
0.1059,0.455,1.0048,8.7459,-0.6427,0.46,0.1059,-0.0006
0.1106,0.465,0.9929,8.6777,-0.6739,0.4701,0.1106,-0.0006
0.1153,0.475,1.0049,8.6092,-0.7061,0.48,0.1153,-0.0007
0.1202,0.485,0.9973,8.5397,-0.7392,0.4901,0.1202,-0.0008
0.1251,0.4951,1.0013,8.4684,-0.7733,0.5001,0.1251,-0.0008
0.1301,0.505,1.0013,8.3965,-0.8083,0.51,0.1301,-0.0009
0.1353,0.515,0.9979,8.3231,-0.8443,0.5201,0.1353,-0.001
0.1405,0.525,1.0016,8.2492,-0.8814,0.53,0.1405,-0.0011
0.1459,0.535,0.9983,8.1733,-0.9195,0.54,0.1459,-0.0011
0.1513,0.545,1.0018,8.0971,-0.9588,0.55,0.1513,-0.0012
0.1569,0.555,0.9987,8.0195,-0.9991,0.56,0.1569,-0.0013
0.1625,0.565,0.999,7.9412,-1.0407,0.57,0.1625,-0.0014
0.1683,0.575,1.0022,7.8614,-1.0834,0.58,0.1683,-0.0015
0.1741,0.585,0.9993,7.7805,-1.1272,0.59,0.1741,-0.0017
0.1801,0.595,0.9995,7.6991,-1.1723,0.6,0.1801,-0.0018
0.1861,0.605,0.9997,7.6171,-1.2187,0.61,0.1861,-0.0019
0.1923,0.615,0.9999,7.5336,-1.2665,0.62,0.1923,-0.002
0.1985,0.625,1.0001,7.4491,-1.3156,0.63,0.1985,-0.0022
0.2049,0.635,1.0002,7.3632,-1.366,0.64,0.2049,-0.0023
0.2113,0.645,1.0004,7.2774,-1.4179,0.65,0.2113,-0.0025
0.2179,0.655,0.9981,7.1906,-1.4712,0.66,0.2179,-0.0027
0.2245,0.665,1.0033,7.1028,-1.526,0.67,0.2245,-0.0028
0.2313,0.675,0.9961,7.0147,-1.5824,0.68,0.2313,-0.003
0.2381,0.685,1.0035,6.9253,-1.6404,0.69,0.2381,-0.0032
0.2451,0.695,0.9989,6.8355,-1.6999,0.7,0.245,-0.0034
0.2521,0.705,0.9992,6.7444,-1.7612,0.71,0.2521,-0.0037
0.2593,0.715,0.9994,6.6531,-1.8243,0.72,0.2593,-0.0039
0.2665,0.725,1.0018,6.5618,-1.8892,0.73,0.2665,-0.0041
0.2739,0.735,0.9977,6.4686,-1.9559,0.74,0.2739,-0.0044
0.2813,0.745,1.0022,6.3757,-2.0246,0.75,0.2813,-0.0046
0.2889,0.755,0.9982,6.282,-2.0952,0.76,0.2888,-0.0049
0.2965,0.765,1.0005,6.1878,-2.168,0.77,0.2965,-0.0052
0.3043,0.775,1.0007,6.0934,-2.2428,0.78,0.3042,-0.0055
0.3121,0.785,0.999,5.9983,-2.3198,0.79,0.3121,-0.0058
0.3201,0.795,1.0012,5.9032,-2.3991,0.8,0.32,-0.0062
0.3281,0.805,0.9995,5.8074,-2.4807,0.81,0.328,-0.0065
0.3363,0.815,0.9981,5.7111,-2.5649,0.82,0.3362,-0.0069
0.3445,0.825,1.0019,5.6148,-2.6517,0.83,0.3444,-0.0072
0.3529,0.835,1.0003,5.5185,-2.741,0.84,0.3528,-0.0076
0.3613,0.845,0.9989,5.4217,-2.833,0.85,0.3612,-0.0081
0.3699,0.855,0.9993,5.3244,-2.928,0.86,0.3698,-0.0085
0.3785,0.865,1.0012,5.2276,-3.026,0.87,0.3784,-0.009
0.3873,0.875,0.9999,5.1306,-3.1269,0.88,0.3871,-0.0094
0.3961,0.885,0.9986,5.0334,-3.2312,0.89,0.396,-0.0099
0.4051,0.895,1.002,4.9366,-3.3388,0.9,0.4049,-0.0105
0.4141,0.905,0.9978,4.8396,-3.4498,0.91,0.4139,-0.011
0.4233,0.915,1.0011,4.7428,-3.5646,0.92,0.4231,-0.0116
0.4325,0.925,1,4.6464,-3.683,0.93,0.4323,-0.0122
0.4419,0.935,1.0004,4.5502,-3.8053,0.94,0.4416,-0.0128
0.4513,0.945,0.9994,4.4542,-3.9317,0.95,0.451,-0.0134
0.4609,0.955,0.9998,4.3586,-4.0626,0.96,0.4606,-0.0141
0.4705,0.965,1.0002,4.2636,-4.1979,0.97,0.4702,-0.0148
0.4803,0.975,1.0005,4.1692,-4.3378,0.98,0.4799,-0.0156
0.4901,0.985,0.9985,4.0751,-4.4827,0.99,0.4898,-0.0163
0.5001,0.995,1.0014,3.9818,-4.6327,1,0.4997,-0.0171
0.5101,1,0.4983,3.8898,-4.7876,1.01,0.5096,-0.018
0.5201,1,0,3.7996,-4.9469,1.02,0.5196,-0.0188
0.5301,1,0,3.711,-5.1102,1.03,0.5295,-0.0197
0.5401,1,0,3.6243,-5.2778,1.04,0.5395,-0.0206
0.5501,1,0,3.5393,-5.4498,1.05,0.5495,-0.0216
0.5601,1,0,3.4564,-5.6262,1.06,0.5594,-0.0226
0.5701,1,0,3.3754,-5.8072,1.07,0.5694,-0.0236
0.5801,1,0,3.2964,-5.9931,1.08,0.5793,-0.0246
0.5901,1,0,3.2194,-6.1839,1.09,0.5893,-0.0257
0.6001,1,0,3.1446,-6.3795,1.1,0.5992,-0.0268
0.6101,1,0,3.0719,-6.5805,1.11,0.6091,-0.028
0.6201,1,0,3.0017,-6.7867,1.12,0.6191,-0.0291
0.6301,1,0,2.9338,-6.998,1.13,0.629,-0.0304
0.6401,1,0,2.8683,-7.2149,1.14,0.6389,-0.0316
0.6501,1,0,2.8057,-7.4374,1.15,0.6488,-0.0329
0.6601,1,0,2.7457,-7.6653,1.16,0.6587,-0.0342
0.6701,1,0,2.6887,-7.8988,1.17,0.6686,-0.0356
0.6801,1,0,2.6348,-8.1378,1.18,0.6785,-0.037
0.6901,1,0,2.5843,-8.3823,1.19,0.6884,-0.0385
0.7001,1,0,2.5374,-8.6323,1.2,0.6983,-0.04
0.7101,1,0,2.4944,-8.8876,1.21,0.7082,-0.0415
0.7201,1,0,2.4559,-9.1476,1.22,0.7181,-0.0431
0.7301,1,0,2.4221,-9.4123,1.23,0.7279,-0.0448
0.7401,1,0,2.3937,-9.6814,1.24,0.7378,-0.0464
0.7501,1,0,2.3714,-9.9539,1.25,0.7476,-0.0482
0.7601,1,0,2.356,-10.2293,1.26,0.7575,-0.0499
0.7701,1,0,2.3488,-10.5069,1.27,0.7673,-0.0518
0.7801,1,0,2.3514,-10.7854,1.28,0.7771,-0.0536
0.7901,1,0.0001,2.3655,-11.0634,1.29,0.7869,-0.0556
0.8001,1,0.0001,2.3941,-11.3394,1.3,0.7967,-0.0575
0.8101,1,0.0001,2.441,-11.6119,1.31,0.8065,-0.0595
0.8201,1,0.0001,2.5115,-11.8785,1.32,0.8163,-0.0616
0.8301,1,0.0001,2.6143,-12.1364,1.33,0.8261,-0.0637
0.8401,1,0.0001,2.7621,-12.3828,1.34,0.8359,-0.0658
0.8501,1,0.0001,2.9764,-12.6145,1.35,0.8456,-0.068
0.8601,1,0.0001,3.2959,-12.8276,1.36,0.8554,-0.0702
0.8701,1,0.0001,3.7966,-13.0178,1.37,0.8651,-0.0725
0.8801,1,0.0001,4.6569,-13.1809,1.38,0.8749,-0.0748
0.8901,1,0.0001,6.3937,-13.3118,1.39,0.8846,-0.0771
0.9001,1,0.0002,11.4683,-13.4053,1.4,0.8943,-0.0794
0.9101,1,0.0002,147.8407,-13.4561,1.41,0.904,-0.0817
0.9201,1,0.0002,11.8485,-13.4591,1.42,0.9138,-0.0841
0.9301,1,0.0002,5.6535,-13.4092,1.43,0.9235,-0.0864
0.9401,1,0.0002,3.7028,-13.302,1.44,0.9332,-0.0887
0.9501,1,0.0002,2.7643,-13.1339,1.45,0.943,-0.0909
0.9601,1,0.0002,2.2213,-12.902,1.46,0.9527,-0.0932
0.9701,1,0.0002,1.8743,-12.6049,1.47,0.9625,-0.0954
0.9801,1,0.0002,1.6387,-12.243,1.48,0.9722,-0.0975
0.9901,1,0.0002,1.4721,-11.8179,1.49,0.982,-0.0995
1.0001,1,0.0002,1.3518,-11.3326,1.5,0.9918,-0.1015
1.0101,1,0.0002,1.2641,-10.7924,1.51,1.0017,-0.1034
1.0201,1,0.0002,1.2002,-10.2034,1.52,1.0115,-0.1051
1.0301,1,0.0002,1.1546,-9.573,1.53,1.0214,-0.1068
1.0401,1,0.0002,1.1234,-8.9094,1.54,1.0312,-0.1083
1.0501,1,0.0002,1.1039,-8.2209,1.55,1.0411,-0.1098
1.0601,1,0.0002,1.0942,-7.5158,1.56,1.0511,-0.1111
1.0701,1,0.0002,1.0928,-6.8024,1.57,1.061,-0.1123
1.0801,1,0.0002,1.0989,-6.0874,1.58,1.0709,-0.1133
1.0901,1,0.0002,1.1114,-5.3774,1.59,1.0809,-0.1143
1.1001,1,0.0002,1.13,-4.6786,1.6,1.0908,-0.1151
1.1101,1,0.0002,1.1542,-3.9951,1.61,1.1008,-0.1158
1.1201,1,0.0001,1.1836,-3.3306,1.62,1.1108,-0.1164
1.1301,1,0.0001,1.218,-2.688,1.63,1.1208,-0.1168
1.1401,1,0.0001,1.2572,-2.0693,1.64,1.1308,-0.1172
1.1501,1,0.0001,1.301,-1.4758,1.65,1.1408,-0.1174
1.1601,1,0.0001,1.3494,-0.908,1.66,1.1508,-0.1176
1.1701,1,0.0001,1.4023,-0.366,1.67,1.1608,-0.1177
1.1801,1,0.0001,1.4595,0.1501,1.68,1.1708,-0.1176
1.1901,1,0.0001,1.5212,0.641,1.69,1.1808,-0.1175
1.2001,1,0.0001,1.5872,1.1071,1.7,1.1908,-0.1173
1.2101,1,0.0001,1.6574,1.5495,1.71,1.2008,-0.1171
1.2201,1,0,1.7322,1.9693,1.72,1.2108,-0.1167
1.2301,1,0,1.8112,2.3676,1.73,1.2208,-0.1163
1.2401,1,0,1.8944,2.7447,1.74,1.2308,-0.1158
1.2501,1,0,1.9822,3.1024,1.75,1.2407,-0.1153
1.2601,1,0,2.0741,3.4416,1.76,1.2507,-0.1147
1.2701,1,0,2.1705,3.7631,1.77,1.2607,-0.114
1.2801,1,0,2.2713,4.0682,1.78,1.2707,-0.1133
1.2901,1,0,2.3766,4.3578,1.79,1.2807,-0.1126
1.3001,1,0,2.4863,4.6329,1.8,1.2906,-0.1118
1.3101,1,0,2.6003,4.8941,1.81,1.3006,-0.1109
1.3201,1,0,2.719,5.1423,1.82,1.3105,-0.11
1.3301,1,0,2.8422,5.3784,1.83,1.3205,-0.1091
1.3401,1,0,2.9698,5.6032,1.84,1.3304,-0.1081
1.3501,1,0,3.1021,5.8172,1.85,1.3404,-0.1071
1.3601,1,0,3.239,6.0213,1.86,1.3503,-0.106
1.3701,1,0,3.3802,6.2156,1.87,1.3603,-0.105
1.3801,1,0,3.5268,6.4012,1.88,1.3702,-0.1038
1.3901,1,0,3.6773,6.5784,1.89,1.3802,-0.1027
1.4001,1,0,3.8332,6.7477,1.9,1.3901,-0.1015
1.4101,1,0,3.9933,6.9096,1.91,1.4,-0.1003
1.4201,1,0,4.1585,7.0643,1.92,1.4099,-0.0991
1.4301,1,0,4.3283,7.2125,1.93,1.4198,-0.0978
1.4401,1,0,4.5034,7.3545,1.94,1.4298,-0.0965
1.4501,1,0,4.6828,7.4906,1.95,1.4397,-0.0952
1.4601,1,0,4.8674,7.6211,1.96,1.4496,-0.0939
1.4701,1,0,5.057,7.7464,1.97,1.4595,-0.0926
1.4801,1,0,5.2515,7.8668,1.98,1.4694,-0.0912
1.4901,1,0,5.4511,7.9823,1.99,1.4793,-0.0898
1.5001,1,0,5.6554,8.0933,2,1.4892,-0.0884
1.5101,1,0,5.865,8.2001,2.01,1.4991,-0.087
1.5201,1,0,6.0797,8.303,2.02,1.509,-0.0855
1.5301,1,0,6.2995,8.402,2.03,1.5189,-0.0841
1.5401,1,0,6.524,8.4974,2.04,1.5288,-0.0826
1.5501,1,0,6.7546,8.5893,2.05,1.5387,-0.0811
1.5601,1,0,6.9902,8.678,2.06,1.5486,-0.0796
1.5701,1,0,7.2308,8.7636,2.07,1.5585,-0.0781
1.5801,1,0,7.476,8.8462,2.08,1.5683,-0.0765
1.5901,1,0,7.7278,8.9259,2.09,1.5782,-0.075
1.6001,1,0,7.9847,9.003,2.1,1.5881,-0.0734
1.6101,1,0,8.2457,9.0775,2.11,1.598,-0.0718
1.6201,1,0,8.5132,9.1495,2.12,1.6078,-0.0702
1.6301,1,0,8.787,9.2192,2.13,1.6177,-0.0686
1.6401,1,0,9.0646,9.2867,2.14,1.6276,-0.067
1.6501,1,0,9.3488,9.352,2.15,1.6374,-0.0654
1.6601,1,0,9.6383,9.4152,2.16,1.6473,-0.0638
1.6701,1,0,9.9325,9.4765,2.17,1.6572,-0.0621
1.6801,1,0,10.233,9.536,2.18,1.667,-0.0605
1.6901,1,0,10.5391,9.5936,2.19,1.6769,-0.0588
1.7001,0.9998,-0.0263,10.8512,9.6495,2.2,1.6868,-0.0571
1.71,0.9927,-0.7027,11.1678,9.7037,2.21,1.6966,-0.0554
1.7199,0.9827,-1.0014,11.4874,9.7558,2.22,1.7062,-0.0538
1.7296,0.9727,-1,11.8054,9.8058,2.23,1.7158,-0.0521
1.7392,0.9627,-1.0003,12.1278,9.854,2.24,1.7253,-0.0505
1.7487,0.9527,-1.0005,12.4517,9.9003,2.25,1.7347,-0.0488
1.7581,0.9427,-0.999,12.777,9.9449,2.26,1.744,-0.0472
1.7675,0.9327,-0.9992,13.1059,9.988,2.27,1.7532,-0.0456
1.7767,0.9227,-1.0013,13.4343,10.0295,2.28,1.7622,-0.044
1.7858,0.9127,-0.9997,13.765,10.0696,2.29,1.7712,-0.0424
1.7948,0.9027,-1.0019,14.097,10.1081,2.3,1.7801,-0.0408
1.8038,0.8927,-0.9982,14.4311,10.1454,2.31,1.7889,-0.0392
1.8126,0.8827,-1.0003,14.766,10.1813,2.32,1.7976,-0.0377
1.8213,0.8727,-1.0006,15.1011,10.2161,2.33,1.8062,-0.0361
1.83,0.8627,-0.9987,15.4364,10.2497,2.34,1.8147,-0.0346
1.8385,0.8527,-1.001,15.7707,10.2822,2.35,1.8231,-0.0331
1.8469,0.8427,-1.0012,16.1116,10.3135,2.36,1.8313,-0.0316
1.8552,0.8327,-0.9993,16.4469,10.3438,2.37,1.8395,-0.0301
1.8635,0.8227,-0.9994,16.7844,10.3732,2.38,1.8476,-0.0286
1.8716,0.8127,-0.9996,17.124,10.4016,2.39,1.8556,-0.0271
1.8796,0.8027,-1.0021,17.4645,10.4291,2.4,1.8635,-0.0257
1.8876,0.7927,-0.9976,17.802,10.4558,2.41,1.8713,-0.0242
1.8954,0.7827,-1.0026,18.1339,10.4816,2.42,1.879,-0.0228
1.9031,0.7727,-0.9978,18.4721,10.5065,2.43,1.8866,-0.0214
1.9108,0.7627,-1.0004,18.8161,10.5308,2.44,1.8941,-0.02
1.9183,0.7527,-1.0006,19.1478,10.5542,2.45,1.9015,-0.0186
1.9257,0.7427,-1.0008,19.478,10.5769,2.46,1.9088,-0.0173
1.933,0.7327,-1.0011,19.8128,10.5989,2.47,1.916,-0.0159
1.9402,0.7227,-0.9985,20.1466,10.6203,2.48,1.9231,-0.0146
1.9474,0.7127,-0.9986,20.4719,10.641,2.49,1.9301,-0.0133
1.9544,0.7027,-1.0015,20.8009,10.6611,2.5,1.937,-0.012
1.9614,0.6927,-0.9988,21.1348,10.6806,2.5101,1.9439,-0.0107
1.9682,0.6827,-1.0019,21.4573,10.6995,2.52,1.9506,-0.0094
1.9749,0.6727,-0.9991,21.7919,10.7179,2.53,1.9572,-0.0082
1.9815,0.6627,-1.0023,22.1139,10.7357,2.54,1.9637,-0.0069
1.9881,0.6527,-0.9962,22.4409,10.7529,2.55,1.9701,-0.0057
1.9945,0.6427,-1.0027,22.7537,10.7697,2.56,1.9764,-0.0045
2.0008,0.6327,-0.9996,23.0697,10.786,2.57,1.9826,-0.0033
2.007,0.6227,-0.9997,23.3888,10.8017,2.58,1.9887,-0.0022
2.0132,0.6127,-0.9999,23.702,10.8171,2.59,1.9947,-0.001
2.0191,0.5994,-1.336,0.3586,10.8629,2.6,2.0006,0.0001
2.0251,0.599,-0.036,0.3593,13.9829,2.61,2.0065,0.0016
2.0311,0.6003,0.1267,0.3616,19.0864,2.62,2.0121,0.0035
2.0372,0.6029,0.2597,0.3655,24.0369,2.63,2.0176,0.006
2.0432,0.6068,0.3914,0.3711,28.7494,2.64,2.0229,0.0089
2.0493,0.612,0.5205,0.3782,33.1665,2.65,2.0281,0.0123
2.0555,0.6185,0.6477,0.387,37.2588,2.66,2.033,0.016
2.0618,0.6262,0.7721,0.3974,41.015,2.67,2.0377,0.0201
2.0681,0.6351,0.8929,0.4095,44.4453,2.68,2.0422,0.0246
2.0746,0.645,0.9857,0.4233,47.5702,2.69,2.0466,0.0293
2.0811,0.655,1.0006,0.4388,50.4093,2.7,2.0508,0.0344
2.0878,0.665,0.9998,0.4561,52.9872,2.71,2.0548,0.0397
2.0945,0.675,1,0.4751,55.33,2.72,2.0586,0.0452
2.1014,0.685,1.0003,0.4957,57.461,2.73,2.0623,0.051
2.1083,0.695,0.9999,0.5182,59.4033,2.74,2.0658,0.057
2.1154,0.705,0.9995,0.5424,61.1793,2.75,2.0692,0.0632
2.1225,0.715,1.0008,0.5683,62.806,2.76,2.0725,0.0695
2.1298,0.725,0.9996,0.596,64.3,2.77,2.0756,0.076
2.1371,0.735,1.0001,0.6254,65.677,2.78,2.0787,0.0827
2.1446,0.745,0.9997,0.6567,66.9497,2.79,2.0816,0.0896
2.1521,0.755,1.0001,0.6897,68.1292,2.8,2.0844,0.0966
2.1598,0.765,0.9997,0.7245,69.2254,2.81,2.0871,0.1038
2.1675,0.775,1.001,0.761,70.2459,2.82,2.0897,0.111
2.1754,0.785,0.9986,0.7994,71.1993,2.83,2.0923,0.1185
2.1833,0.795,1.0008,0.8395,72.0923,2.84,2.0947,0.126
2.1914,0.805,0.9993,0.8815,72.93,2.85,2.0971,0.1337
2.1995,0.815,1.0006,0.9252,73.7179,2.86,2.0994,0.1416
2.2078,0.825,0.9999,0.9708,74.4599,2.87,2.1016,0.1495
2.2161,0.835,0.9992,1.0182,75.161,2.88,2.1037,0.1576
2.2246,0.845,1.0005,1.0674,75.8244,2.89,2.1058,0.1658
2.2331,0.855,1.0008,1.1183,76.4522,2.9,2.1078,0.1741
2.2418,0.865,0.999,1.1712,77.0482,2.91,2.1097,0.1825
2.2505,0.875,1.0002,1.2259,77.6153,2.92,2.1116,0.191
2.2594,0.885,0.9994,1.2824,78.1555,2.93,2.1134,0.1997
2.2683,0.895,1.0007,1.3407,78.6705,2.94,2.1152,0.2085
2.2774,0.905,0.9988,1.401,79.1626,2.95,2.1169,0.2174
2.2865,0.915,1.001,1.4629,79.6331,2.96,2.1185,0.2264
2.2958,0.925,1.0002,1.5267,80.083,2.97,2.1201,0.2355
2.3051,0.935,0.9993,1.5924,80.5145,2.98,2.1216,0.2447
2.3146,0.945,0.9995,1.6599,80.9291,2.99,2.1231,0.2541
2.3241,0.955,1.0006,1.7292,81.3274,3,2.1246,0.2635
2.3338,0.965,0.9997,1.8003,81.7102,3.01,2.126,0.273
2.3435,0.975,1.0009,1.8731,82.0785,3.02,2.1273,0.2827
2.3534,0.985,0.999,1.9478,82.4335,3.03,2.1286,0.2925
2.3633,0.995,1.0001,2.0243,82.7762,3.04,2.1299,0.3023
2.3733,1,0.5058,2.1022,83.1062,3.05,2.1311,0.3123
2.3833,1,0,2.1811,83.423,3.06,2.1322,0.3222
2.3933,1,-0.0001,2.2607,83.7263,3.07,2.1333,0.3321
2.4033,1,-0.0001,2.3414,84.0173,3.08,2.1343,0.3421
2.4133,1,-0.0001,2.4228,84.2969,3.09,2.1353,0.352
2.4233,1,-0.0001,2.505,84.5657,3.1,2.1363,0.362
2.4333,1,-0.0001,2.5881,84.8248,3.11,2.1372,0.3719
2.4433,1,-0.0001,2.6718,85.0745,3.12,2.138,0.3819
2.4533,1,-0.0001,2.7563,85.3153,3.13,2.1389,0.3919
2.4633,1,0,2.8413,85.5478,3.14,2.1396,0.4018
2.4733,1,0,2.927,85.7726,3.15,2.1404,0.4118
2.4833,1,0,3.0133,85.9902,3.16,2.1411,0.4218
2.4933,1,0,3.1,86.2009,3.17,2.1417,0.4318
2.5033,1,0,3.1872,86.4049,3.18,2.1424,0.4417
2.5133,1,0,3.275,86.6028,3.19,2.143,0.4517
2.5233,1,0,3.363,86.7948,3.2,2.1435,0.4617
2.5333,1,0,3.4517,86.9814,3.21,2.144,0.4717
2.5433,1,0,3.5406,87.1629,3.22,2.1445,0.4817
2.5533,1,0,3.6296,87.3393,3.23,2.145,0.4917
2.5633,1,0,3.7192,87.511,3.24,2.1454,0.5017
2.5733,1,0,3.8087,87.6781,3.25,2.1458,0.5116
2.5834,1,0,3.8988,87.8411,3.26,2.1462,0.5217
2.5934,1,0,3.9888,88.0001,3.27,2.1466,0.5317
2.6033,1,0,4.0788,88.155,3.28,2.1469,0.5416
2.6133,1,0,4.1691,88.3062,3.29,2.1472,0.5516
2.6233,1,0,4.2595,88.454,3.3,2.1475,0.5616
2.6333,1,0,4.3498,88.5984,3.31,2.1477,0.5716
2.6433,1,0,4.44,88.7396,3.32,2.1479,0.5816
2.6533,1,0,4.5303,88.8778,3.33,2.1481,0.5916
2.6634,1,0,4.6205,89.0132,3.34,2.1483,0.6016
2.6733,1,0,4.7104,89.1456,3.35,2.1484,0.6116
2.6833,1,0,4.8002,89.2752,3.36,2.1486,0.6216
2.6933,1,0,4.8896,89.4022,3.37,2.1487,0.6316
2.7033,1,0,4.9791,89.5269,3.38,2.1487,0.6416
2.7133,1,0,5.0681,89.6492,3.39,2.1488,0.6516
2.7233,1,0,5.1568,89.7691,3.4,2.1488,0.6616
2.7333,1,0,5.2448,89.8869,3.41,2.1489,0.6716
2.7433,1,0,5.3329,90.0026,3.42,2.1489,0.6816
2.7533,1,0,5.4204,90.1163,3.43,2.1488,0.6916
2.7633,1,0,5.5071,90.2281,3.44,2.1488,0.7016
2.7734,1,0,5.5937,90.338,3.45,2.1487,0.7116
2.7833,1,0,5.6795,90.446,3.46,2.1487,0.7216
2.7933,1,0,5.7646,90.5522,3.47,2.1486,0.7316
2.8033,1,0,5.8491,90.657,3.48,2.1485,0.7416
2.8133,1,0,5.9329,90.7602,3.49,2.1483,0.7516
2.8233,1,0,6.016,90.8618,3.5,2.1482,0.7616
2.8333,1,0,6.0984,90.9618,3.51,2.148,0.7716
2.8433,1,0,6.1798,91.0605,3.52,2.1478,0.7816
2.8533,1,0,6.2604,91.1578,3.53,2.1476,0.7916
2.8634,1,0,6.34,91.2539,3.54,2.1474,0.8016
2.8734,1,0,6.419,91.3486,3.55,2.1472,0.8116
2.8833,1,0,6.4963,91.4421,3.56,2.1469,0.8216
2.8933,1,0,6.5732,91.5344,3.57,2.1466,0.8316
2.9033,1,0,6.6484,91.6256,3.58,2.1464,0.8416
2.9133,1,0,6.7228,91.7158,3.59,2.1461,0.8516
2.9233,1,0,6.7962,91.8049,3.6,2.1457,0.8616
2.9334,1,0,6.8683,91.893,3.61,2.1454,0.8716
2.9433,1,0,6.9392,91.9802,3.62,2.1451,0.8816
2.9534,1,0,7.0083,92.0664,3.63,2.1447,0.8916
2.9633,1,0,7.0764,92.1517,3.64,2.1443,0.9016
2.9733,1,0,7.1429,92.2361,3.65,2.1439,0.9116
2.9834,1,0,7.2081,92.3198,3.66,2.1435,0.9216
2.9933,1,0,7.2718,92.4026,3.67,2.1431,0.9315
3.0033,1,0,7.334,92.4846,3.68,2.1427,0.9415
3.0133,1,0,7.3945,92.566,3.69,2.1422,0.9515
3.0233,1,0,7.4537,92.6467,3.7,2.1418,0.9615
3.0333,1,0,7.5105,92.7267,3.71,2.1413,0.9715
3.0434,1,0,7.5662,92.8061,3.72,2.1408,0.9815
3.0533,1,0,7.6197,92.8849,3.73,2.1403,0.9915
3.0633,1,0,7.6715,92.963,3.74,2.1398,1.0014
3.0733,1,0,7.7214,93.0406,3.75,2.1393,1.0114
3.0834,1,0,7.7702,93.1178,3.76,2.1387,1.0214
3.0934,1,0,7.816,93.1945,3.77,2.1382,1.0314
3.1033,1,0,7.8602,93.2707,3.78,2.1376,1.0414
3.1133,1,0,7.902,93.3463,3.79,2.137,1.0514
3.1233,1,0,7.942,93.4215,3.8,2.1364,1.0613
3.1333,1,0,7.98,93.4965,3.81,2.1358,1.0713
3.1434,1,0,8.0154,93.5711,3.82,2.1352,1.0813
3.1533,1,0,8.0482,93.6452,3.83,2.1345,1.0913
3.1634,1,0,8.0794,93.7191,3.84,2.1339,1.1013
3.1733,1,0,8.1077,93.7927,3.85,2.1332,1.1113
3.1833,1,0,8.1343,93.866,3.86,2.1326,1.1212
3.1933,1,0,8.1578,93.939,3.87,2.1319,1.1312
3.2034,1,0,8.1794,94.0119,3.88,2.1312,1.1412
3.2133,1,0,8.1986,94.0845,3.89,2.1305,1.1512
3.2233,1,0,8.215,94.1569,3.9,2.1297,1.1611
3.2333,1,0,8.2282,94.2293,3.91,2.129,1.1711
3.2433,1,0,8.2398,94.3015,3.92,2.1282,1.1811
3.2534,1,0,8.2487,94.3737,3.93,2.1275,1.1911
3.2634,1,0,8.254,94.4457,3.94,2.1267,1.201
3.2733,1,0,8.2572,94.5176,3.95,2.1259,1.211
3.2834,1,0,8.2566,94.5895,3.96,2.1251,1.221
3.2934,1,0,8.2544,94.6615,3.97,2.1243,1.2309
3.3033,1,0,8.2485,94.7334,3.98,2.1235,1.2409
3.3134,1,0,8.2401,94.8055,3.99,2.1226,1.2509
3.3233,1,0,8.228,94.8776,4,2.1218,1.2608
3.3333,1,0,8.2141,94.9498,4.01,2.1209,1.2708
3.3434,1,0,8.1964,95.0221,4.02,2.1201,1.2808
3.3533,1,0,8.1762,95.0945,4.03,2.1192,1.2907
3.3633,1,0,8.1522,95.1672,4.04,2.1183,1.3007
3.3734,1,0,8.1262,95.2401,4.05,2.1174,1.3106
3.3833,1,0,8.0965,95.3133,4.06,2.1164,1.3206
3.3933,1,0,8.0636,95.3866,4.07,2.1155,1.3305
3.4033,1,0,8.0269,95.4604,4.08,2.1145,1.3405
3.4133,1,0,7.9877,95.5345,4.09,2.1136,1.3504
3.4233,1,0,7.9454,95.609,4.1,2.1126,1.3604
3.4333,1,0,7.8994,95.6838,4.11,2.1116,1.3703
3.4433,1,0,7.851,95.7591,4.12,2.1106,1.3803
3.4533,1,0,7.799,95.8349,4.13,2.1096,1.3902
3.4633,1,0,7.7427,95.9113,4.14,2.1086,1.4002
3.4734,1,0,7.6842,95.9882,4.15,2.1075,1.4101
3.4833,1,0,7.6218,96.0657,4.16,2.1065,1.4201
3.4933,1,0,7.5566,96.1438,4.17,2.1054,1.43
3.5033,1,0,7.4875,96.2227,4.18,2.1043,1.44
3.5133,1,0,7.416,96.3023,4.19,2.1032,1.4499
3.5233,1,0,7.3407,96.3828,4.2,2.1021,1.4598
3.5333,1,0,7.2627,96.4641,4.21,2.101,1.4698
3.5433,1,0,7.1807,96.5463,4.22,2.0998,1.4797
3.5533,1,0,7.0956,96.6295,4.23,2.0987,1.4896
3.5633,1,0,7.0075,96.7137,4.24,2.0975,1.4996
3.5733,1,0,6.9155,96.799,4.25,2.0963,1.5095
3.5834,1,0,6.8214,96.8855,4.26,2.0951,1.5194
3.5933,1,0,6.7239,96.9733,4.27,2.0939,1.5293
3.6033,1,0,6.623,97.0624,4.28,2.0927,1.5393
3.6133,1,0,6.5189,97.1529,4.29,2.0914,1.5492
3.6233,1,0,6.4119,97.2449,4.3,2.0902,1.5591
3.6333,1,0,6.3022,97.3385,4.31,2.0889,1.569
3.6433,1,0,6.1894,97.4339,4.32,2.0876,1.579
3.6533,1,0,6.0735,97.5311,4.33,2.0863,1.5889
3.6633,1,0,5.9549,97.6302,4.34,2.085,1.5988
3.6733,1,0,5.8344,97.7313,4.35,2.0836,1.6087
3.6833,1,0,5.7099,97.8348,4.36,2.0823,1.6186
3.6933,1,-0.0001,5.5833,97.9406,4.37,2.0809,1.6285
3.7033,1,-0.0001,5.4541,98.0489,4.38,2.0795,1.6384
3.7133,1,-0.0001,5.323,98.1598,4.39,2.0781,1.6483
3.7233,1,-0.0001,5.1891,98.2737,4.4,2.0766,1.6582
3.7333,1,-0.0001,5.053,98.3908,4.41,2.0752,1.6681
3.7433,1,-0.0001,4.9151,98.5112,4.42,2.0737,1.678
3.7533,1,-0.0001,4.7749,98.6351,4.43,2.0722,1.6879
3.7633,1,-0.0001,4.6328,98.7629,4.44,2.0707,1.6977
3.7733,1,-0.0001,4.4891,98.8949,4.45,2.0691,1.7076
3.7833,0.9999,-0.008,4.3436,99.0314,4.46,2.0675,1.7175
3.7933,0.9937,-0.6179,4.1977,99.1724,4.47,2.066,1.7273
3.8031,0.9837,-1,4.0517,99.3176,4.48,2.0644,1.737
3.8128,0.9737,-1.0012,3.9067,99.4667,4.49,2.0628,1.7466
3.8225,0.9637,-0.9982,3.7613,99.6203,4.5,2.0611,1.7561
3.832,0.9537,-1.0015,3.6174,99.7787,4.51,2.0595,1.7655
3.8414,0.9437,-0.9996,3.4741,99.942,4.52,2.0579,1.7748
3.8508,0.9337,-0.9998,3.332,100.111,4.53,2.0563,1.784
3.86,0.9237,-1,3.1911,100.2861,4.54,2.0546,1.7931
3.8692,0.9137,-0.9992,3.0513,100.4679,4.55,2.0529,1.8021
3.8782,0.9037,-1.0015,2.9137,100.6567,4.56,2.0513,1.811
3.8871,0.8937,-0.9997,2.7776,100.853,4.57,2.0496,1.8197
3.896,0.8837,-0.999,2.6432,101.058,4.58,2.0479,1.8284
3.9047,0.8737,-1.0013,2.5113,101.2723,4.59,2.0462,1.837
3.9134,0.8637,-0.9996,2.3815,101.4966,4.6,2.0445,1.8455
3.9219,0.8537,-0.9999,2.2541,101.7322,4.61,2.0427,1.8538
3.9303,0.8437,-1.0003,2.1293,101.9802,4.62,2.041,1.8621
3.9387,0.8337,-0.9997,2.0071,102.2419,4.63,2.0392,1.8702
3.9469,0.8237,-1.0002,1.8879,102.5189,4.64,2.0374,1.8783
3.955,0.8137,-0.9998,1.7716,102.8131,4.65,2.0356,1.8862
3.9631,0.8037,-1.0013,1.6587,103.1263,4.66,2.0338,1.894
3.971,0.7937,-0.9991,1.5488,103.4612,4.67,2.032,1.9017
3.9788,0.7837,-0.9998,1.4424,103.8212,4.68,2.0301,1.9094
3.9866,0.7737,-1.0006,1.3395,104.2094,4.69,2.0282,1.9168
3.9942,0.7637,-0.9997,1.2404,104.6303,4.7,2.0263,1.9242
4.0018,0.7537,-0.9999,1.145,105.0894,4.71,2.0243,1.9315
4.0092,0.7437,-1.0003,1.0536,105.5932,4.72,2.0223,1.9387
4.0165,0.7337,-1.0008,0.9664,106.1496,4.73,2.0202,1.9457
4.0238,0.7237,-0.9992,0.8832,106.7698,4.74,2.0182,1.9527
4.0309,0.7137,-1.0004,0.8045,107.4683,4.75,2.016,1.9595
4.0379,0.7037,-1.0004,0.7304,108.2627,4.76,2.0138,1.9662
4.0449,0.6937,-1.0002,0.661,109.1787,4.77,2.0115,1.9727
4.0517,0.6837,-1.0002,0.5965,110.2524,4.78,2.0092,1.9791
4.0585,0.6737,-1.0005,0.5371,111.5356,4.79,2.0067,1.9854
4.0651,0.6637,-0.9999,0.4831,113.109,4.8,2.0041,1.9915
4.0716,0.6537,-1.0004,0.4348,115.1025,4.81,2.0013,1.9974
4.0781,0.6473,-0.6414,0.4576,117.6028,4.82,1.9983,2.0031
4.0847,0.6548,0.754,0.4628,119.9151,4.83,1.995,2.0088
4.0913,0.6648,1.0003,0.4689,122.1292,4.84,1.9915,2.0145
4.098,0.6748,1.0004,0.4758,124.2989,4.85,1.9877,2.02
4.1049,0.6848,0.9997,0.4838,126.4178,4.86,1.9836,2.0255
4.1118,0.6948,1.0009,0.4927,128.4783,4.87,1.9793,2.031
4.1189,0.7047,0.9853,0.5026,130.4761,4.88,1.9748,2.0363
4.126,0.7127,0.8027,0.5134,132.4061,4.89,1.9699,2.0416
4.1332,0.7206,0.7931,0.5253,134.2611,4.9,1.9649,2.0468
4.1405,0.7291,0.8524,0.5382,136.0418,4.91,1.9597,2.0518
4.1479,0.7383,0.9119,0.5521,137.7509,4.92,1.9542,2.0568
4.1554,0.748,0.9705,0.567,139.3885,4.93,1.9485,2.0616
4.1629,0.758,0.9987,0.5831,140.9565,4.94,1.9426,2.0664
4.1706,0.768,0.9997,0.6002,142.4586,4.95,1.9366,2.0711
4.1784,0.778,0.9996,0.6185,143.8968,4.96,1.9303,2.0757
4.1863,0.788,1.0004,0.6378,145.2725,4.97,1.9238,2.0802
4.1943,0.798,1.0003,0.6583,146.5869,4.98,1.9171,2.0846
4.2024,0.808,1.0002,0.68,147.8429,4.99,1.9103,2.0889
4.2105,0.818,1.0002,0.7028,149.0432,5,1.9033,2.0931
4.2188,0.828,0.9992,0.7268,150.1915,5.01,1.8961,2.0972
4.2272,0.838,1.0002,0.7519,151.2904,5.02,1.8887,2.1012
4.2357,0.848,1.0002,0.7783,152.3413,5.03,1.8812,2.1052
4.2443,0.858,1.0002,0.8058,153.3467,5.04,1.8736,2.109
4.2529,0.868,1.0002,0.8345,154.309,5.05,1.8657,2.1128
4.2617,0.878,0.9993,0.8644,155.2313,5.06,1.8578,2.1164
4.2706,0.888,1.0003,0.8956,156.1156,5.07,1.8496,2.12
4.2796,0.898,1.0004,0.9279,156.9631,5.08,1.8414,2.1235
4.2886,0.908,0.9995,0.9615,157.7765,5.09,1.833,2.127
4.2978,0.918,0.9996,0.9964,158.5584,5.1,1.8244,2.1303
4.3071,0.928,1.0006,1.0324,159.3095,5.11,1.8158,2.1336
4.3165,0.938,0.9997,1.0697,160.0316,5.12,1.8069,2.1368
4.326,0.948,0.9998,1.1082,160.7266,5.13,1.798,2.14
4.3355,0.958,1.0008,1.148,161.3954,5.14,1.7889,2.143
4.3452,0.968,0.999,1.189,162.0399,5.15,1.7797,2.146
4.355,0.978,1,1.2313,162.6619,5.16,1.7704,2.1489
4.3649,0.988,1.0011,1.2747,163.2613,5.17,1.7609,2.1517
4.3749,0.9975,0.9561,1.3195,163.8399,5.18,1.7513,2.1545
4.3849,1,0.2496,1.3652,164.3974,5.19,1.7417,2.1572
4.3949,1,0,1.4115,164.9315,5.2,1.7321,2.1598
4.4049,1,0,1.4586,165.4434,5.21,1.7224,2.1623
4.4149,1,0,1.5064,165.9348,5.22,1.7127,2.1648
4.4249,1,0,1.5549,166.4065,5.23,1.703,2.1671
4.4349,1,0,1.6041,166.8603,5.24,1.6932,2.1694
4.4449,1,0,1.6539,167.2972,5.25,1.6835,2.1716
4.4549,1,0,1.7043,167.718,5.26,1.6737,2.1737
4.4649,1,0,1.7554,168.1241,5.27,1.6639,2.1758
4.4749,1,0,1.8069,168.5157,5.28,1.6541,2.1778
4.4849,1,0,1.859,168.8939,5.29,1.6443,2.1797
4.4949,1,0,1.9117,169.2598,5.3,1.6345,2.1815
4.5049,1,0,1.9648,169.6136,5.31,1.6246,2.1833
4.5149,1,0,2.0184,169.9561,5.32,1.6148,2.1851
4.5249,1,0,2.0724,170.2879,5.33,1.6049,2.1868
4.5349,1,0,2.127,170.6098,5.34,1.595,2.1884
4.5449,1,0,2.1818,170.9223,5.35,1.5852,2.19
4.5549,1,0,2.2371,171.2254,5.36,1.5753,2.1915
4.5649,1,0,2.2927,171.5198,5.37,1.5654,2.193
4.5749,1,0,2.3487,171.8063,5.38,1.5555,2.1944
4.5849,1,0,2.4051,172.0851,5.39,1.5456,2.1958
4.5949,1,0,2.4616,172.3563,5.4,1.5357,2.1971
4.6049,1,0,2.5186,172.6204,5.41,1.5258,2.1984
4.6149,1,0,2.5757,172.8777,5.42,1.5159,2.1996
4.6249,1,0,2.633,173.1286,5.43,1.5059,2.2008
4.6349,1,0,2.6906,173.3734,5.44,1.496,2.202
4.6449,1,0,2.7483,173.6123,5.45,1.4861,2.2031
4.6549,1,0,2.8063,173.8456,5.46,1.4761,2.2042
4.6649,1,0,2.8643,174.0735,5.47,1.4662,2.2052
4.6749,1,0,2.9226,174.2964,5.48,1.4562,2.2062
4.6849,1,0,2.9808,174.5142,5.49,1.4463,2.2072
4.6949,1,0,3.0392,174.7273,5.5,1.4363,2.2081
4.7049,1,0,3.0976,174.936,5.51,1.4263,2.209
4.7149,1,0,3.156,175.1402,5.52,1.4164,2.2098
4.7249,1,0,3.2144,175.3401,5.53,1.4064,2.2106
4.7349,1,0,3.2728,175.5361,5.54,1.3964,2.2114
4.7449,1,0,3.3313,175.7285,5.55,1.3865,2.2121
4.7549,1,0,3.3896,175.9172,5.56,1.3765,2.2129
4.7649,1,0,3.4477,176.1021,5.57,1.3665,2.2135
4.7749,1,0,3.5058,176.2836,5.58,1.3565,2.2142
4.7849,1,0,3.5639,176.4619,5.59,1.3465,2.2148
4.7949,1,0,3.6216,176.637,5.6,1.3366,2.2154
4.8049,1,0,3.6792,176.809,5.61,1.3266,2.2159
4.8149,1,0,3.7366,176.9781,5.62,1.3166,2.2165
4.8249,1,0,3.7937,177.1445,5.63,1.3066,2.217
4.8349,1,0,3.8508,177.3083,5.64,1.2966,2.2174
4.8449,1,0,3.9073,177.4692,5.65,1.2866,2.2179
4.8549,1,0,3.9636,177.6277,5.66,1.2766,2.2183
4.8649,1,0,4.0197,177.7839,5.67,1.2666,2.2187
4.8749,1,0,4.0752,177.9376,5.68,1.2567,2.219
4.8849,1,0,4.1305,178.0889,5.69,1.2467,2.2194
4.8949,1,0,4.1852,178.2383,5.7,1.2367,2.2197
4.9049,1,0,4.2396,178.3855,5.71,1.2267,2.22
4.9149,1,0,4.2935,178.5306,5.72,1.2167,2.2202
4.9249,1,0,4.347,178.6738,5.73,1.2067,2.2205
4.9349,1,0,4.3998,178.8151,5.74,1.1967,2.2207
4.9449,1,0,4.452,178.9545,5.75,1.1867,2.2208
4.9549,1,0,4.5038,179.0923,5.76,1.1767,2.221
4.9649,1,0,4.555,179.2285,5.77,1.1667,2.2211
4.9749,1,0,4.6055,179.3629,5.78,1.1567,2.2212
4.9849,1,0,4.6554,179.4956,5.79,1.1467,2.2213
4.9949,1,0,4.7044,179.6268,5.8,1.1367,2.2214
5.0049,1,0,4.753,179.7567,5.81,1.1267,2.2214
5.0149,1,0,4.8007,179.8852,5.82,1.1167,2.2215
5.0249,1,0,4.8477,-179.9877,5.83,1.1067,2.2215
5.0349,1,0,4.8938,-179.8619,5.84,1.0967,2.2214
5.0449,1,0,4.9391,-179.7375,5.85,1.0867,2.2214
5.0549,1,0,4.9837,-179.6141,5.86,1.0767,2.2213
5.0649,1,0,5.0271,-179.4919,5.87,1.0667,2.2212
5.0749,1,0,5.0698,-179.371,5.88,1.0567,2.2211
5.0849,1,0,5.1115,-179.251,5.89,1.0467,2.221
5.0949,1,0,5.1523,-179.132,5.9,1.0367,2.2208
5.1049,1,0,5.1919,-179.0141,5.91,1.0267,2.2207
5.1149,1,0,5.2307,-178.8973,5.92,1.0167,2.2205
5.1249,1,0,5.2685,-178.7813,5.93,1.0067,2.2203
5.1349,1,0,5.3049,-178.6662,5.94,0.9967,2.22
5.1449,1,0,5.3403,-178.5519,5.95,0.9867,2.2198
5.1549,1,0,5.3747,-178.4384,5.96,0.9767,2.2195
5.1649,1,0,5.4076,-178.3256,5.97,0.9667,2.2192
5.1749,1,0,5.4395,-178.2136,5.98,0.9567,2.2189
5.1849,1,0,5.4702,-178.1022,5.99,0.9467,2.2186
5.1949,1,0,5.4993,-177.9916,6,0.9367,2.2182
5.2049,1,0,5.5274,-177.8815,6.01,0.9267,2.2179
5.2149,1,0,5.5541,-177.7722,6.02,0.9167,2.2175
5.2249,1,0,5.5794,-177.6632,6.03,0.9067,2.2171
5.2349,1,0,5.6034,-177.5549,6.04,0.8968,2.2166
5.2449,1,0,5.6258,-177.4471,6.05,0.8868,2.2162
5.2549,1,0,5.6467,-177.3396,6.06,0.8768,2.2157
5.2649,1,0,5.6663,-177.2326,6.07,0.8668,2.2152
5.2749,1,0,5.6845,-177.126,6.08,0.8568,2.2147
5.2849,1,0,5.7009,-177.0198,6.09,0.8468,2.2142
5.2949,1,0,5.716,-176.9138,6.1,0.8368,2.2137
5.3049,1,0,5.7293,-176.8081,6.11,0.8268,2.2131
5.3149,1,0,5.7409,-176.7028,6.12,0.8169,2.2125
5.3249,1,0,5.7507,-176.5976,6.13,0.8069,2.212
5.3349,1,0,5.7594,-176.4927,6.14,0.7969,2.2113
5.3449,1,0,5.7657,-176.3879,6.15,0.7869,2.2107
5.3549,1,0,5.7706,-176.2831,6.16,0.7769,2.2101
5.3649,1,0,5.7738,-176.1785,6.17,0.767,2.2094
5.3749,1,0,5.7751,-176.0741,6.18,0.757,2.2087
5.3849,1,0,5.7745,-175.9696,6.19,0.747,2.208
5.3949,1,0,5.7722,-175.865,6.2,0.737,2.2073
5.4049,1,0,5.7678,-175.7604,6.21,0.7271,2.2065
5.4149,1,0,5.7616,-175.6559,6.22,0.7171,2.2058
5.4249,1,0,5.7537,-175.5511,6.23,0.7071,2.205
5.4349,1,0,5.7436,-175.4462,6.24,0.6972,2.2042
5.4449,1,0,5.7317,-175.3411,6.25,0.6872,2.2034
5.4549,1,0,5.7178,-175.2357,6.26,0.6772,2.2026
5.4649,1,0,5.7016,-175.1301,6.27,0.6673,2.2017
5.4749,1,0,5.6837,-175.0243,6.28,0.6573,2.2009
5.4849,1,0,5.6637,-174.9179,6.29,0.6473,2.2
5.4949,1,0,5.6417,-174.8113,6.3,0.6374,2.1991
5.5049,1,0,5.6173,-174.7042,6.31,0.6274,2.1982
5.5149,1,0,5.591,-174.5965,6.32,0.6175,2.1972
5.5249,1,0,5.5627,-174.4884,6.33,0.6075,2.1962
5.5349,1,0,5.5323,-174.3797,6.34,0.5976,2.1953
5.5449,1,0,5.4995,-174.2704,6.35,0.5876,2.1943
5.5549,1,0,5.4649,-174.1604,6.36,0.5777,2.1933
5.5649,1,0,5.4279,-174.0497,6.37,0.5677,2.1922
5.5749,1,0,5.3887,-173.938,6.38,0.5578,2.1912
5.5849,1,0,5.3474,-173.8256,6.39,0.5478,2.1901
5.5949,1,0,5.304,-173.7123,6.4,0.5379,2.189
5.6049,1,0,5.2582,-173.5979,6.41,0.528,2.1879
5.6149,1,0,5.2106,-173.4826,6.42,0.518,2.1867
5.6249,1,0,5.1606,-173.3661,6.43,0.5081,2.1856
5.6349,1,0,5.1085,-173.2483,6.44,0.4981,2.1844
5.6449,1,0,5.0541,-173.1293,6.45,0.4882,2.1832
5.6549,1,0,4.9977,-173.0089,6.46,0.4783,2.182
5.6649,1,0,4.9392,-172.8872,6.47,0.4684,2.1808
5.6749,1,0,4.8787,-172.7639,6.48,0.4584,2.1795
5.6849,1,0,4.8157,-172.6391,6.49,0.4485,2.1782
5.6949,1,0,4.751,-172.5125,6.5,0.4386,2.1769
5.7049,1,0,4.684,-172.3839,6.51,0.4287,2.1756
5.7149,1,0,4.6148,-172.2534,6.52,0.4188,2.1742
5.7249,1,0,4.5438,-172.1208,6.53,0.4089,2.1729
5.7349,1,0,4.4708,-171.9861,6.54,0.399,2.1715
5.7449,1,0,4.3956,-171.849,6.55,0.3891,2.1701
5.7549,1,0,4.3188,-171.7093,6.56,0.3792,2.1686
5.7649,1,0,4.2398,-171.567,6.57,0.3693,2.1671
5.7749,1,0,4.1589,-171.4218,6.58,0.3594,2.1657
5.7849,1,0,4.0765,-171.2737,6.59,0.3495,2.1641
5.7949,1,0,3.9923,-171.1223,6.6,0.3397,2.1626
5.8049,1,0,3.9062,-170.9674,6.61,0.3298,2.161
5.8149,1,0,3.8185,-170.8089,6.62,0.3199,2.1594
5.8249,1,0,3.7292,-170.6464,6.63,0.31,2.1578
5.8349,1,-0.0001,3.6384,-170.4796,6.64,0.3002,2.1562
5.8448,0.9983,-0.1709,3.5462,-170.3086,6.65,0.2903,2.1545
5.8547,0.9891,-0.913,3.4535,-170.1337,6.66,0.2806,2.1528
5.8645,0.9791,-0.9999,3.3605,-169.9552,6.67,0.2709,2.1511
5.8742,0.9691,-1.001,3.2672,-169.7733,6.68,0.2614,2.1493
5.8838,0.9591,-0.999,3.1738,-169.5877,6.69,0.252,2.1476
5.8933,0.9491,-1.0002,3.0804,-169.3978,6.7,0.2426,2.1459
5.9027,0.9391,-1.0003,2.9872,-169.2038,6.71,0.2334,2.1441
5.912,0.9291,-1.0004,2.8941,-169.0053,6.72,0.2243,2.1423
5.9212,0.9191,-0.9994,2.8014,-168.8018,6.73,0.2153,2.1406
5.9303,0.9091,-0.9995,2.7089,-168.5928,6.74,0.2064,2.1388
5.9393,0.8991,-1.0007,2.6171,-168.3783,6.75,0.1976,2.1369
5.9481,0.8891,-1.0008,2.5261,-168.1581,6.76,0.1889,2.1351
5.9569,0.8791,-0.9988,2.4355,-167.9313,6.77,0.1803,2.1333
5.9656,0.8691,-1.001,2.3461,-167.6977,6.78,0.1718,2.1314
5.9742,0.8591,-0.9991,2.2574,-167.4566,6.79,0.1634,2.1296
5.9827,0.8491,-1.0003,2.1697,-167.2074,6.8,0.1551,2.1277
5.9911,0.8391,-1.0004,2.0833,-166.9499,6.81,0.1469,2.1258
5.9994,0.8291,-0.9996,1.9979,-166.683,6.82,0.1389,2.1239
6.0076,0.8191,-0.9998,1.9138,-166.406,6.83,0.1309,2.1219
6.0157,0.8091,-1.001,1.8313,-166.1184,6.84,0.1231,2.12
6.0237,0.7991,-0.9991,1.7501,-165.819,6.85,0.1153,2.1181
6.0316,0.7891,-1.0004,1.6704,-165.5068,6.86,0.1077,2.1161
6.0394,0.7791,-0.9996,1.5923,-165.1806,6.87,0.1001,2.1141
6.047,0.7691,-1.0009,1.516,-164.8394,6.88,0.0927,2.1121
6.0546,0.7591,-0.9991,1.4414,-164.4816,6.89,0.0854,2.11
6.0621,0.7491,-1.0005,1.3686,-164.1054,6.9,0.0782,2.108
6.0695,0.7391,-0.9998,1.2977,-163.7091,6.91,0.0711,2.1059
6.0768,0.7291,-1.0002,1.2288,-163.2906,6.92,0.0641,2.1038
6.084,0.7191,-1.0006,1.162,-162.8477,6.93,0.0572,2.1017
6.0911,0.7091,-0.9991,1.0971,-162.3771,6.94,0.0505,2.0995
6.0981,0.6991,-1.0005,1.0344,-161.8755,6.95,0.0438,2.0974
6.105,0.6891,-1.0001,0.974,-161.3396,6.96,0.0373,2.0952
6.1118,0.6791,-0.9998,0.9157,-160.7644,6.97,0.0309,2.0929
6.1185,0.6691,-1.0005,0.8598,-160.1449,6.98,0.0246,2.0907
6.125,0.6591,-0.9994,0.8061,-159.4742,6.99,0.0184,2.0884
6.1315,0.6491,-1.0003,0.7549,-158.7444,7,0.0124,2.086
6.1379,0.6391,-0.9996,0.7061,-157.9459,7.01,0.0064,2.0836
6.1442,0.6291,-0.9999,0.6597,-157.0665,7.02,0.0006,2.0811
6.1504,0.6191,-1.0012,0.616,-156.0926,7.03,-0.005,2.0786
6.1565,0.6091,-0.9994,0.5748,-155.0051,7.04,-0.0105,2.0761
6.1625,0.5991,-0.9996,0.5362,-153.7776,7.05,-0.0159,2.0734
6.1684,0.5918,-0.7358,0.351,-151.2703,7.06,-0.0211,2.0706
6.1743,0.5938,0.2003,0.3545,-145.7,7.07,-0.026,2.0672
6.1803,0.5975,0.3742,0.3599,-140.2378,7.08,-0.0306,2.0634
6.1864,0.6028,0.5311,0.3672,-135.1698,7.09,-0.0349,2.0592
6.1925,0.6097,0.6846,0.3765,-130.5479,7.1,-0.0388,2.0545
6.1986,0.618,0.836,0.3877,-126.3782,7.11,-0.0425,2.0495
6.2049,0.6277,0.9677,0.401,-122.6449,7.12,-0.0459,2.0443
6.2113,0.6377,0.9999,0.4164,-119.3151,7.13,-0.049,2.0387
6.2178,0.6477,0.9999,0.4338,-116.3486,7.14,-0.0519,2.0329
6.2243,0.6577,1.0003,0.4534,-113.7065,7.15,-0.0545,2.0269
6.231,0.6677,1.0002,0.4751,-111.3502,7.16,-0.0569,2.0207
6.2378,0.6777,1.0002,0.499,-109.243,7.17,-0.0592,2.0143
6.2447,0.6877,0.9996,0.5252,-107.3513,7.18,-0.0612,2.0077
6.2517,0.6977,0.9996,0.5537,-105.6462,7.19,-0.0631,2.001
6.2587,0.7077,1.0004,0.5845,-104.1048,7.2,-0.0648,1.9941
6.2659,0.7177,1.0004,0.6177,-102.7075,7.21,-0.0664,1.9871
6.2732,0.7277,0.9997,0.6533,-101.4351,7.22,-0.0679,1.98
6.2806,0.7377,0.9995,0.6915,-100.2716,7.23,-0.0692,1.9727
6.288,0.7477,1.0001,0.7322,-99.2047,7.24,-0.0704,1.9653
6.2956,0.7577,1.0007,0.7756,-98.2245,7.25,-0.0715,1.9579
6.3033,0.7677,0.9989,0.8217,-97.3203,7.26,-0.0724,1.9502
6.3111,0.7777,1.0002,0.8707,-96.4833,7.27,-0.0733,1.9425
6.3189,0.7877,1.0007,0.9226,-95.7081,7.28,-0.0741,1.9347
6.3269,0.7977,0.9995,0.9775,-94.9878,7.29,-0.0748,1.9267
6.335,0.8077,0.9999,1.0356,-94.3165,7.3,-0.0754,1.9187
6.3432,0.8177,0.9994,1.097,-93.6896,7.31,-0.0759,1.9105
6.3515,0.8277,1.0006,1.1618,-93.1034,7.32,-0.0764,1.9022
6.3598,0.8377,1.0001,1.2301,-92.5547,7.33,-0.0767,1.8939
6.3683,0.8477,1.0004,1.3019,-92.0401,7.34,-0.077,1.8854
6.3769,0.8577,0.999,1.3778,-91.5561,7.35,-0.0773,1.8768
6.3856,0.8677,1.0009,1.4575,-91.1007,7.36,-0.0774,1.8682
6.3943,0.8777,0.9994,1.5416,-90.6717,7.37,-0.0775,1.8594
6.4032,0.8877,0.9997,1.63,-90.2667,7.38,-0.0776,1.8505
6.4122,0.8977,1.0007,1.723,-89.8843,7.39,-0.0776,1.8415
6.4213,0.9077,0.9992,1.821,-89.5227,7.4,-0.0775,1.8324
6.4305,0.9177,1.0002,1.9241,-89.1804,7.41,-0.0774,1.8233
6.4397,0.9277,1.0004,2.0325,-88.8565,7.42,-0.0772,1.814
6.4491,0.9377,0.9997,2.1466,-88.5495,7.43,-0.0769,1.8046
6.4586,0.9477,0.9999,2.2669,-88.2582,7.44,-0.0766,1.7952
6.4682,0.9577,1,2.3935,-87.9817,7.45,-0.0763,1.7856
6.4778,0.9677,1.0001,2.527,-87.7192,7.46,-0.0759,1.7759
6.4876,0.9777,0.9994,2.6678,-87.4697,7.47,-0.0755,1.7661
6.4975,0.9877,1.0004,2.8164,-87.2326,7.48,-0.075,1.7563
6.5075,0.9973,0.9644,2.9731,-87.0073,7.49,-0.0745,1.7463
6.5175,1,0.2677,3.1374,-86.7939,7.5,-0.0739,1.7363
6.5275,1,0,3.3097,-86.5924,7.51,-0.0733,1.7264
6.5375,1,0,3.4898,-86.4025,7.52,-0.0727,1.7164
6.5475,1,0,3.679,-86.2232,7.53,-0.0721,1.7064
6.5575,1,0,3.8768,-86.054,7.54,-0.0714,1.6964
6.5675,1,0,4.0852,-85.8941,7.55,-0.0707,1.6864
6.5775,1,0,4.3037,-85.7429,7.56,-0.0699,1.6765
6.5875,1,0,4.5334,-85.6001,7.57,-0.0691,1.6665
6.5975,1,0,4.7754,-85.465,7.58,-0.0684,1.6565
6.6075,1,0,5.0311,-85.3371,7.59,-0.0675,1.6466
6.6175,1,0,5.3004,-85.2162,7.6,-0.0667,1.6366
6.6275,1,0,5.5851,-85.1017,7.61,-0.0659,1.6266
6.6375,1,0,5.886,-84.9935,7.62,-0.065,1.6167
6.6475,1,0,6.206,-84.8911,7.63,-0.0641,1.6067
6.6575,1,0,6.5451,-84.7942,7.64,-0.0632,1.5968
6.6675,1,0,6.9064,-84.7025,7.65,-0.0623,1.5868
6.6775,1,0,7.2935,-84.6159,7.66,-0.0613,1.5768
6.6875,1,0,7.7049,-84.534,7.67,-0.0604,1.5669
6.6975,1,0,8.1458,-84.4567,7.68,-0.0594,1.5569
6.7075,1,0,8.6201,-84.3837,7.69,-0.0584,1.547
6.7175,1,0,9.1316,-84.3149,7.7,-0.0574,1.537
6.7275,1,0,9.6819,-84.2501,7.71,-0.0564,1.5271
6.7375,1,0,10.2775,-84.1891,7.72,-0.0554,1.5171
6.7475,1,0,10.9302,-84.1317,7.73,-0.0544,1.5072
6.7575,1,0,11.6392,-84.0778,7.74,-0.0534,1.4972
6.7675,1,0,12.4201,-84.0273,7.75,-0.0523,1.4873
6.7775,1,0,13.2817,-83.9801,7.76,-0.0513,1.4773
6.7875,1,0,14.2261,-83.9359,7.77,-0.0502,1.4674
6.7975,1,0,15.2884,-83.8948,7.78,-0.0492,1.4575
6.8075,1,0,16.4714,-83.8566,7.79,-0.0481,1.4475
6.8175,1,0,17.8223,-83.8212,7.8,-0.047,1.4376
6.8275,1,0,19.3314,-83.7885,7.81,-0.0459,1.4276
6.8375,1,0,21.0849,-83.7584,7.82,-0.0448,1.4177
6.8475,1,0,23.1188,-83.7309,7.83,-0.0437,1.4078
6.8575,1,0,25.5257,-83.7058,7.84,-0.0427,1.3978
6.8675,1,0,28.4068,-83.6831,7.85,-0.0416,1.3879
6.8775,1,0,31.8987,-83.6627,7.86,-0.0404,1.3779
6.8875,1,0,36.2721,-83.6445,7.87,-0.0393,1.368
6.8975,1,0,41.7433,-83.6286,7.88,-0.0382,1.3581
6.9075,1,0,49.0776,-83.6147,7.89,-0.0371,1.3481
6.9175,1,0,59.441,-83.603,7.9,-0.036,1.3382
6.9275,1,0,73.6727,-83.5932,7.91,-0.0349,1.3283
6.9375,1,0,98.7062,-83.5855,7.92,-0.0338,1.3183
6.9475,1,0,142.9347,-83.5796,7.93,-0.0327,1.3084
6.9575,1,0,258.8826,-83.5756,7.94,-0.0315,1.2984
6.9675,1,0,Infinity,-83.5735,7.95,-0.0304,1.2885
6.9775,1,0,369.9496,-83.5731,7.96,-0.0293,1.2786
6.9875,1,0,186.082,-83.5745,7.97,-0.0282,1.2686
6.9975,1,0,118.3932,-83.5776,7.98,-0.0271,1.2587
7.0075,1,0,90.0116,-83.5824,7.99,-0.0259,1.2487
7.0175,1,0,70.9371,-83.5888,8,-0.0248,1.2388
7.0275,1,0,59.8351,-83.5969,8.01,-0.0237,1.2289
7.0375,1,0,51.3906,-83.6066,8.02,-0.0226,1.2189
7.0475,1,0,45.2019,-83.6178,8.03,-0.0215,1.209
7.0575,1,0,40.4442,-83.6305,8.04,-0.0204,1.199
7.0675,1,0,36.6586,-83.6448,8.05,-0.0193,1.1891
7.0775,1,0,33.5675,-83.6606,8.06,-0.0182,1.1792
7.0875,1,0,30.9912,-83.6778,8.07,-0.0171,1.1692
7.0975,1,0,28.8081,-83.6964,8.08,-0.016,1.1593
7.1075,1,0,26.9328,-83.7165,8.09,-0.0149,1.1494
7.1175,1,0,25.3029,-83.738,8.1,-0.0138,1.1394
7.1275,1,0,23.9146,-83.7609,8.11,-0.0127,1.1295
7.1375,1,0,22.6417,-83.7852,8.12,-0.0116,1.1195
7.1475,1,0,21.537,-83.8108,8.13,-0.0105,1.1096
7.1575,1,0,20.5401,-83.8378,8.14,-0.0095,1.0997
7.1675,1,0,19.6361,-83.8661,8.15,-0.0084,1.0897
7.1775,1,0,18.822,-83.8957,8.16,-0.0073,1.0798
7.1875,1,0,18.0756,-83.9266,8.17,-0.0063,1.0698
7.1975,1,0,17.3964,-83.9588,8.18,-0.0052,1.0599
7.2075,1,0,16.768,-83.9923,8.19,-0.0042,1.0499
7.2175,1,0,16.1852,-84.0271,8.2,-0.0031,1.04
7.2275,1,0,15.6484,-84.0632,8.21,-0.0021,1.0301
7.2375,1,0,15.1521,-84.1004,8.22,-0.0011,1.0201
7.2475,1,0,14.6825,-84.139,8.23,0,1.0101
7.2575,1,0,14.2501,-84.1789,8.24,0.001,1.0002
7.2675,1,0,13.8427,-84.2199,8.25,0.002,0.9902
7.2775,1,0,13.4617,-84.2622,8.26,0.003,0.9803
7.2875,1,0,13.1013,-84.3057,8.27,0.004,0.9703
7.2975,1,0,12.7597,-84.3504,8.28,0.005,0.9604
7.3075,1,0,12.4383,-84.3964,8.29,0.0059,0.9504
7.3175,1,0,12.1327,-84.4435,8.3,0.0069,0.9405
7.3275,1,0,11.8418,-84.4919,8.31,0.0079,0.9305
7.3375,1,0,11.5645,-84.5416,8.32,0.0088,0.9206
7.3475,1,0,11.3019,-84.5924,8.33,0.0098,0.9106
7.3575,1,0,11.0525,-84.6445,8.34,0.0107,0.9007
7.3675,1,0,10.8105,-84.6977,8.35,0.0116,0.8907
7.3775,1,0,10.5819,-84.7522,8.36,0.0125,0.8808
7.3875,1,0,10.3611,-84.8078,8.37,0.0134,0.8708
7.3975,1,0,10.1507,-84.8647,8.38,0.0143,0.8608
7.4075,1,0,9.9472,-84.9228,8.39,0.0152,0.8509
7.4175,1,0,9.7527,-84.9821,8.4,0.0161,0.8409
7.4275,1,0,9.5634,-85.0427,8.41,0.0169,0.8309
7.4375,1,0,9.3833,-85.1046,8.42,0.0178,0.821
7.4475,1,0,9.2086,-85.1676,8.43,0.0186,0.811
7.4575,1,0,9.0393,-85.2318,8.44,0.0195,0.8011
7.4675,1,0,8.876,-85.2973,8.45,0.0203,0.7911
7.4775,1,0,8.7183,-85.364,8.46,0.0211,0.7811
7.4875,1,0,8.5652,-85.432,8.47,0.0219,0.7712
7.4975,1,0,8.4158,-85.5014,8.48,0.0227,0.7612
7.5075,1,0,8.2715,-85.5719,8.49,0.0235,0.7512
7.5175,1,0,8.1319,-85.6437,8.5,0.0242,0.7412
7.5275,1,0,7.9969,-85.7167,8.51,0.025,0.7313
7.5375,1,0,7.8637,-85.7911,8.52,0.0257,0.7213
7.5475,1,0,7.736,-85.8668,8.53,0.0264,0.7113
7.5575,1,0,7.6106,-85.9437,8.54,0.0271,0.7013
7.5675,1,0,7.4887,-86.0221,8.55,0.0278,0.6914
7.5775,1,0,7.3695,-86.1016,8.56,0.0285,0.6814
7.5875,1,0,7.2536,-86.1826,8.57,0.0292,0.6714
7.5975,1,0,7.1403,-86.265,8.58,0.0298,0.6614
7.6075,1,0,7.03,-86.3487,8.59,0.0305,0.6515
7.6175,1,0,6.9219,-86.4337,8.6,0.0311,0.6415
7.6275,1,0,6.8165,-86.52,8.61,0.0317,0.6315
7.6375,1,0,6.7132,-86.6078,8.62,0.0323,0.6215
7.6475,1,0,6.6123,-86.697,8.63,0.0328,0.6115
7.6575,1,0,6.5133,-86.7877,8.64,0.0334,0.6016
7.6675,1,0,6.4166,-86.8798,8.65,0.034,0.5916
7.6775,1,0,6.3217,-86.9734,8.66,0.0345,0.5816
7.6875,1,0,6.2288,-87.0684,8.67,0.035,0.5716
7.6975,1,0,6.1374,-87.1649,8.68,0.0355,0.5616
7.7075,1,0,6.0482,-87.263,8.69,0.036,0.5516
7.7175,1,0,5.9604,-87.3626,8.7,0.0364,0.5416
7.7275,1,0,5.8745,-87.4636,8.71,0.0369,0.5316
7.7375,1,0,5.7898,-87.5662,8.72,0.0373,0.5216
7.7475,1,0,5.7067,-87.6704,8.73,0.0377,0.5117
7.7575,1,0,5.6253,-87.7762,8.74,0.0381,0.5017
7.7674,0.997,-0.3044,5.5452,-87.8835,8.75,0.0385,0.4917
7.7773,0.9872,-0.9753,5.4672,-87.9918,8.76,0.0388,0.4818
7.7871,0.9772,-1.0007,5.3916,-88.1006,8.77,0.0391,0.4721
7.7968,0.9672,-1.0007,5.3179,-88.2098,8.78,0.0394,0.4624
7.8063,0.9572,-0.9993,5.2458,-88.3194,8.79,0.0397,0.4528
7.8158,0.9472,-1.0007,5.1758,-88.4295,8.8,0.04,0.4434
7.8252,0.9372,-0.9993,5.1076,-88.5399,8.81,0.0402,0.434
7.8345,0.9272,-0.9993,5.0409,-88.6509,8.82,0.0404,0.4247
7.8436,0.9172,-1.0008,4.9759,-88.7623,8.83,0.0406,0.4156
7.8527,0.9072,-0.9993,4.9124,-88.8739,8.84,0.0408,0.4065
7.8617,0.8972,-1.0008,4.8507,-88.9858,8.85,0.041,0.3975
7.8705,0.8872,-1.0008,4.7905,-89.0978,8.86,0.0411,0.3887
7.8793,0.8772,-0.9978,4.7314,-89.2102,8.87,0.0412,0.3799
7.888,0.8672,-1.0024,4.6741,-89.3228,8.88,0.0413,0.3712
7.8966,0.8572,-0.9977,4.6179,-89.4355,8.89,0.0414,0.3626
7.905,0.8472,-1.0024,4.5632,-89.5484,8.9,0.0415,0.3542
7.9134,0.8372,-0.9977,4.5095,-89.6613,8.91,0.0415,0.3458
7.9217,0.8272,-1.0009,4.4574,-89.7745,8.92,0.0416,0.3375
7.9298,0.8172,-1.0009,4.4063,-89.8875,8.93,0.0416,0.3293
7.9379,0.8072,-0.9992,4.3565,-90.0005,8.94,0.0416,0.3213
7.9459,0.7972,-0.9992,4.3077,-90.1137,8.95,0.0416,0.3133
7.9538,0.7872,-1.0009,4.2601,-90.2268,8.96,0.0415,0.3054
7.9615,0.7772,-1.0009,4.2137,-90.3396,8.97,0.0415,0.2977
7.9692,0.7672,-0.9975,4.168,-90.4525,8.98,0.0414,0.29
7.9768,0.7572,-1.0027,4.1238,-90.5652,8.99,0.0413,0.2824
7.9842,0.7472,-0.9992,4.0804,-90.6775,9,0.0413,0.2749
7.9916,0.7372,-0.9991,4.038,-90.7898,9.01,0.0412,0.2676
7.9989,0.7272,-1.0009,3.9966,-90.9018,9.02,0.041,0.2603
8.0061,0.7172,-0.9991,3.9561,-91.0136,9.03,0.0409,0.2531
8.0131,0.7072,-1.0009,3.9166,-91.125,9.04,0.0408,0.2461
8.0201,0.6972,-0.999,3.8779,-91.236,9.05,0.0406,0.2391
8.027,0.6872,-1.0009,3.8401,-91.3466,9.06,0.0405,0.2322
8.0337,0.6772,-1.0009,3.8033,-91.4566,9.07,0.0403,0.2255
8.0404,0.6672,-0.997,3.7672,-91.5664,9.08,0.0401,0.2188
8.047,0.6572,-1.0029,3.732,-91.6756,9.09,0.0399,0.2122
8.0535,0.6472,-0.9989,3.6976,-91.7841,9.1,0.0397,0.2057
8.0598,0.6372,-0.9989,3.664,-91.8923,9.11,0.0395,0.1994
8.0661,0.6272,-1.003,3.6313,-91.9996,9.12,0.0393,0.1931
8.0723,0.6172,-0.9967,3.5992,-92.1063,9.13,0.0391,0.1869
8.0784,0.6072,-1.0009,3.5679,-92.2126,9.14,0.0388,0.1809
8.0843,0.5972,-1.0009,3.5373,-92.3179,9.15,0.0386,0.1749
8.0902,0.5872,-1.0009,3.5076,-92.4223,9.16,0.0383,0.169
8.096,0.5772,-0.9987,3.4785,-92.5259,9.17,0.0381,0.1633
8.1016,0.5672,-0.9986,3.4501,-92.629,9.18,0.0378,0.1576
8.1072,0.5572,-1.0032,3.4224,-92.7309,9.19,0.0376,0.152
8.1127,0.5472,-0.9962,3.3953,-92.832,9.2,0.0373,0.1466
8.1181,0.5372,-1.0033,3.369,-92.9322,9.21,0.037,0.1412
8.1233,0.5272,-0.9984,3.3433,-93.0312,9.22,0.0367,0.1359
8.1285,0.5172,-1.0009,3.3182,-93.1292,9.23,0.0364,0.1308
8.1336,0.5072,-0.9983,3.2938,-93.2263,9.24,0.0362,0.1257
8.1386,0.4972,-1.0008,3.27,-93.3223,9.25,0.0359,0.1207
8.1434,0.4872,-1.0008,3.2468,-93.4169,9.26,0.0356,0.1159
8.1482,0.4772,-1.0009,3.2243,-93.5102,9.27,0.0353,0.1111
8.1529,0.4672,-0.9981,3.2023,-93.6024,9.28,0.035,0.1065
8.1574,0.4572,-1.0008,3.1809,-93.6934,9.29,0.0347,0.1019
8.1619,0.4472,-0.9979,3.1601,-93.7832,9.3,0.0344,0.0974
8.1663,0.4372,-1.0037,3.14,-93.8715,9.31,0.0341,0.0931
8.1705,0.4272,-0.9978,3.1203,-93.9583,9.32,0.0338,0.0888
8.1747,0.4172,-0.9977,3.101,-94.0441,9.3301,0.0335,0.0846
8.1788,0.4072,-1.0039,3.0826,-94.1282,9.34,0.0332,0.0806
8.1828,0.3972,-0.9976,3.0645,-94.2108,9.35,0.0329,0.0766
8.1866,0.3872,-1.0007,3.047,-94.2919,9.3601,0.0326,0.0728
8.1904,0.3772,-1.0007,3.0301,-94.3714,9.37,0.0324,0.069
8.1941,0.3672,-1.0008,3.0137,-94.4492,9.38,0.0321,0.0653
8.1977,0.3572,-0.9972,2.9977,-94.5254,9.3901,0.0318,0.0618
8.2011,0.3471,-1.0006,2.9823,-94.6002,9.4001,0.0315,0.0583
8.2045,0.3371,-1.0007,2.9674,-94.6731,9.4101,0.0312,0.0549
8.2078,0.3271,-1.0007,2.953,-94.7442,9.4201,0.031,0.0517
8.2109,0.3172,-1.0007,2.9392,-94.8135,9.43,0.0307,0.0485
8.214,0.3072,-1.0008,2.9258,-94.8809,9.44,0.0304,0.0455
8.217,0.2972,-0.9965,2.9128,-94.9466,9.45,0.0302,0.0425
8.2199,0.2872,-1.0006,2.9003,-95.0106,9.4601,0.0299,0.0396
8.2226,0.2771,-1.0006,2.8883,-95.0727,9.4701,0.0297,0.0369
8.2253,0.2671,-1.0006,2.8768,-95.1327,9.4801,0.0295,0.0342
8.2279,0.2572,-1.0007,2.8658,-95.1908,9.49,0.0292,0.0317
8.2303,0.2472,-1.0007,2.8553,-95.2468,9.5,0.029,0.0292
8.2327,0.2372,-0.9953,2.8451,-95.301,9.5101,0.0288,0.0268
8.235,0.2272,-1.0061,2.8355,-95.3531,9.52,0.0286,0.0246
8.2372,0.2172,-0.9949,2.8262,-95.4031,9.5301,0.0284,0.0224
8.2392,0.2071,-1.0004,2.8175,-95.4513,9.5401,0.0282,0.0203
8.2412,0.1971,-1.0004,2.8091,-95.4972,9.5501,0.028,0.0184
8.2431,0.1871,-1.0004,2.8012,-95.5411,9.5601,0.0278,0.0165
8.2449,0.1771,-1.0005,2.7937,-95.5827,9.5701,0.0276,0.0148
8.2465,0.1671,-1.0005,2.7867,-95.6221,9.5801,0.0275,0.0131
8.2481,0.1571,-1.0006,2.7802,-95.6593,9.5901,0.0273,0.0115
8.2496,0.1471,-1.0007,2.774,-95.6942,9.6001,0.0272,0.0101
8.2509,0.1371,-1.0008,2.7683,-95.7269,9.61,0.027,0.0087
8.2522,0.1271,-0.9908,2.763,-95.7576,9.6202,0.0269,0.0074
8.2534,0.1171,-1.0107,2.7581,-95.786,9.6301,0.0268,0.0063
8.2544,0.1072,-1.0014,2.7537,-95.8118,9.64,0.0267,0.0052
8.2554,0.0971,-0.9882,2.7496,-95.8356,9.6501,0.0266,0.0042
8.2563,0.087,-0.9991,2.746,-95.8574,9.6603,0.0265,0.0034
8.2571,0.077,-1.0164,2.7429,-95.8765,9.6701,0.0264,0.0026
8.2577,0.067,-0.9835,2.74,-95.8934,9.6803,0.0263,0.0019
8.2583,0.0571,-1.0226,2.7377,-95.9078,9.69,0.0263,0.0014
8.2588,0.0471,-0.978,2.7358,-95.9199,9.7002,0.0262,0.0009
8.2592,0.0369,-0.996,2.7342,-95.93,9.7104,0.0262,0.0005
8.2594,0.0265,-0.9904,2.733,-95.9377,9.7209,0.0262,0.0003
8.2596,0.0157,-0.9642,2.7323,-95.943,9.7322,0.0261,0.0001
8.2597,0.005,-1.0607,2.7322,-95.9457,9.7422,0.0261,0